001000006,구서IC,경부고속도로,10,129097561.5,35250657.4,1287213263,예제IC~예제IC 75km/h 10분 소요,예제IC~예제IC 75km/h 10분 소요,50,50,reserved1,reserved2
001000043,부산TG,경부고속도로,10,129105220.9,35281441.1,1287213263,예제IC~예제IC 75km/h 10분 소요,예제IC~예제IC 75km/h 10분 소요,50,50,reserved1,reserved2
001000130,양산JC,경부고속도로,10,129039747.6,35336549,1287213263,예제IC~예제IC 75km/h 10분 소요,예제IC~예제IC 75km/h 10분 소요,50,50,reserved1,reserved2
001000179,양산IC,경부고속도로,10,129051220.8,35376569.6,1287213263,예제IC~예제IC 75km/h 10분 소요,예제IC~예제IC 75km/h 10분 소요,50,50,reserved1,reserved2
001000321,통도사IC,경부고속도로,10,129096539.6,35501685.6,1287213263,예제IC~예제IC 75km/h 10분 소요,예제IC~예제IC 75km/h 10분 소요,50,50,reserved1,reserved2
001000388,서울산IC,경부고속도로,10,129124873.5,35555569.3,1287213263,예제IC~예제IC 75km/h 10분 소요,예제IC~예제IC 75km/h 10분 소요,50,50,reserved1,reserved2
001000405,언양JC,경부고속도로,10,129130944.5,35570036.9,1287213263,예제IC~예제IC 75km/h 10분 소요,예제IC~예제IC 75km/h 10분 소요,50,50,reserved1,reserved2
001000440,언양휴게소,경부고속도로,10,129141540.6,35600507,1287213263,예제IC~예제IC 75km/h 10분 소요,예제IC~예제IC 75km/h 10분 소요,50,50,reserved1,reserved2
001000683,경주IC,경부고속도로,10,129184442.8,35807986.5,1287213263,예제IC~예제IC 75km/h 10분 소요,예제IC~예제IC 75km/h 10분 소요,50,50,reserved1,reserved2
001000760,건천휴게소,경부고속도로,10,129108537.3,35831071.4,1287213263,예제IC~예제IC 75km/h 10분 소요,예제IC~예제IC 75km/h 10분 소요,50,50,reserved1,reserved2
001000787,건천IC,경부고속도로,10,129085070.2,35844270,1287213263,예제IC~예제IC 75km/h 10분 소요,예제IC~예제IC 75km/h 10분 소요,50,50,reserved1,reserved2
001000964,영천IC,경부고속도로,10,128951415.5,35922420.6,1287213263,예제IC~예제IC 75km/h 10분 소요,예제IC~예제IC 75km/h 10분 소요,50,50,reserved1,reserved2
001001056,평사휴게소,경부고속도로,10,128867296.2,35886490.7,1287213263,예제IC~예제IC 75km/h 10분 소요,예제IC~예제IC 75km/h 10분 소요,50,50,reserved1,reserved2
001001109,경산휴게소,경부고속도로,10,128810259.1,35878077.2,1287213263,예제IC~예제IC 75km/h 10분 소요,예제IC~예제IC 75km/h 10분 소요,50,50,reserved1,reserved2
001001128,경산IC,경부고속도로,10,128788766.8,35876960.6,1287213263,예제IC~예제IC 75km/h 10분 소요,예제IC~예제IC 75km/h 10분 소요,50,50,reserved1,reserved2
001001221,동대구JC,경부고속도로,10,128694467.4,35885834.9,1287213263,예제IC~예제IC 75km/h 10분 소요,예제IC~예제IC 75km/h 10분 소요,50,50,reserved1,reserved2
001001262,도동JC,경부고속도로,10,128657890.8,35913966.7,1287213263,예제IC~예제IC 75km/h 10분 소요,예제IC~예제IC 75km/h 10분 소요,50,50,reserved1,reserved2
001001300,검단IC,경부고속도로,10,128623027.5,35917057.3,1287213263,예제IC~예제IC 75km/h 10분 소요,예제IC~예제IC 75km/h 10분 소요,50,50,reserved1,reserved2
001001339,북대구IC,경부고속도로,10,128577797.9,35908491.9,1287213263,예제IC~예제IC 75km/h 10분 소요,예제IC~예제IC 75km/h 10분 소요,50,50,reserved1,reserved2
001001394,금호JC,경부고속도로,10,128521137.3,35893355.4,1287213263,예제IC~예제IC 75km/h 10분 소요,예제IC~예제IC 75km/h 10분 소요,50,50,reserved1,reserved2
001001533,왜관IC,경부고속도로,10,128432465.1,35977195.2,1287213263,예제IC~예제IC 75km/h 10분 소요,예제IC~예제IC 75km/h 10분 소요,50,50,reserved1,reserved2
001001570,칠곡휴게소,경부고속도로,10,128428524.2,36009477.7,1287213263,예제IC~예제IC 75km/h 10분 소요,예제IC~예제IC 75km/h 10분 소요,50,50,reserved1,reserved2
001001673,남구미IC,경부고속도로,10,128368649.8,36069941.8,1287213263,예제IC~예제IC 75km/h 10분 소요,예제IC~예제IC 75km/h 10분 소요,50,50,reserved1,reserved2
001001723,구미IC,경부고속도로,10,128360706.1,36109291,1287213263,예제IC~예제IC 75km/h 10분 소요,예제IC~예제IC 75km/h 10분 소요,50,50,reserved1,reserved2
001001839,김천JC,경부고속도로,10,128256539,36161436.2,1287213263,예제IC~예제IC 75km/h 10분 소요,예제IC~예제IC 75km/h 10분 소요,50,50,reserved1,reserved2
001002003,김천IC,경부고속도로,10,128096272,36133684.2,1287213263,예제IC~예제IC 75km/h 10분 소요,예제IC~예제IC 75km/h 10분 소요,50,50,reserved1,reserved2
001002122,추풍령IC,경부고속도로,10,128002283.2,36195893.9,1287213263,예제IC~예제IC 75km/h 10분 소요,예제IC~예제IC 75km/h 10분 소요,50,50,reserved1,reserved2
001002224,황간IC,경부고속도로,10,127903235.5,36221205.9,1287213263,예제IC~예제IC 75km/h 10분 소요,예제IC~예제IC 75km/h 10분 소요,50,50,reserved1,reserved2
001002296,황간휴게소,경부고속도로,10,127853669.4,36250459.4,1287213263,예제IC~예제IC 75km/h 10분 소요,예제IC~예제IC 75km/h 10분 소요,50,50,reserved1,reserved2
001002323,영동IC,경부고속도로,10,127835376.3,36267827.6,1287213263,예제IC~예제IC 75km/h 10분 소요,예제IC~예제IC 75km/h 10분 소요,50,50,reserved1,reserved2
001002483,금강IC,경부고속도로,10,127672918.3,36279701.2,1287213263,예제IC~예제IC 75km/h 10분 소요,예제IC~예제IC 75km/h 10분 소요,50,50,reserved1,reserved2
001002557,옥천휴게소,경부고속도로,10,127596077.9,36297893.9,1287213263,예제IC~예제IC 75km/h 10분 소요,예제IC~예제IC 75km/h 10분 소요,50,50,reserved1,reserved2
001002597,옥천IC,경부고속도로,10,127559130.4,36316187.7,1287213263,예제IC~예제IC 75km/h 10분 소요,예제IC~예제IC 75km/h 10분 소요,50,50,reserved1,reserved2
001002684,비룡JC,경부고속도로,10,127479291,36345474,1287213263,예제IC~예제IC 75km/h 10분 소요,예제IC~예제IC 75km/h 10분 소요,50,50,reserved1,reserved2
001002719,대전IC,경부고속도로,10,127452696.3,36361525.3,1287213263,예제IC~예제IC 75km/h 10분 소요,예제IC~예제IC 75km/h 10분 소요,50,50,reserved1,reserved2
001002779,회덕JC,경부고속도로,10,127419491.3,36405050.9,1287213263,예제IC~예제IC 75km/h 10분 소요,예제IC~예제IC 75km/h 10분 소요,50,50,reserved1,reserved2
001002806,신탄진휴게소,경부고속도로,10,127417098.5,36428244.2,1287213263,예제IC~예제IC 75km/h 10분 소요,예제IC~예제IC 75km/h 10분 소요,50,50,reserved1,reserved2
001002820,신탄진IC,경부고속도로,10,127419573.5,36437539,1287213263,예제IC~예제IC 75km/h 10분 소요,예제IC~예제IC 75km/h 10분 소요,50,50,reserved1,reserved2
001002878,죽암휴게소,경부고속도로,10,127430287.7,36486922,1287213263,예제IC~예제IC 75km/h 10분 소요,예제IC~예제IC 75km/h 10분 소요,50,50,reserved1,reserved2
001002889,죽암휴게소,경부고속도로,10,127429451.1,36498905.3,1287213263,예제IC~예제IC 75km/h 10분 소요,예제IC~예제IC 75km/h 10분 소요,50,50,reserved1,reserved2
001002931,청원IC,경부고속도로,10,127430768,36536696.2,1287213263,예제IC~예제IC 75km/h 10분 소요,예제IC~예제IC 75km/h 10분 소요,50,50,reserved1,reserved2
001003005,남이JC,경부고속도로,10,127419766.2,36598274.9,1287213263,예제IC~예제IC 75km/h 10분 소요,예제IC~예제IC 75km/h 10분 소요,50,50,reserved1,reserved2
001003051,청주IC,경부고속도로,10,127383300.5,36626204.4,1287213263,예제IC~예제IC 75km/h 10분 소요,예제IC~예제IC 75km/h 10분 소요,50,50,reserved1,reserved2
001003086,옥산휴게소,경부고속도로,10,127371781.1,36656308.2,1287213263,예제IC~예제IC 75km/h 10분 소요,예제IC~예제IC 75km/h 10분 소요,50,50,reserved1,reserved2
001003166,청원휴게소,경부고속도로,10,127344415.9,36716902.7,1287213263,예제IC~예제IC 75km/h 10분 소요,예제IC~예제IC 75km/h 10분 소요,50,50,reserved1,reserved2
001003242,천안휴게소,경부고속도로,10,127264203.6,36731271.3,1287213263,예제IC~예제IC 75km/h 10분 소요,예제IC~예제IC 75km/h 10분 소요,50,50,reserved1,reserved2
001003299,목천IC,경부고속도로,10,127217928.2,36759555.5,1287213263,예제IC~예제IC 75km/h 10분 소요,예제IC~예제IC 75km/h 10분 소요,50,50,reserved1,reserved2
001003334,천안JC,경부고속도로,10,127181847.2,36769072.2,1287213263,예제IC~예제IC 75km/h 10분 소요,예제IC~예제IC 75km/h 10분 소요,50,50,reserved1,reserved2
001003357,천안삼휴게소,경부고속도로,10,127172187.1,36787993.9,1287213263,예제IC~예제IC 75km/h 10분 소요,예제IC~예제IC 75km/h 10분 소요,50,50,reserved1,reserved2
001003401,천안IC,경부고속도로,10,127168631.3,36826207.5,1287213263,예제IC~예제IC 75km/h 10분 소요,예제IC~예제IC 75km/h 10분 소요,50,50,reserved1,reserved2
001003436,망향휴게소,경부고속도로,10,127182478.6,36855288.1,1287213263,예제IC~예제IC 75km/h 10분 소요,예제IC~예제IC 75km/h 10분 소요,50,50,reserved1,reserved2
001003535,입장휴게소,경부고속도로,10,127189509.7,36943694.3,1287213263,예제IC~예제IC 75km/h 10분 소요,예제IC~예제IC 75km/h 10분 소요,50,50,reserved1,reserved2
001003601,안성IC,경부고속도로,10,127153825.8,36995192.1,1287213263,예제IC~예제IC 75km/h 10분 소요,예제IC~예제IC 75km/h 10분 소요,50,50,reserved1,reserved2
001003613,안성휴게소,경부고속도로,10,127149930.9,37005532.1,1287213263,예제IC~예제IC 75km/h 10분 소요,예제IC~예제IC 75km/h 10분 소요,50,50,reserved1,reserved2
001003649,안성JC,경부고속도로,10,127137922.4,37039841.4,1287213263,예제IC~예제IC 75km/h 10분 소요,예제IC~예제IC 75km/h 10분 소요,50,50,reserved1,reserved2
001003690,안성휴게소,경부고속도로,10,127132648.8,37072924.6,1287213263,예제IC~예제IC 75km/h 10분 소요,예제IC~예제IC 75km/h 10분 소요,50,50,reserved1,reserved2
001003782,오산IC,경부고속도로,10,127084042.2,37143797.7,1287213263,예제IC~예제IC 75km/h 10분 소요,예제IC~예제IC 75km/h 10분 소요,50,50,reserved1,reserved2
001003865,기흥IC(동탄),경부고속도로,10,127097050.6,37216356.7,1287213263,예제IC~예제IC 75km/h 10분 소요,예제IC~예제IC 75km/h 10분 소요,50,50,reserved1,reserved2
001003872,기흥IC(구),경부고속도로,10,127100745.7,37221909.4,1287213263,예제IC~예제IC 75km/h 10분 소요,예제IC~예제IC 75km/h 10분 소요,50,50,reserved1,reserved2
001003880,기흥휴게소,경부고속도로,10,127105331.1,37228106.6,1287213263,예제IC~예제IC 75km/h 10분 소요,예제IC~예제IC 75km/h 10분 소요,50,50,reserved1,reserved2
001003924,수원IC,경부고속도로,10,127103751.7,37267152.6,1287213263,예제IC~예제IC 75km/h 10분 소요,예제IC~예제IC 75km/h 10분 소요,50,50,reserved1,reserved2
001003950,신갈JC,경부고속도로,10,127103685.8,37292305.9,1287213263,예제IC~예제IC 75km/h 10분 소요,예제IC~예제IC 75km/h 10분 소요,50,50,reserved1,reserved2
001004024,죽전휴계소,경부고속도로,10,127103299.4,37357161.1,1287213263,예제IC~예제IC 75km/h 10분 소요,예제IC~예제IC 75km/h 10분 소요,50,50,reserved1,reserved2
001004069,판교IC,경부고속도로,10,127100624.5,37397518.1,1287213263,예제IC~예제IC 75km/h 10분 소요,예제IC~예제IC 75km/h 10분 소요,50,50,reserved1,reserved2
001004080,판교JC,경부고속도로,10,127092689.4,37407672.6,1287213263,예제IC~예제IC 75km/h 10분 소요,예제IC~예제IC 75km/h 10분 소요,50,50,reserved1,reserved2
001004150,서울만남의광장휴게소,경부고속도로,10,127046941.8,37456066.8,1287213263,예제IC~예제IC 75km/h 10분 소요,예제IC~예제IC 75km/h 10분 소요,50,50,reserved1,reserved2
001004161,양재IC,경부고속도로,10,127039429.9,37463951.6,1287213263,예제IC~예제IC 75km/h 10분 소요,예제IC~예제IC 75km/h 10분 소요,50,50,reserved1,reserved2
001004187,서초IC,경부고속도로,10,127025633.7,37484242.7,1287213263,예제IC~예제IC 75km/h 10분 소요,예제IC~예제IC 75km/h 10분 소요,50,50,reserved1,reserved2
001004210,반포IC,경부고속도로,10,127018517.4,37503066.3,1287213263,예제IC~예제IC 75km/h 10분 소요,예제IC~예제IC 75km/h 10분 소요,50,50,reserved1,reserved2
001004217,잠원IC,경부고속도로,10,127016219.8,37509228.3,1287213263,예제IC~예제IC 75km/h 10분 소요,예제IC~예제IC 75km/h 10분 소요,50,50,reserved1,reserved2
010000038,순천IC,남해고속도로,100,127516314,34987165.5,1287213263,예제IC~예제IC 75km/h 10분 소요,예제IC~예제IC 75km/h 10분 소요,50,50,reserved1,reserved2
010000126,광양IC,남해고속도로,100,127603596.1,34973337.2,1287213263,예제IC~예제IC 75km/h 10분 소요,예제IC~예제IC 75km/h 10분 소요,50,50,reserved1,reserved2
010000177,동광양IC,남해고속도로,100,127651633.1,34963408.9,1287213263,예제IC~예제IC 75km/h 10분 소요,예제IC~예제IC 75km/h 10분 소요,50,50,reserved1,reserved2
010000242,옥곡IC,남해고속도로,100,127703987.9,34987004.9,1287213263,예제IC~예제IC 75km/h 10분 소요,예제IC~예제IC 75km/h 10분 소요,50,50,reserved1,reserved2
010000286,진월IC,남해고속도로,100,127747999.2,34980205.7,1287213263,예제IC~예제IC 75km/h 10분 소요,예제IC~예제IC 75km/h 10분 소요,50,50,reserved1,reserved2
010000311,섬진강휴게소,남해고속도로,100,127772563.1,34986622.2,1287213263,예제IC~예제IC 75km/h 10분 소요,예제IC~예제IC 75km/h 10분 소요,50,50,reserved1,reserved2
010000356,하동IC,남해고속도로,100,127814102.7,35002475,1287213263,예제IC~예제IC 75km/h 10분 소요,예제IC~예제IC 75km/h 10분 소요,50,50,reserved1,reserved2
010000457,진교IC,남해고속도로,100,127905535.6,35041440.3,1287213263,예제IC~예제IC 75km/h 10분 소요,예제IC~예제IC 75km/h 10분 소요,50,50,reserved1,reserved2
010000521,곤양IC,남해고속도로,100,127967912.3,35057382.6,1287213263,예제IC~예제IC 75km/h 10분 소요,예제IC~예제IC 75km/h 10분 소요,50,50,reserved1,reserved2
010000566,사천휴게소,남해고속도로,100,128010054.8,35074239.7,1287213263,예제IC~예제IC 75km/h 10분 소요,예제IC~예제IC 75km/h 10분 소요,50,50,reserved1,reserved2
010000601,축동IC,남해고속도로,100,128043306.8,35086448.6,1287213263,예제IC~예제IC 75km/h 10분 소요,예제IC~예제IC 75km/h 10분 소요,50,50,reserved1,reserved2
010000655,사천IC,남해고속도로,100,128087591,35113841.3,1287213263,예제IC~예제IC 75km/h 10분 소요,예제IC~예제IC 75km/h 10분 소요,50,50,reserved1,reserved2
010000685,진주JC,남해고속도로,100,128099128.4,35141349.9,1287213263,예제IC~예제IC 75km/h 10분 소요,예제IC~예제IC 75km/h 10분 소요,50,50,reserved1,reserved2
010000753,문산휴게소,남해고속도로,100,128152524.9,35170677.9,1287213263,예제IC~예제IC 75km/h 10분 소요,예제IC~예제IC 75km/h 10분 소요,50,50,reserved1,reserved2
010000760,문산IC,남해고속도로,100,128159948.8,35172304.8,1287213263,예제IC~예제IC 75km/h 10분 소요,예제IC~예제IC 75km/h 10분 소요,50,50,reserved1,reserved2
010000835,진성IC,남해고속도로,100,128225951,35192095.8,1287213263,예제IC~예제IC 75km/h 10분 소요,예제IC~예제IC 75km/h 10분 소요,50,50,reserved1,reserved2
010000893,지수IC,남해고속도로,100,128271914.6,35223561.2,1287213263,예제IC~예제IC 75km/h 10분 소요,예제IC~예제IC 75km/h 10분 소요,50,50,reserved1,reserved2
010000940,남강휴게소,남해고속도로,100,128278997.9,35264135.4,1287213263,예제IC~예제IC 75km/h 10분 소요,예제IC~예제IC 75km/h 10분 소요,50,50,reserved1,reserved2
010000980,군북IC,남해고속도로,100,128315058.7,35280809.2,1287213263,예제IC~예제IC 75km/h 10분 소요,예제IC~예제IC 75km/h 10분 소요,50,50,reserved1,reserved2
010001017,장지IC,남해고속도로,100,128350127.9,35291950.6,1287213263,예제IC~예제IC 75km/h 10분 소요,예제IC~예제IC 75km/h 10분 소요,50,50,reserved1,reserved2
010001063,함안IC,남해고속도로,100,128400011.5,35287774.4,1287213263,예제IC~예제IC 75km/h 10분 소요,예제IC~예제IC 75km/h 10분 소요,50,50,reserved1,reserved2
010001142,산인JC,남해고속도로,100,128480909.1,35272447,1287213263,예제IC~예제IC 75km/h 10분 소요,예제IC~예제IC 75km/h 10분 소요,50,50,reserved1,reserved2
010001172,칠원JC,남해고속도로,100,128505657.5,35282885.7,1287213263,예제IC~예제IC 75km/h 10분 소요,예제IC~예제IC 75km/h 10분 소요,50,50,reserved1,reserved2
010001265,북창원IC,남해고속도로,100,128609767.6,35285436.3,1287213263,예제IC~예제IC 75km/h 10분 소요,예제IC~예제IC 75km/h 10분 소요,50,50,reserved1,reserved2
010001296,창원JC,남해고속도로,100,128634819.5,35276092.6,1287213263,예제IC~예제IC 75km/h 10분 소요,예제IC~예제IC 75km/h 10분 소요,50,50,reserved1,reserved2
010001347,동창원IC,남해고속도로,100,128695111.3,35278077.6,1287213263,예제IC~예제IC 75km/h 10분 소요,예제IC~예제IC 75km/h 10분 소요,50,50,reserved1,reserved2
010001395,진영휴게소,남해고속도로,100,128745151.2,35270962.1,1287213263,예제IC~예제IC 75km/h 10분 소요,예제IC~예제IC 75km/h 10분 소요,50,50,reserved1,reserved2
010001434,진례IC,남해고속도로,100,128761221.4,35239636.2,1287213263,예제IC~예제IC 75km/h 10분 소요,예제IC~예제IC 75km/h 10분 소요,50,50,reserved1,reserved2
010001497,냉정JC,남해고속도로,100,128820069.1,35223787.6,1287213263,예제IC~예제IC 75km/h 10분 소요,예제IC~예제IC 75km/h 10분 소요,50,50,reserved1,reserved2
010001545,서김해IC,남해고속도로,100,128871925.4,35221150.3,1287213263,예제IC~예제IC 75km/h 10분 소요,예제IC~예제IC 75km/h 10분 소요,50,50,reserved1,reserved2
010001601,동김해IC,남해고속도로,100,128932381.5,35222410.9,1287213263,예제IC~예제IC 75km/h 10분 소요,예제IC~예제IC 75km/h 10분 소요,50,50,reserved1,reserved2
010001634,북부산TG,남해고속도로,100,128967631.2,35219585.5,1287213263,예제IC~예제IC 75km/h 10분 소요,예제IC~예제IC 75km/h 10분 소요,50,50,reserved1,reserved2
010001664,대저JC,남해고속도로,100,129000169.4,35215996.9,1287213263,예제IC~예제IC 75km/h 10분 소요,예제IC~예제IC 75km/h 10분 소요,50,50,reserved1,reserved2
012000000,고서JC,88올림픽고속도로,120,126958929.4,35228763,1287213263,예제IC~예제IC 75km/h 10분 소요,예제IC~예제IC 75km/h 10분 소요,50,50,reserved1,reserved2
012000030,담양JC,88올림픽고속도로,120,126969770.4,35254333.6,1287213263,예제IC~예제IC 75km/h 10분 소요,예제IC~예제IC 75km/h 10분 소요,50,50,reserved1,reserved2
012000066,담양IC,88올림픽고속도로,120,126979016.7,35279391.3,1287213263,예제IC~예제IC 75km/h 10분 소요,예제IC~예제IC 75km/h 10분 소요,50,50,reserved1,reserved2
012000272,순창IC,88올림픽고속도로,120,127143360.8,35361792.9,1287213263,예제IC~예제IC 75km/h 10분 소요,예제IC~예제IC 75km/h 10분 소요,50,50,reserved1,reserved2
012000401,남원휴게소,88올림픽고속도로,120,127273354.1,35387258,1287213263,예제IC~예제IC 75km/h 10분 소요,예제IC~예제IC 75km/h 10분 소요,50,50,reserved1,reserved2
012000530,남원IC,88올림픽고속도로,120,127396944.4,35428925.7,1287213263,예제IC~예제IC 75km/h 10분 소요,예제IC~예제IC 75km/h 10분 소요,50,50,reserved1,reserved2
012000682,남장수IC,88올림픽고속도로,120,127525338.3,35502425.6,1287213263,예제IC~예제IC 75km/h 10분 소요,예제IC~예제IC 75km/h 10분 소요,50,50,reserved1,reserved2
012000757,지리산휴게소,88올림픽고속도로,120,127566156.3,35481798.4,1287213263,예제IC~예제IC 75km/h 10분 소요,예제IC~예제IC 75km/h 10분 소요,50,50,reserved1,reserved2
012000778,지리산IC,88올림픽고속도로,120,127588911.9,35484047.2,1287213263,예제IC~예제IC 75km/h 10분 소요,예제IC~예제IC 75km/h 10분 소요,50,50,reserved1,reserved2
012000963,함양IC,88올림픽고속도로,120,127749555.8,35532681.2,1287213263,예제IC~예제IC 75km/h 10분 소요,예제IC~예제IC 75km/h 10분 소요,50,50,reserved1,reserved2
012000983,함양JC,88올림픽고속도로,120,127766263.9,35533036.8,1287213263,예제IC~예제IC 75km/h 10분 소요,예제IC~예제IC 75km/h 10분 소요,50,50,reserved1,reserved2
012001063,죽산휴게소,88올림픽고속도로,120,127840013.5,35562745.8,1287213263,예제IC~예제IC 75km/h 10분 소요,예제IC~예제IC 75km/h 10분 소요,50,50,reserved1,reserved2
012001220,거창IC,88올림픽고속도로,120,127929379.1,35675333.9,1287213263,예제IC~예제IC 75km/h 10분 소요,예제IC~예제IC 75km/h 10분 소요,50,50,reserved1,reserved2
012001331,가조IC,88올림픽고속도로,120,128021649.9,35702234.7,1287213263,예제IC~예제IC 75km/h 10분 소요,예제IC~예제IC 75km/h 10분 소요,50,50,reserved1,reserved2
012001365,거창휴게소,88올림픽고속도로,120,128058111.7,35707222.1,1287213263,예제IC~예제IC 75km/h 10분 소요,예제IC~예제IC 75km/h 10분 소요,50,50,reserved1,reserved2
012001501,해인사IC,88올림픽고속도로,120,128170211.4,35715434.5,1287213263,예제IC~예제IC 75km/h 10분 소요,예제IC~예제IC 75km/h 10분 소요,50,50,reserved1,reserved2
012001595,고령IC,88올림픽고속도로,120,128250859.2,35701719.4,1287213263,예제IC~예제IC 75km/h 10분 소요,예제IC~예제IC 75km/h 10분 소요,50,50,reserved1,reserved2
012001717,동고령IC,88올림픽고속도로,120,128356614.2,35752011.4,1287213263,예제IC~예제IC 75km/h 10분 소요,예제IC~예제IC 75km/h 10분 소요,50,50,reserved1,reserved2
012001830,옥포JC,88올림픽고속도로,120,128461064.3,35790422,1287213263,예제IC~예제IC 75km/h 10분 소요,예제IC~예제IC 75km/h 10분 소요,50,50,reserved1,reserved2
012100000,무안공항IC,무안광주고속도로,121,126390734.6,35002511,1287213263,예제IC~예제IC 75km/h 10분 소요,예제IC~예제IC 75km/h 10분 소요,50,50,reserved1,reserved2
012100043,북무안IC,무안광주고속도로,121,126432086.1,35013429.1,1287213263,예제IC~예제IC 75km/h 10분 소요,예제IC~예제IC 75km/h 10분 소요,50,50,reserved1,reserved2
012100066,무안공항TG,무안광주고속도로,121,126456559.1,35016998,1287213263,예제IC~예제IC 75km/h 10분 소요,예제IC~예제IC 75km/h 10분 소요,50,50,reserved1,reserved2
012100096,함평JC,무안광주고속도로,121,126485401.7,35029400.9,1287213263,예제IC~예제IC 75km/h 10분 소요,예제IC~예제IC 75km/h 10분 소요,50,50,reserved1,reserved2
012100156,동함평IC,무안광주고속도로,121,126544953.7,35050349.9,1287213263,예제IC~예제IC 75km/h 10분 소요,예제IC~예제IC 75km/h 10분 소요,50,50,reserved1,reserved2
012100207,문평IC,무안광주고속도로,121,126595380.5,35067097,1287213263,예제IC~예제IC 75km/h 10분 소요,예제IC~예제IC 75km/h 10분 소요,50,50,reserved1,reserved2
012100309,나주IC,무안광주고속도로,121,126696394.7,35101901.6,1287213263,예제IC~예제IC 75km/h 10분 소요,예제IC~예제IC 75km/h 10분 소요,50,50,reserved1,reserved2
014000000,고창JC,고창담양고속도로,140,126653062.5,35417179.5,1287213263,예제IC~예제IC 75km/h 10분 소요,예제IC~예제IC 75km/h 10분 소요,50,50,reserved1,reserved2
014000030,남고창IC,고창담양고속도로,140,126678678.7,35400380.7,1287213263,예제IC~예제IC 75km/h 10분 소요,예제IC~예제IC 75km/h 10분 소요,50,50,reserved1,reserved2
014000126,장성물류IC,고창담양고속도로,140,126762320.6,35350165.1,1287213263,예제IC~예제IC 75km/h 10분 소요,예제IC~예제IC 75km/h 10분 소요,50,50,reserved1,reserved2
014000171,장성JC,고창담양고속도로,140,126801198.2,35332452.9,1287213263,예제IC~예제IC 75km/h 10분 소요,예제IC~예제IC 75km/h 10분 소요,50,50,reserved1,reserved2
014000372,담양JC,고창담양고속도로,140,126979390.1,35252288.4,1287213263,예제IC~예제IC 75km/h 10분 소요,예제IC~예제IC 75km/h 10분 소요,50,50,reserved1,reserved2
014000423,대덕JC,고창담양고속도로,140,127030211.7,35248001.4,1287213263,예제IC~예제IC 75km/h 10분 소요,예제IC~예제IC 75km/h 10분 소요,50,50,reserved1,reserved2
015000000,목포IC,서해안고속도로,150,126421434.1,34841430.9,1287213263,예제IC~예제IC 75km/h 10분 소요,예제IC~예제IC 75km/h 10분 소요,50,50,reserved1,reserved2
015000063,일로IC,서해안고속도로,150,126481586,34858250.5,1287213263,예제IC~예제IC 75km/h 10분 소요,예제IC~예제IC 75km/h 10분 소요,50,50,reserved1,reserved2
015000235,무안IC,서해안고속도로,150,126492215.7,35007468.2,1287213263,예제IC~예제IC 75km/h 10분 소요,예제IC~예제IC 75km/h 10분 소요,50,50,reserved1,reserved2
015000305,함평휴게소,서해안고속도로,150,126479491.5,35069453.2,1287213263,예제IC~예제IC 75km/h 10분 소요,예제IC~예제IC 75km/h 10분 소요,50,50,reserved1,reserved2
015000338,함평IC,서해안고속도로,150,126481638.1,35099143.7,1287213263,예제IC~예제IC 75km/h 10분 소요,예제IC~예제IC 75km/h 10분 소요,50,50,reserved1,reserved2
015000373,함평휴게소,서해안고속도로,150,126481084.3,35130679.4,1287213263,예제IC~예제IC 75km/h 10분 소요,예제IC~예제IC 75km/h 10분 소요,50,50,reserved1,reserved2
015000581,영광IC,서해안고속도로,150,126557559.8,35298763.3,1287213263,예제IC~예제IC 75km/h 10분 소요,예제IC~예제IC 75km/h 10분 소요,50,50,reserved1,reserved2
015000741,고창휴게소,서해안고속도로,150,126652126.5,35416087.4,1287213263,예제IC~예제IC 75km/h 10분 소요,예제IC~예제IC 75km/h 10분 소요,50,50,reserved1,reserved2
015000769,고창IC,서해안고속도로,150,126663693.3,35439411.3,1287213263,예제IC~예제IC 75km/h 10분 소요,예제IC~예제IC 75km/h 10분 소요,50,50,reserved1,reserved2
015000796,고창고인돌휴게소,서해안고속도로,150,126672034.3,35462732.6,1287213263,예제IC~예제IC 75km/h 10분 소요,예제IC~예제IC 75km/h 10분 소요,50,50,reserved1,reserved2
015000802,고창고인돌휴게소,서해안고속도로,150,126674507.7,35467749.2,1287213263,예제IC~예제IC 75km/h 10분 소요,예제IC~예제IC 75km/h 10분 소요,50,50,reserved1,reserved2
015000849,선운산IC,서해안고속도로,150,126683311.2,35509289.4,1287213263,예제IC~예제IC 75km/h 10분 소요,예제IC~예제IC 75km/h 10분 소요,50,50,reserved1,reserved2
015000947,줄포IC,서해안고속도로,150,126696596.3,35596516.2,1287213263,예제IC~예제IC 75km/h 10분 소요,예제IC~예제IC 75km/h 10분 소요,50,50,reserved1,reserved2
015001109,부안IC,서해안고속도로,150,126768888,35726278.6,1287213263,예제IC~예제IC 75km/h 10분 소요,예제IC~예제IC 75km/h 10분 소요,50,50,reserved1,reserved2
015001248,서김제IC,서해안고속도로,150,126839502.6,35834229.8,1287213263,예제IC~예제IC 75km/h 10분 소요,예제IC~예제IC 75km/h 10분 소요,50,50,reserved1,reserved2
015001374,동군산IC,서해안고속도로,150,126834103.5,35945205.8,1287213263,예제IC~예제IC 75km/h 10분 소요,예제IC~예제IC 75km/h 10분 소요,50,50,reserved1,reserved2
015001416,군산휴게소,서해안고속도로,150,126829681.9,35981599.1,1287213263,예제IC~예제IC 75km/h 10분 소요,예제IC~예제IC 75km/h 10분 소요,50,50,reserved1,reserved2
015001458,군산IC,서해안고속도로,150,126799042.3,36009812.4,1287213263,예제IC~예제IC 75km/h 10분 소요,예제IC~예제IC 75km/h 10분 소요,50,50,reserved1,reserved2
015001470,군산휴게소,서해안고속도로,150,126795626.9,36020258.2,1287213263,예제IC~예제IC 75km/h 10분 소요,예제IC~예제IC 75km/h 10분 소요,50,50,reserved1,reserved2
015001520,동서천JC,서해안고속도로,150,126772487.7,36058305.1,1287213263,예제IC~예제IC 75km/h 10분 소요,예제IC~예제IC 75km/h 10분 소요,50,50,reserved1,reserved2
015001610,서천IC,서해안고속도로,150,126688874.5,36098819.5,1287213263,예제IC~예제IC 75km/h 10분 소요,예제IC~예제IC 75km/h 10분 소요,50,50,reserved1,reserved2
015001936,대천IC,서해안고속도로,150,126574701.6,36333577.6,1287213263,예제IC~예제IC 75km/h 10분 소요,예제IC~예제IC 75km/h 10분 소요,50,50,reserved1,reserved2
015001980,대천휴게소,서해안고속도로,150,126557748.1,36369243.3,1287213263,예제IC~예제IC 75km/h 10분 소요,예제IC~예제IC 75km/h 10분 소요,50,50,reserved1,reserved2
015002133,광천IC,서해안고속도로,150,126585237.6,36498923,1287213263,예제IC~예제IC 75km/h 10분 소요,예제IC~예제IC 75km/h 10분 소요,50,50,reserved1,reserved2
015002200,홍성휴게소,서해안고속도로,150,126579465.4,36558680.3,1287213263,예제IC~예제IC 75km/h 10분 소요,예제IC~예제IC 75km/h 10분 소요,50,50,reserved1,reserved2
015002241,홍성IC,서해안고속도로,150,126560140.6,36592127.4,1287213263,예제IC~예제IC 75km/h 10분 소요,예제IC~예제IC 75km/h 10분 소요,50,50,reserved1,reserved2
015002378,해미IC,서해안고속도로,150,126562454.3,36712577.5,1287213263,예제IC~예제IC 75km/h 10분 소요,예제IC~예제IC 75km/h 10분 소요,50,50,reserved1,reserved2
015002400,서산휴게소,서해안고속도로,150,126563935.8,36732353.8,1287213263,예제IC~예제IC 75km/h 10분 소요,예제IC~예제IC 75km/h 10분 소요,50,50,reserved1,reserved2
015002485,서산IC,서해안고속도로,150,126571610.3,36807138.5,1287213263,예제IC~예제IC 75km/h 10분 소요,예제IC~예제IC 75km/h 10분 소요,50,50,reserved1,reserved2
015002551,당진JC,서해안고속도로,150,126619370.2,36851661.1,1287213263,예제IC~예제IC 75km/h 10분 소요,예제IC~예제IC 75km/h 10분 소요,50,50,reserved1,reserved2
015002645,당진IC,서해안고속도로,150,126707572.1,36893251,1287213263,예제IC~예제IC 75km/h 10분 소요,예제IC~예제IC 75km/h 10분 소요,50,50,reserved1,reserved2
015002725,송악IC,서해안고속도로,150,126779154.2,36934849.1,1287213263,예제IC~예제IC 75km/h 10분 소요,예제IC~예제IC 75km/h 10분 소요,50,50,reserved1,reserved2
015002753,행담도휴게소,서해안고속도로,150,126806987.6,36942913.1,1287213263,예제IC~예제IC 75km/h 10분 소요,예제IC~예제IC 75km/h 10분 소요,50,50,reserved1,reserved2
015002850,서평택IC,서해안고속도로,150,126869157.3,36997147.2,1287213263,예제IC~예제IC 75km/h 10분 소요,예제IC~예제IC 75km/h 10분 소요,50,50,reserved1,reserved2
015002917,서평택JC,서해안고속도로,150,126889217.8,37056864.3,1287213263,예제IC~예제IC 75km/h 10분 소요,예제IC~예제IC 75km/h 10분 소요,50,50,reserved1,reserved2
015002995,발안IC,서해안고속도로,150,126881764.3,37124900,1287213263,예제IC~예제IC 75km/h 10분 소요,예제IC~예제IC 75km/h 10분 소요,50,50,reserved1,reserved2
015003014,화성휴게소,서해안고속도로,150,126880154.1,37142448.1,1287213263,예제IC~예제IC 75km/h 10분 소요,예제IC~예제IC 75km/h 10분 소요,50,50,reserved1,reserved2
015003132,비봉IC,서해안고속도로,150,126882590,37245369,1287213263,예제IC~예제IC 75km/h 10분 소요,예제IC~예제IC 75km/h 10분 소요,50,50,reserved1,reserved2
015003172,매송IC,서해안고속도로,150,126898441.4,37280365.8,1287213263,예제IC~예제IC 75km/h 10분 소요,예제IC~예제IC 75km/h 10분 소요,50,50,reserved1,reserved2
015003210,팔곡JC,서해안고속도로,150,126895181.5,37308383.3,1287213263,예제IC~예제IC 75km/h 10분 소요,예제IC~예제IC 75km/h 10분 소요,50,50,reserved1,reserved2
015003261,안산JC,서해안고속도로,150,126859631.4,37347080.4,1287213263,예제IC~예제IC 75km/h 10분 소요,예제IC~예제IC 75km/h 10분 소요,50,50,reserved1,reserved2
015003275,서서울TG,서해안고속도로,150,126863902.9,37356791.7,1287213263,예제IC~예제IC 75km/h 10분 소요,예제IC~예제IC 75km/h 10분 소요,50,50,reserved1,reserved2
015003290,조남JC,서해안고속도로,150,126869415,37371923.3,1287213263,예제IC~예제IC 75km/h 10분 소요,예제IC~예제IC 75km/h 10분 소요,50,50,reserved1,reserved2
015003321,목감IC,서해안고속도로,150,126872030.7,37398156,1287213263,예제IC~예제IC 75km/h 10분 소요,예제IC~예제IC 75km/h 10분 소요,50,50,reserved1,reserved2
015003333,광명역IC,서해안고속도로,150,126881443.5,37405112.6,1287213263,예제IC~예제IC 75km/h 10분 소요,예제IC~예제IC 75km/h 10분 소요,50,50,reserved1,reserved2
015003360,일직JC,서해안고속도로,150,126895604.4,37427084.9,1287213263,예제IC~예제IC 75km/h 10분 소요,예제IC~예제IC 75km/h 10분 소요,50,50,reserved1,reserved2
015003402,금천IC,서해안고속도로,150,126890575.6,37460346.1,1287213263,예제IC~예제IC 75km/h 10분 소요,예제IC~예제IC 75km/h 10분 소요,50,50,reserved1,reserved2
016000000,언양JC,울산고속도로,160,129134049,35564622.8,1287213263,예제IC~예제IC 75km/h 10분 소요,예제IC~예제IC 75km/h 10분 소요,50,50,reserved1,reserved2
016000120,울산JC,울산고속도로,160,129241761.3,35561300.7,1287213263,예제IC~예제IC 75km/h 10분 소요,예제IC~예제IC 75km/h 10분 소요,50,50,reserved1,reserved2
016000128,울산TG,울산고속도로,160,129249509.3,35557897.9,1287213263,예제IC~예제IC 75km/h 10분 소요,예제IC~예제IC 75km/h 10분 소요,50,50,reserved1,reserved2
017000009,오성IC,평택화성고속도로,170,126985486.8,37017127.2,1287213263,예제IC~예제IC 75km/h 10분 소요,예제IC~예제IC 75km/h 10분 소요,50,50,reserved1,reserved2
017000026,평택JC,평택화성고속도로,170,126984649.3,37032404.4,1287213263,예제IC~예제IC 75km/h 10분 소요,예제IC~예제IC 75km/h 10분 소요,50,50,reserved1,reserved2
017000053,어연IC,평택화성고속도로,170,126986988.9,37056441.8,1287213263,예제IC~예제IC 75km/h 10분 소요,예제IC~예제IC 75km/h 10분 소요,50,50,reserved1,reserved2
017000137,향남IC,평택화성고속도로,170,127000368.2,37129289.7,1287213263,예제IC~예제IC 75km/h 10분 소요,예제IC~예제IC 75km/h 10분 소요,50,50,reserved1,reserved2
017000191,서오산JC,평택화성고속도로,170,126998411.3,37176514.2,1287213263,예제IC~예제IC 75km/h 10분 소요,예제IC~예제IC 75km/h 10분 소요,50,50,reserved1,reserved2
017000218,정남IC,평택오산고속도로,170,126971218.7,37184613.6,1287213263,예제IC~예제IC 75km/h 10분 소요,예제IC~예제IC 75km/h 10분 소요,50,50,reserved1,reserved2
017000271,봉담IC,평택오산고속도로,170,126956593.1,37229323.8,1287213263,예제IC~예제IC 75km/h 10분 소요,예제IC~예제IC 75km/h 10분 소요,50,50,reserved1,reserved2
020700000,도동JC,대구포항고속도로,200,128665829.1,35915040.7,1287213263,예제IC~예제IC 75km/h 10분 소요,예제IC~예제IC 75km/h 10분 소요,50,50,reserved1,reserved2
020700124,와촌휴게소,대구포항고속도로,200,128775014,35952798.5,1287213263,예제IC~예제IC 75km/h 10분 소요,예제IC~예제IC 75km/h 10분 소요,50,50,reserved1,reserved2
020700180,청통와촌IC,대구포항고속도로,200,128829251.3,35970643.1,1287213263,예제IC~예제IC 75km/h 10분 소요,예제IC~예제IC 75km/h 10분 소요,50,50,reserved1,reserved2
020700218,청통와촌휴게소,대구포항고속도로,200,128860188.4,35993087.7,1287213263,예제IC~예제IC 75km/h 10분 소요,예제IC~예제IC 75km/h 10분 소요,50,50,reserved1,reserved2
020700286,북영천IC,대구포항고속도로,200,128915746.8,36032178,1287213263,예제IC~예제IC 75km/h 10분 소요,예제IC~예제IC 75km/h 10분 소요,50,50,reserved1,reserved2
020700408,영천휴게소,대구포항고속도로,200,129042400,36052701.6,1287213263,예제IC~예제IC 75km/h 10분 소요,예제IC~예제IC 75km/h 10분 소요,50,50,reserved1,reserved2
020700594,서포항IC,대구포항고속도로,200,129219664.8,36070934.5,1287213263,예제IC~예제IC 75km/h 10분 소요,예제IC~예제IC 75km/h 10분 소요,50,50,reserved1,reserved2
020700673,포항TG,대구포항고속도로,200,129298223.3,36047751.9,1287213263,예제IC~예제IC 75km/h 10분 소요,예제IC~예제IC 75km/h 10분 소요,50,50,reserved1,reserved2
020700684,포항JC,대구포항고속도로,200,129309234.3,36043839,1287213263,예제IC~예제IC 75km/h 10분 소요,예제IC~예제IC 75km/h 10분 소요,50,50,reserved1,reserved2
020500000,익산JC,익산포항고속도로,205,127094954.4,35937908.8,1287213263,예제IC~예제IC 75km/h 10분 소요,예제IC~예제IC 75km/h 10분 소요,50,50,reserved1,reserved2
020500076,완주IC,익산포항고속도로,205,127151197,35898638.6,1287213263,예제IC~예제IC 75km/h 10분 소요,예제IC~예제IC 75km/h 10분 소요,50,50,reserved1,reserved2
020500165,소양IC,익산포항고속도로,205,127236275.7,35864470.9,1287213263,예제IC~예제IC 75km/h 10분 소요,예제IC~예제IC 75km/h 10분 소요,50,50,reserved1,reserved2
020500415,마이산휴게소,익산포항고속도로,205,127426232.5,35776194,1287213263,예제IC~예제IC 75km/h 10분 소요,예제IC~예제IC 75km/h 10분 소요,50,50,reserved1,reserved2
020500431,진안IC,익산포항고속도로,205,127443268.6,35772297.2,1287213263,예제IC~예제IC 75km/h 10분 소요,예제IC~예제IC 75km/h 10분 소요,50,50,reserved1,reserved2
020500588,장수IC,익산포항고속도로,205,127588868.7,35715788.3,1287213263,예제IC~예제IC 75km/h 10분 소요,예제IC~예제IC 75km/h 10분 소요,50,50,reserved1,reserved2
025000001,순천휴게소,호남고속도로,250,127479540.5,35003228.8,1287213263,예제IC~예제IC 75km/h 10분 소요,예제IC~예제IC 75km/h 10분 소요,50,50,reserved1,reserved2
025000100,승주IC,호남고속도로,250,127371330.9,35015302.1,1287213263,예제IC~예제IC 75km/h 10분 소요,예제IC~예제IC 75km/h 10분 소요,50,50,reserved1,reserved2
025000218,주암IC,호남고속도로,250,127270380.4,35067504.4,1287213263,예제IC~예제IC 75km/h 10분 소요,예제IC~예제IC 75km/h 10분 소요,50,50,reserved1,reserved2
025000230,주암휴게소,호남고속도로,250,127264364.1,35078613.9,1287213263,예제IC~예제IC 75km/h 10분 소요,예제IC~예제IC 75km/h 10분 소요,50,50,reserved1,reserved2
025000292,석곡IC,호남고속도로,250,127247273.7,35128344.7,1287213263,예제IC~예제IC 75km/h 10분 소요,예제IC~예제IC 75km/h 10분 소요,50,50,reserved1,reserved2
025000413,곡성IC,호남고속도로,250,127220805.4,35227507.7,1287213263,예제IC~예제IC 75km/h 10분 소요,예제IC~예제IC 75km/h 10분 소요,50,50,reserved1,reserved2
025000430,곡성휴게소,호남고속도로,250,127205279.2,35233301.4,1287213263,예제IC~예제IC 75km/h 10분 소요,예제IC~예제IC 75km/h 10분 소요,50,50,reserved1,reserved2
025000527,옥과IC,호남고속도로,250,127111908.4,35259310.2,1287213263,예제IC~예제IC 75km/h 10분 소요,예제IC~예제IC 75km/h 10분 소요,50,50,reserved1,reserved2
025000606,대덕JC,호남고속도로,250,127030228.3,35245895.1,1287213263,예제IC~예제IC 75km/h 10분 소요,예제IC~예제IC 75km/h 10분 소요,50,50,reserved1,reserved2
025000642,창평IC,호남고속도로,250,126999333.7,35230964.5,1287213263,예제IC~예제IC 75km/h 10분 소요,예제IC~예제IC 75km/h 10분 소요,50,50,reserved1,reserved2
025000683,고서JC,호남고속도로,250,126956984.2,35223821.5,1287213263,예제IC~예제IC 75km/h 10분 소요,예제IC~예제IC 75km/h 10분 소요,50,50,reserved1,reserved2
025000699,동광주TG,호남고속도로,250,126946469.6,35213277.8,1287213263,예제IC~예제IC 75km/h 10분 소요,예제IC~예제IC 75km/h 10분 소요,50,50,reserved1,reserved2
025000742,동광주IC,호남고속도로,250,126927750.2,35184604.6,1287213263,예제IC~예제IC 75km/h 10분 소요,예제IC~예제IC 75km/h 10분 소요,50,50,reserved1,reserved2
025000770,용봉IC,호남고속도로,250,126895252.1,35184455.6,1287213263,예제IC~예제IC 75km/h 10분 소요,예제IC~예제IC 75km/h 10분 소요,50,50,reserved1,reserved2
025000784,서광주IC,호남고속도로,250,126878325,35186535.9,1287213263,예제IC~예제IC 75km/h 10분 소요,예제IC~예제IC 75km/h 10분 소요,50,50,reserved1,reserved2
025000806,동림IC,호남고속도로,250,126859021.8,35192738.2,1287213263,예제IC~예제IC 75km/h 10분 소요,예제IC~예제IC 75km/h 10분 소요,50,50,reserved1,reserved2
025000830,산월IC,호남고속도로,250,126837951.8,35204321.5,1287213263,예제IC~예제IC 75km/h 10분 소요,예제IC~예제IC 75km/h 10분 소요,50,50,reserved1,reserved2
025000850,광산IC,호남고속도로,250,126827442.5,35219664.8,1287213263,예제IC~예제IC 75km/h 10분 소요,예제IC~예제IC 75km/h 10분 소요,50,50,reserved1,reserved2
025000894,광주TG,호남고속도로,250,126806327.9,35254004.1,1287213263,예제IC~예제IC 75km/h 10분 소요,예제IC~예제IC 75km/h 10분 소요,50,50,reserved1,reserved2
025000937,장성IC,호남고속도로,250,126785388.3,35287708.8,1287213263,예제IC~예제IC 75km/h 10분 소요,예제IC~예제IC 75km/h 10분 소요,50,50,reserved1,reserved2
025000990,장성JC,호남고속도로,250,126807066.8,35332286.6,1287213263,예제IC~예제IC 75km/h 10분 소요,예제IC~예제IC 75km/h 10분 소요,50,50,reserved1,reserved2
025001011,백양산휴게소,호남고속도로,250,126814717.8,35346486.5,1287213263,예제IC~예제IC 75km/h 10분 소요,예제IC~예제IC 75km/h 10분 소요,50,50,reserved1,reserved2
025001111,백양사IC,호남고속도로,250,126805128.7,35431908.5,1287213263,예제IC~예제IC 75km/h 10분 소요,예제IC~예제IC 75km/h 10분 소요,50,50,reserved1,reserved2
025001203,내장산IC,호남고속도로,250,126803028.9,35511869.3,1287213263,예제IC~예제IC 75km/h 10분 소요,예제IC~예제IC 75km/h 10분 소요,50,50,reserved1,reserved2
025001287,정읍IC,호남고속도로,250,126832349.7,35579040.6,1287213263,예제IC~예제IC 75km/h 10분 소요,예제IC~예제IC 75km/h 10분 소요,50,50,reserved1,reserved2
025001327,정읍휴게소,호남고속도로,250,126865826.7,35602547,1287213263,예제IC~예제IC 75km/h 10분 소요,예제IC~예제IC 75km/h 10분 소요,50,50,reserved1,reserved2
025001416,태인IC,호남고속도로,250,126929726.1,35662355.7,1287213263,예제IC~예제IC 75km/h 10분 소요,예제IC~예제IC 75km/h 10분 소요,50,50,reserved1,reserved2
025001521,금산사IC,호남고속도로,250,126988915.8,35736528.6,1287213263,예제IC~예제IC 75km/h 10분 소요,예제IC~예제IC 75km/h 10분 소요,50,50,reserved1,reserved2
025001568,김제IC,호남고속도로,250,127002435.6,35775708.6,1287213263,예제IC~예제IC 75km/h 10분 소요,예제IC~예제IC 75km/h 10분 소요,50,50,reserved1,reserved2
025001634,서전주IC,호남고속도로,250,127034972.4,35828825,1287213263,예제IC~예제IC 75km/h 10분 소요,예제IC~예제IC 75km/h 10분 소요,50,50,reserved1,reserved2
025001694,전주IC,호남고속도로,250,127055167.9,35878039.5,1287213263,예제IC~예제IC 75km/h 10분 소요,예제IC~예제IC 75km/h 10분 소요,50,50,reserved1,reserved2
025001764,삼례IC,호남고속도로,250,127081114,35932856.4,1287213263,예제IC~예제IC 75km/h 10분 소요,예제IC~예제IC 75km/h 10분 소요,50,50,reserved1,reserved2
025001778,익산JC,호남고속도로,250,127089329.4,35942716.3,1287213263,예제IC~예제IC 75km/h 10분 소요,예제IC~예제IC 75km/h 10분 소요,50,50,reserved1,reserved2
025001847,익산IC,호남고속도로,250,127112676.1,35999188.6,1287213263,예제IC~예제IC 75km/h 10분 소요,예제IC~예제IC 75km/h 10분 소요,50,50,reserved1,reserved2
025001904,여산휴게소,호남고속도로,250,127103820,36048371.3,1287213263,예제IC~예제IC 75km/h 10분 소요,예제IC~예제IC 75km/h 10분 소요,50,50,reserved1,reserved2
025001942,논산JC,호남고속도로,250,127103487.2,36083887.3,1287213263,예제IC~예제IC 75km/h 10분 소요,예제IC~예제IC 75km/h 10분 소요,50,50,reserved1,reserved2
025200030,남논산TG,천안논산고속도로,252,127080249.8,36102841,1287213263,예제IC~예제IC 75km/h 10분 소요,예제IC~예제IC 75km/h 10분 소요,50,50,reserved1,reserved2
025200084,연무IC,천안논산고속도로,252,127060269.1,36147685.7,1287213263,예제IC~예제IC 75km/h 10분 소요,예제IC~예제IC 75km/h 10분 소요,50,50,reserved1,reserved2
025200171,서논산IC,천안논산고속도로,252,127053052.5,36224739.5,1287213263,예제IC~예제IC 75km/h 10분 소요,예제IC~예제IC 75km/h 10분 소요,50,50,reserved1,reserved2
025200256,탄천IC,천안논산고속도로,252,127067299.1,36298860.9,1287213263,예제IC~예제IC 75km/h 10분 소요,예제IC~예제IC 75km/h 10분 소요,50,50,reserved1,reserved2
025200279,탄천휴게소,천안논산고속도로,252,127070096.6,36319250.5,1287213263,예제IC~예제IC 75km/h 10분 소요,예제IC~예제IC 75km/h 10분 소요,50,50,reserved1,reserved2
025200318,이인휴게소,천안논산고속도로,252,127069673.6,36352944,1287213263,예제IC~예제IC 75km/h 10분 소요,예제IC~예제IC 75km/h 10분 소요,50,50,reserved1,reserved2
025200401,남공주IC,천안논산고속도로,252,127080851.5,36426533.9,1287213263,예제IC~예제IC 75km/h 10분 소요,예제IC~예제IC 75km/h 10분 소요,50,50,reserved1,reserved2
025200471,공주JC,천안논산고속도로,252,127091849.7,36485647.3,1287213263,예제IC~예제IC 75km/h 10분 소요,예제IC~예제IC 75km/h 10분 소요,50,50,reserved1,reserved2
025200571,정안휴게소,천안논산고속도로,252,128637161.8,35428472.4,1287213263,예제IC~예제IC 75km/h 10분 소요,예제IC~예제IC 75km/h 10분 소요,50,50,reserved1,reserved2
025200632,정안IC,천안논산고속도로,252,127120347.3,36625122.6,1287213263,예제IC~예제IC 75km/h 10분 소요,예제IC~예제IC 75km/h 10분 소요,50,50,reserved1,reserved2
025200776,풍세TG,천안논산고속도로,252,127157983.1,36737816.8,1287213263,예제IC~예제IC 75km/h 10분 소요,예제IC~예제IC 75km/h 10분 소요,50,50,reserved1,reserved2
025200796,남천안IC,천안논산고속도로,252,127163614.5,36748193,1287213263,예제IC~예제IC 75km/h 10분 소요,예제IC~예제IC 75km/h 10분 소요,50,50,reserved1,reserved2
025200821,천안JC,천안논산고속도로,252,127176339.1,36777920.2,1287213263,예제IC~예제IC 75km/h 10분 소요,예제IC~예제IC 75km/h 10분 소요,50,50,reserved1,reserved2
030000000,청원JC,청원상주고속도로,300,127430635.6,36564739.8,1287213263,예제IC~예제IC 75km/h 10분 소요,예제IC~예제IC 75km/h 10분 소요,50,50,reserved1,reserved2
030000081,문의IC,청원상주고속도로,300,127507414.4,36529845.5,1287213263,예제IC~예제IC 75km/h 10분 소요,예제IC~예제IC 75km/h 10분 소요,50,50,reserved1,reserved2
030000188,회인IC,청원상주고속도로,300,127608905,36486537,1287213263,예제IC~예제IC 75km/h 10분 소요,예제IC~예제IC 75km/h 10분 소요,50,50,reserved1,reserved2
030000296,보은IC,청원상주고속도로,300,127720336.7,36456710.8,1287213263,예제IC~예제IC 75km/h 10분 소요,예제IC~예제IC 75km/h 10분 소요,50,50,reserved1,reserved2
030000356,속리산IC,청원상주고속도로,300,127786846.1,36455608.7,1287213263,예제IC~예제IC 75km/h 10분 소요,예제IC~예제IC 75km/h 10분 소요,50,50,reserved1,reserved2
030000433,속리산휴게소,청원상주고속도로,300,127869773.2,36445712.1,1287213263,예제IC~예제IC 75km/h 10분 소요,예제IC~예제IC 75km/h 10분 소요,50,50,reserved1,reserved2
030000488,화서휴게소,청원상주고속도로,300,127930471.3,36444083,1287213263,예제IC~예제IC 75km/h 10분 소요,예제IC~예제IC 75km/h 10분 소요,50,50,reserved1,reserved2
030000518,화서IC,청원상주고속도로,300,127961832.3,36442476.6,1287213263,예제IC~예제IC 75km/h 10분 소요,예제IC~예제IC 75km/h 10분 소요,50,50,reserved1,reserved2
030000708,남상주IC,청원상주고속도로,300,128140553.8,36367812.3,1287213263,예제IC~예제IC 75km/h 10분 소요,예제IC~예제IC 75km/h 10분 소요,50,50,reserved1,reserved2
030000799,낙동JC,청원상주고속도로,300,128239296.5,36366140.6,1287213263,예제IC~예제IC 75km/h 10분 소요,예제IC~예제IC 75km/h 10분 소요,50,50,reserved1,reserved2
035000000,통영IC,통영대전고속도로,350,128442978.9,34866606.8,1287213263,예제IC~예제IC 75km/h 10분 소요,예제IC~예제IC 75km/h 10분 소요,50,50,reserved1,reserved2
035000044,북통영IC,통영대전고속도로,350,128412802.4,34889197.9,1287213263,예제IC~예제IC 75km/h 10분 소요,예제IC~예제IC 75km/h 10분 소요,50,50,reserved1,reserved2
035000145,동고성IC,통영대전고속도로,350,128384491.5,34971535.2,1287213263,예제IC~예제IC 75km/h 10분 소요,예제IC~예제IC 75km/h 10분 소요,50,50,reserved1,reserved2
035000197,고성IC,통영대전고속도로,350,128350861.8,35006486.6,1287213263,예제IC~예제IC 75km/h 10분 소요,예제IC~예제IC 75km/h 10분 소요,50,50,reserved1,reserved2
035000296,고성공룡나라휴게소,통영대전고속도로,350,128260776.2,35053109.4,1287213263,예제IC~예제IC 75km/h 10분 소요,예제IC~예제IC 75km/h 10분 소요,50,50,reserved1,reserved2
035000369,연화산IC,통영대전고속도로,350,128191719.6,35082254.2,1287213263,예제IC~예제IC 75km/h 10분 소요,예제IC~예제IC 75km/h 10분 소요,50,50,reserved1,reserved2
035000479,진주JC,통영대전고속도로,350,128094073.9,35139290.5,1287213263,예제IC~예제IC 75km/h 10분 소요,예제IC~예제IC 75km/h 10분 소요,50,50,reserved1,reserved2
035000554,서진주IC,통영대전고속도로,350,128040919.9,35183379.2,1287213263,예제IC~예제IC 75km/h 10분 소요,예제IC~예제IC 75km/h 10분 소요,50,50,reserved1,reserved2
035000709,단성IC,통영대전고속도로,350,127952437.1,35289771.1,1287213263,예제IC~예제IC 75km/h 10분 소요,예제IC~예제IC 75km/h 10분 소요,50,50,reserved1,reserved2
035000761,산청휴게소,통영대전고속도로,350,127938112.4,35333798.5,1287213263,예제IC~예제IC 75km/h 10분 소요,예제IC~예제IC 75km/h 10분 소요,50,50,reserved1,reserved2
035000895,산청IC,통영대전고속도로,350,127859797.6,35427393.1,1287213263,예제IC~예제IC 75km/h 10분 소요,예제IC~예제IC 75km/h 10분 소요,50,50,reserved1,reserved2
035000969,생초IC,통영대전고속도로,350,127824385.6,35481754.5,1287213263,예제IC~예제IC 75km/h 10분 소요,예제IC~예제IC 75km/h 10분 소요,50,50,reserved1,reserved2
035001052,함양JC,통영대전고속도로,350,127768027.3,35537601.5,1287213263,예제IC~예제IC 75km/h 10분 소요,예제IC~예제IC 75km/h 10분 소요,50,50,reserved1,reserved2
035001073,함양휴게소,통영대전고속도로,350,127759418,35551575.5,1287213263,예제IC~예제IC 75km/h 10분 소요,예제IC~예제IC 75km/h 10분 소요,50,50,reserved1,reserved2
035001116,지곡IC,통영대전고속도로,350,127769338.2,35586892,1287213263,예제IC~예제IC 75km/h 10분 소요,예제IC~예제IC 75km/h 10분 소요,50,50,reserved1,reserved2
035001255,서상IC,통영대전고속도로,350,127673608.6,35665901.3,1287213263,예제IC~예제IC 75km/h 10분 소요,예제IC~예제IC 75km/h 10분 소요,50,50,reserved1,reserved2
035001354,장수JC,통영대전고속도로,350,127606069,35732623.4,1287213263,예제IC~예제IC 75km/h 10분 소요,예제IC~예제IC 75km/h 10분 소요,50,50,reserved1,reserved2
035001467,덕유산휴게소,통영대전고속도로,350,127645017.6,35816831.4,1287213263,예제IC~예제IC 75km/h 10분 소요,예제IC~예제IC 75km/h 10분 소요,50,50,reserved1,reserved2
035001496,덕유산IC,통영대전고속도로,350,127646394,35844052.9,1287213263,예제IC~예제IC 75km/h 10분 소요,예제IC~예제IC 75km/h 10분 소요,50,50,reserved1,reserved2
035001656,무주IC,통영대전고속도로,350,127645843.8,35977358.5,1287213263,예제IC~예제IC 75km/h 10분 소요,예제IC~예제IC 75km/h 10분 소요,50,50,reserved1,reserved2
035001847,금산IC,통영대전고속도로,350,127520080.1,36103474.1,1287213263,예제IC~예제IC 75km/h 10분 소요,예제IC~예제IC 75km/h 10분 소요,50,50,reserved1,reserved2
035001914,인삼랜드휴게소,통영대전고속도로,350,127495767.3,36154774.4,1287213263,예제IC~예제IC 75km/h 10분 소요,예제IC~예제IC 75km/h 10분 소요,50,50,reserved1,reserved2
035001960,추부IC,통영대전고속도로,350,127485689.3,36193961.1,1287213263,예제IC~예제IC 75km/h 10분 소요,예제IC~예제IC 75km/h 10분 소요,50,50,reserved1,reserved2
035002044,남대전IC,통영대전고속도로,350,127474924.8,36263621,1287213263,예제IC~예제IC 75km/h 10분 소요,예제IC~예제IC 75km/h 10분 소요,50,50,reserved1,reserved2
035002077,산내JC,통영대전고속도로,350,127454859.5,36285983.8,1287213263,예제IC~예제IC 75km/h 10분 소요,예제IC~예제IC 75km/h 10분 소요,50,50,reserved1,reserved2
035002119,판암IC,통영대전고속도로,350,127472257.7,36316939.9,1287213263,예제IC~예제IC 75km/h 10분 소요,예제IC~예제IC 75km/h 10분 소요,50,50,reserved1,reserved2
035002474,남이JC,중부고속도로,350,127420092.5,36601782.2,1287213263,예제IC~예제IC 75km/h 10분 소요,예제IC~예제IC 75km/h 10분 소요,50,50,reserved1,reserved2
035002534,서청주IC,중부고속도로,350,127421552.6,36653378,1287213263,예제IC~예제IC 75km/h 10분 소요,예제IC~예제IC 75km/h 10분 소요,50,50,reserved1,reserved2
035002609,오창IC,중부고속도로,350,127444155.5,36716784.5,1287213263,예제IC~예제IC 75km/h 10분 소요,예제IC~예제IC 75km/h 10분 소요,50,50,reserved1,reserved2
035002667,오창휴게소,중부고속도로,350,127481514.1,36757208.1,1287213263,예제IC~예제IC 75km/h 10분 소요,예제IC~예제IC 75km/h 10분 소요,50,50,reserved1,reserved2
035002693,증평IC,중부고속도로,350,127503831.9,36773450.5,1287213263,예제IC~예제IC 75km/h 10분 소요,예제IC~예제IC 75km/h 10분 소요,50,50,reserved1,reserved2
035002812,진천IC,중부고속도로,350,127475010.7,36868722.1,1287213263,예제IC~예제IC 75km/h 10분 소요,예제IC~예제IC 75km/h 10분 소요,50,50,reserved1,reserved2
035002890,대소JC,중부고속도로,350,127473427.4,36938741.9,1287213263,예제IC~예제IC 75km/h 10분 소요,예제IC~예제IC 75km/h 10분 소요,50,50,reserved1,reserved2
035002939,음성IC,중부고속도로,350,127470172.4,36980188.6,1287213263,예제IC~예제IC 75km/h 10분 소요,예제IC~예제IC 75km/h 10분 소요,50,50,reserved1,reserved2
035003068,일죽IC,중부고속도로,350,127449046.1,37092940.8,1287213263,예제IC~예제IC 75km/h 10분 소요,예제IC~예제IC 75km/h 10분 소요,50,50,reserved1,reserved2
035003235,호법JC,중부고속도로,350,127425880,37239204.1,1287213263,예제IC~예제IC 75km/h 10분 소요,예제IC~예제IC 75km/h 10분 소요,50,50,reserved1,reserved2
035003259,마장JC,중부고속도로,350,127416303.6,37252809.7,1287213263,예제IC~예제IC 75km/h 10분 소요,예제IC~예제IC 75km/h 10분 소요,50,50,reserved1,reserved2
035003275,이천휴게소,중부고속도로,350,127403306.5,37266131.1,1287213263,예제IC~예제IC 75km/h 10분 소요,예제IC~예제IC 75km/h 10분 소요,50,50,reserved1,reserved2
035003292,서이천IC,중부고속도로,350,127390711.9,37277677.8,1287213263,예제IC~예제IC 75km/h 10분 소요,예제IC~예제IC 75km/h 10분 소요,50,50,reserved1,reserved2
035003310,이천휴게소,중부고속도로,350,127378268.9,37290477.4,1287213263,예제IC~예제IC 75km/h 10분 소요,예제IC~예제IC 75km/h 10분 소요,50,50,reserved1,reserved2
035003399,곤지암IC,중부고속도로,350,127320239.7,37354389.8,1287213263,예제IC~예제IC 75km/h 10분 소요,예제IC~예제IC 75km/h 10분 소요,50,50,reserved1,reserved2
035003520,광주IC,중부고속도로,350,127267082.3,37448728.5,1287213263,예제IC~예제IC 75km/h 10분 소요,예제IC~예제IC 75km/h 10분 소요,50,50,reserved1,reserved2
035003570,산곡JC,중부고속도로,350,127241290.9,37483423.2,1287213263,예제IC~예제IC 75km/h 10분 소요,예제IC~예제IC 75km/h 10분 소요,50,50,reserved1,reserved2
035003612,동서울TG,중부고속도로,350,127220531.4,37520792.9,1287213263,예제IC~예제IC 75km/h 10분 소요,예제IC~예제IC 75km/h 10분 소요,50,50,reserved1,reserved2
035003622,하남IC,중부고속도로,350,127219787,37526464.9,1287213263,예제IC~예제IC 75km/h 10분 소요,예제IC~예제IC 75km/h 10분 소요,50,50,reserved1,reserved2
035003637,만남의광장휴게소,중부고속도로,350,127205483,37531457.4,1287213263,예제IC~예제IC 75km/h 10분 소요,예제IC~예제IC 75km/h 10분 소요,50,50,reserved1,reserved2
035003646,하남JC,중부고속도로,350,127199437,37531712.1,1287213263,예제IC~예제IC 75km/h 10분 소요,예제IC~예제IC 75km/h 10분 소요,50,50,reserved1,reserved2
037003264,마장JC,제2중부고속도로,370,127411261.1,37258371.6,1287213263,예제IC~예제IC 75km/h 10분 소요,예제IC~예제IC 75km/h 10분 소요,50,50,reserved1,reserved2
037003575,산곡JC,제2중부고속도로,370,127244614.6,37478165.5,1287213263,예제IC~예제IC 75km/h 10분 소요,예제IC~예제IC 75km/h 10분 소요,50,50,reserved1,reserved2
040000000,서평택JC,평택충주고속도로,400,126892258.1,37053381.2,1287213263,예제IC~예제IC 75km/h 10분 소요,예제IC~예제IC 75km/h 10분 소요,50,50,reserved1,reserved2
040000028,청북IC,평택충주고속도로,400,126915745.5,37048743.2,1287213263,예제IC~예제IC 75km/h 10분 소요,예제IC~예제IC 75km/h 10분 소요,50,50,reserved1,reserved2
040000208,송탄IC,평택충주고속도로,400,127110163.1,37034224.1,1287213263,예제IC~예제IC 75km/h 10분 소요,예제IC~예제IC 75km/h 10분 소요,50,50,reserved1,reserved2
040000237,안성JC,평택충주고속도로,400,127133779.1,37034857.3,1287213263,예제IC~예제IC 75km/h 10분 소요,예제IC~예제IC 75km/h 10분 소요,50,50,reserved1,reserved2
040000257,서안성IC,평택충주고속도로,400,127160051.2,37033752.8,1287213263,예제IC~예제IC 75km/h 10분 소요,예제IC~예제IC 75km/h 10분 소요,50,50,reserved1,reserved2
040000366,남안성IC,평택충주고속도로,400,127251443,36973061.4,1287213263,예제IC~예제IC 75km/h 10분 소요,예제IC~예제IC 75km/h 10분 소요,50,50,reserved1,reserved2
040000387,안성맞춤휴게소,평택충주고속도로,400,127274392.3,36968974.2,1287213263,예제IC~예제IC 75km/h 10분 소요,예제IC~예제IC 75km/h 10분 소요,50,50,reserved1,reserved2
040000578,대소JC,평택충주고속도로,400,127471052.8,36940912.6,1287213263,예제IC~예제IC 75km/h 10분 소요,예제IC~예제IC 75km/h 10분 소요,50,50,reserved1,reserved2
045000000,내서JC,중부내륙고속도로,450,128517695.5,35261251.7,1287213263,예제IC~예제IC 75km/h 10분 소요,예제IC~예제IC 75km/h 10분 소요,50,50,reserved1,reserved2
045000027,칠원TG,중부내륙고속도로,450,128513224.8,35280800.6,1287213263,예제IC~예제IC 75km/h 10분 소요,예제IC~예제IC 75km/h 10분 소요,50,50,reserved1,reserved2
045000031,칠원JC,중부내륙고속도로,450,128506392.9,35287404,1287213263,예제IC~예제IC 75km/h 10분 소요,예제IC~예제IC 75km/h 10분 소요,50,50,reserved1,reserved2
045000087,칠서IC,중부내륙고속도로,450,128505397.9,35328322.5,1287213263,예제IC~예제IC 75km/h 10분 소요,예제IC~예제IC 75km/h 10분 소요,50,50,reserved1,reserved2
045000140,칠서휴게소,중부내륙고속도로,450,128496132.7,35371572.4,1287213263,예제IC~예제IC 75km/h 10분 소요,예제IC~예제IC 75km/h 10분 소요,50,50,reserved1,reserved2
045000175,남지IC,중부내륙고속도로,450,128483113.6,35397856.7,1287213263,예제IC~예제IC 75km/h 10분 소요,예제IC~예제IC 75km/h 10분 소요,50,50,reserved1,reserved2
045000212,영산휴게소,중부내륙고속도로,450,128496192.2,35428588.7,1287213263,예제IC~예제IC 75km/h 10분 소요,예제IC~예제IC 75km/h 10분 소요,50,50,reserved1,reserved2
045000244,영산IC,중부내륙고속도로,450,128510704.5,35453630.3,1287213263,예제IC~예제IC 75km/h 10분 소요,예제IC~예제IC 75km/h 10분 소요,50,50,reserved1,reserved2
045000360,창녕IC,중부내륙고속도로,450,128476046.5,35546239.1,1287213263,예제IC~예제IC 75km/h 10분 소요,예제IC~예제IC 75km/h 10분 소요,50,50,reserved1,reserved2
045000523,현풍IC,중부내륙고속도로,450,128436259.6,35675553.5,1287213263,예제IC~예제IC 75km/h 10분 소요,예제IC~예제IC 75km/h 10분 소요,50,50,reserved1,reserved2
045000630,고령JC,중부내륙고속도로,450,128371403.4,35760563.1,1287213263,예제IC~예제IC 75km/h 10분 소요,예제IC~예제IC 75km/h 10분 소요,50,50,reserved1,reserved2
045000736,남성주IC,중부내륙고속도로,450,128325121,35841256.4,1287213263,예제IC~예제IC 75km/h 10분 소요,예제IC~예제IC 75km/h 10분 소요,50,50,reserved1,reserved2
045000754,남성주휴게소,중부내륙고속도로,450,128319137.7,35856692.5,1287213263,예제IC~예제IC 75km/h 10분 소요,예제IC~예제IC 75km/h 10분 소요,50,50,reserved1,reserved2
045000766,남성주휴게소,중부내륙고속도로,450,128317749.3,35867402.3,1287213263,예제IC~예제IC 75km/h 10분 소요,예제IC~예제IC 75km/h 10분 소요,50,50,reserved1,reserved2
045000855,성주IC,중부내륙고속도로,450,128248026.4,35920367.6,1287213263,예제IC~예제IC 75km/h 10분 소요,예제IC~예제IC 75km/h 10분 소요,50,50,reserved1,reserved2
045000950,성주휴게소,중부내륙고속도로,450,128251687.8,35997253.1,1287213263,예제IC~예제IC 75km/h 10분 소요,예제IC~예제IC 75km/h 10분 소요,50,50,reserved1,reserved2
045001022,남김천IC,중부내륙고속도로,450,128268272.8,36058298.5,1287213263,예제IC~예제IC 75km/h 10분 소요,예제IC~예제IC 75km/h 10분 소요,50,50,reserved1,reserved2
045001144,김천JC,중부내륙고속도로,450,128266133.3,36162088.1,1287213263,예제IC~예제IC 75km/h 10분 소요,예제IC~예제IC 75km/h 10분 소요,50,50,reserved1,reserved2
045001234,선산IC,중부내륙고속도로,450,128260689,36241053.2,1287213263,예제IC~예제IC 75km/h 10분 소요,예제IC~예제IC 75km/h 10분 소요,50,50,reserved1,reserved2
045001270,선산휴게소,중부내륙고속도로,450,128254866.7,36272153.6,1287213263,예제IC~예제IC 75km/h 10분 소요,예제IC~예제IC 75km/h 10분 소요,50,50,reserved1,reserved2
045001464,상주IC,중부내륙고속도로,450,128213045.4,36425220,1287213263,예제IC~예제IC 75km/h 10분 소요,예제IC~예제IC 75km/h 10분 소요,50,50,reserved1,reserved2
045001594,북상주IC,중부내륙고속도로,450,128171497.5,36528871.7,1287213263,예제IC~예제IC 75km/h 10분 소요,예제IC~예제IC 75km/h 10분 소요,50,50,reserved1,reserved2
045001669,함창점촌IC,중부내륙고속도로,450,128156537.7,36587564.6,1287213263,예제IC~예제IC 75km/h 10분 소요,예제IC~예제IC 75km/h 10분 소요,50,50,reserved1,reserved2
045001702,문경휴게소,중부내륙고속도로,450,128155051.8,36614564.6,1287213263,예제IC~예제IC 75km/h 10분 소요,예제IC~예제IC 75km/h 10분 소요,50,50,reserved1,reserved2
045001809,문경새재IC,중부내륙고속도로,450,128111380.4,36701883.9,1287213263,예제IC~예제IC 75km/h 10분 소요,예제IC~예제IC 75km/h 10분 소요,50,50,reserved1,reserved2
045001955,연풍IC,중부내륙고속도로,450,127988030.4,36761713.1,1287213263,예제IC~예제IC 75km/h 10분 소요,예제IC~예제IC 75km/h 10분 소요,50,50,reserved1,reserved2
045002038,괴산휴게소,중부내륙고속도로,450,127958629.6,36832426.2,1287213263,예제IC~예제IC 75km/h 10분 소요,예제IC~예제IC 75km/h 10분 소요,50,50,reserved1,reserved2
045002097,괴산IC,중부내륙고속도로,450,127916410.3,36869417.5,1287213263,예제IC~예제IC 75km/h 10분 소요,예제IC~예제IC 75km/h 10분 소요,50,50,reserved1,reserved2
045002246,충주IC,중부내륙고속도로,450,127846912.6,36976981.9,1287213263,예제IC~예제IC 75km/h 10분 소요,예제IC~예제IC 75km/h 10분 소요,50,50,reserved1,reserved2
045002298,충주휴게소,중부내륙고속도로,450,127837935.4,37022893.2,1287213263,예제IC~예제IC 75km/h 10분 소요,예제IC~예제IC 75km/h 10분 소요,50,50,reserved1,reserved2
045002338,북충주IC,중부내륙고속도로,450,127793918.1,37035405.5,1287213263,예제IC~예제IC 75km/h 10분 소요,예제IC~예제IC 75km/h 10분 소요,50,50,reserved1,reserved2
045002511,감곡IC,중부내륙고속도로,450,127671830.1,37124079.3,1287213263,예제IC~예제IC 75km/h 10분 소요,예제IC~예제IC 75km/h 10분 소요,50,50,reserved1,reserved2
045002656,여주JC,중부내륙고속도로,450,127591808,37229251.2,1287213263,예제IC~예제IC 75km/h 10분 소요,예제IC~예제IC 75km/h 10분 소요,50,50,reserved1,reserved2
050000006,서창JC,영동고속도로,500,126739330.2,37436348.9,1287213263,예제IC~예제IC 75km/h 10분 소요,예제IC~예제IC 75km/h 10분 소요,50,50,reserved1,reserved2
050000059,월곶IC,영동고속도로,500,126750129.6,37389135.5,1287213263,예제IC~예제IC 75km/h 10분 소요,예제IC~예제IC 75km/h 10분 소요,50,50,reserved1,reserved2
050000105,군자TG,영동고속도로,500,126779695.2,37357917.5,1287213263,예제IC~예제IC 75km/h 10분 소요,예제IC~예제IC 75km/h 10분 소요,50,50,reserved1,reserved2
050000125,서안산IC,영동고속도로,500,126799059.5,37352056.4,1287213263,예제IC~예제IC 75km/h 10분 소요,예제IC~예제IC 75km/h 10분 소요,50,50,reserved1,reserved2
050000159,안산IC,영동고속도로,500,126835984.1,37347480.4,1287213263,예제IC~예제IC 75km/h 10분 소요,예제IC~예제IC 75km/h 10분 소요,50,50,reserved1,reserved2
050000180,안산JC,영동고속도로,500,126857570.3,37345083.6,1287213263,예제IC~예제IC 75km/h 10분 소요,예제IC~예제IC 75km/h 10분 소요,50,50,reserved1,reserved2
050000227,둔대JC,영동고속도로,500,126903689,37322173.3,1287213263,예제IC~예제IC 75km/h 10분 소요,예제IC~예제IC 75km/h 10분 소요,50,50,reserved1,reserved2
050000244,군포IC,영동고속도로,500,126922182.3,37325859.2,1287213263,예제IC~예제IC 75km/h 10분 소요,예제IC~예제IC 75km/h 10분 소요,50,50,reserved1,reserved2
050000258,동군포IC,영동고속도로,500,126934639,37328959.3,1287213263,예제IC~예제IC 75km/h 10분 소요,예제IC~예제IC 75km/h 10분 소요,50,50,reserved1,reserved2
050000280,부곡IC,영동고속도로,500,126958146.9,37324999.1,1287213263,예제IC~예제IC 75km/h 10분 소요,예제IC~예제IC 75km/h 10분 소요,50,50,reserved1,reserved2
050000308,북수원IC,영동고속도로,500,126991281.2,37320427.7,1287213263,예제IC~예제IC 75km/h 10분 소요,예제IC~예제IC 75km/h 10분 소요,50,50,reserved1,reserved2
050000369,동수원IC,영동고속도로,500,127048797.2,37298140.1,1287213263,예제IC~예제IC 75km/h 10분 소요,예제IC~예제IC 75km/h 10분 소요,50,50,reserved1,reserved2
050000418,신갈JC,영동고속도로,500,127100526,37289762.3,1287213263,예제IC~예제IC 75km/h 10분 소요,예제IC~예제IC 75km/h 10분 소요,50,50,reserved1,reserved2
050000484,마성IC,영동고속도로,500,127172454.2,37280349.3,1287213263,예제IC~예제IC 75km/h 10분 소요,예제IC~예제IC 75km/h 10분 소요,50,50,reserved1,reserved2
050000525,용인IC,영동고속도로,500,127210384.1,37258615.7,1287213263,예제IC~예제IC 75km/h 10분 소요,예제IC~예제IC 75km/h 10분 소요,50,50,reserved1,reserved2
050000553,용인휴게소,영동고속도로,500,127240389.9,37246940.5,1287213263,예제IC~예제IC 75km/h 10분 소요,예제IC~예제IC 75km/h 10분 소요,50,50,reserved1,reserved2
050000605,양지IC,영동고속도로,500,127294661.4,37239402.2,1287213263,예제IC~예제IC 75km/h 10분 소요,예제IC~예제IC 75km/h 10분 소요,50,50,reserved1,reserved2
050000710,덕평휴게소,영동고속도로,500,127403718.3,37239897.9,1287213263,예제IC~예제IC 75km/h 10분 소요,예제IC~예제IC 75km/h 10분 소요,50,50,reserved1,reserved2
050000733,호법JC,영동고속도로,500,127430026.5,37234958.2,1287213263,예제IC~예제IC 75km/h 10분 소요,예제IC~예제IC 75km/h 10분 소요,50,50,reserved1,reserved2
050000796,이천IC,영동고속도로,500,127498358.8,37245146.8,1287213263,예제IC~예제IC 75km/h 10분 소요,예제IC~예제IC 75km/h 10분 소요,50,50,reserved1,reserved2
050000863,여주휴게소,영동고속도로,500,127566064.5,37239720.2,1287213263,예제IC~예제IC 75km/h 10분 소요,예제IC~예제IC 75km/h 10분 소요,50,50,reserved1,reserved2
050000883,여주JC,영동고속도로,500,127591031.2,37231980.9,1287213263,예제IC~예제IC 75km/h 10분 소요,예제IC~예제IC 75km/h 10분 소요,50,50,reserved1,reserved2
050000945,여주IC,영동고속도로,500,127652387.3,37254169.6,1287213263,예제IC~예제IC 75km/h 10분 소요,예제IC~예제IC 75km/h 10분 소요,50,50,reserved1,reserved2
050001126,문막휴게소,영동고속도로,500,127817994.4,37297292.2,1287213263,예제IC~예제IC 75km/h 10분 소요,예제IC~예제IC 75km/h 10분 소요,50,50,reserved1,reserved2
050001144,문막IC,영동고속도로,500,127826357.1,37311780.1,1287213263,예제IC~예제IC 75km/h 10분 소요,예제IC~예제IC 75km/h 10분 소요,50,50,reserved1,reserved2
050001183,문막휴게소,영동고속도로,500,127857461.6,37335857.5,1287213263,예제IC~예제IC 75km/h 10분 소요,예제IC~예제IC 75km/h 10분 소요,50,50,reserved1,reserved2
050001236,만종JC,영동고속도로,500,127899359,37362664,1287213263,예제IC~예제IC 75km/h 10분 소요,예제IC~예제IC 75km/h 10분 소요,50,50,reserved1,reserved2
050001302,원주IC,영동고속도로,500,127950331.2,37400921.6,1287213263,예제IC~예제IC 75km/h 10분 소요,예제IC~예제IC 75km/h 10분 소요,50,50,reserved1,reserved2
050001429,새말IC,영동고속도로,500,128066826.9,37446745.3,1287213263,예제IC~예제IC 75km/h 10분 소요,예제IC~예제IC 75km/h 10분 소요,50,50,reserved1,reserved2
050001520,횡성휴게소,영동고속도로,500,128128261.4,37465543.8,1287213263,예제IC~예제IC 75km/h 10분 소요,예제IC~예제IC 75km/h 10분 소요,50,50,reserved1,reserved2
050001600,둔내IC,영동고속도로,500,128205243.5,37492562.4,1287213263,예제IC~예제IC 75km/h 10분 소요,예제IC~예제IC 75km/h 10분 소요,50,50,reserved1,reserved2
050001766,면온IC,영동고속도로,500,128362683.7,37561765.7,1287213263,예제IC~예제IC 75km/h 10분 소요,예제IC~예제IC 75km/h 10분 소요,50,50,reserved1,reserved2
050001827,장평IC,영동고속도로,500,128414828.7,37591387,1287213263,예제IC~예제IC 75km/h 10분 소요,예제IC~예제IC 75km/h 10분 소요,50,50,reserved1,reserved2
050001878,평창휴게소,영동고속도로,500,128460229.1,37607027.3,1287213263,예제IC~예제IC 75km/h 10분 소요,예제IC~예제IC 75km/h 10분 소요,50,50,reserved1,reserved2
050001918,속사IC,영동고속도로,500,128490252.1,37631037.5,1287213263,예제IC~예제IC 75km/h 10분 소요,예제IC~예제IC 75km/h 10분 소요,50,50,reserved1,reserved2
050001990,진부IC,영동고속도로,500,128563686.8,37652829.3,1287213263,예제IC~예제IC 75km/h 10분 소요,예제IC~예제IC 75km/h 10분 소요,50,50,reserved1,reserved2
050002118,횡계IC,영동고속도로,500,128695851.4,37678902.9,1287213263,예제IC~예제IC 75km/h 10분 소요,예제IC~예제IC 75km/h 10분 소요,50,50,reserved1,reserved2
050002309,강릉휴게소,영동고속도로,500,128805555.6,37758472.4,1287213263,예제IC~예제IC 75km/h 10분 소요,예제IC~예제IC 75km/h 10분 소요,50,50,reserved1,reserved2
050002344,강릉JC,영동고속도로,500,128826992.5,37772446.8,1287213263,예제IC~예제IC 75km/h 10분 소요,예제IC~예제IC 75km/h 10분 소요,50,50,reserved1,reserved2
055001795,남안동IC,중앙고속도로,550,128621292.2,36475232.7,1287213263,예제IC~예제IC 75km/h 10분 소요,예제IC~예제IC 75km/h 10분 소요,50,50,reserved1,reserved2
055001898,안동휴게소,중앙고속도로,550,128643382.7,36552961.4,1287213263,예제IC~예제IC 75km/h 10분 소요,예제IC~예제IC 75km/h 10분 소요,50,50,reserved1,reserved2
055001944,서안동IC,중앙고속도로,550,128626967.2,36588566.6,1287213263,예제IC~예제IC 75km/h 10분 소요,예제IC~예제IC 75km/h 10분 소요,50,50,reserved1,reserved2
055002077,예천IC,중앙고속도로,550,128542000.7,36668118.3,1287213263,예제IC~예제IC 75km/h 10분 소요,예제IC~예제IC 75km/h 10분 소요,50,50,reserved1,reserved2
055002198,영주IC,중앙고속도로,550,128571689.6,36769605.9,1287213263,예제IC~예제IC 75km/h 10분 소요,예제IC~예제IC 75km/h 10분 소요,50,50,reserved1,reserved2
055002300,풍기IC,중앙고속도로,550,128531160.8,36852438.9,1287213263,예제IC~예제IC 75km/h 10분 소요,예제IC~예제IC 75km/h 10분 소요,50,50,reserved1,reserved2
055002470,단양IC,중앙고속도로,550,128364634.1,36918267,1287213263,예제IC~예제IC 75km/h 10분 소요,예제IC~예제IC 75km/h 10분 소요,50,50,reserved1,reserved2
055002520,단양휴게소,중앙고속도로,550,128320819.6,36942293,1287213263,예제IC~예제IC 75km/h 10분 소요,예제IC~예제IC 75km/h 10분 소요,50,50,reserved1,reserved2
055002600,단양휴게소,중앙고속도로,550,128293674.6,37004560.6,1287213263,예제IC~예제IC 75km/h 10분 소요,예제IC~예제IC 75km/h 10분 소요,50,50,reserved1,reserved2
055002612,북단양IC,중앙고속도로,550,128288466.1,37014476.6,1287213263,예제IC~예제IC 75km/h 10분 소요,예제IC~예제IC 75km/h 10분 소요,50,50,reserved1,reserved2
055002736,남제천IC,중앙고속도로,550,128182126.2,37075870.5,1287213263,예제IC~예제IC 75km/h 10분 소요,예제IC~예제IC 75km/h 10분 소요,50,50,reserved1,reserved2
055002815,제천IC,중앙고속도로,550,128142567,37133111,1287213263,예제IC~예제IC 75km/h 10분 소요,예제IC~예제IC 75km/h 10분 소요,50,50,reserved1,reserved2
055002948,신림IC,중앙고속도로,550,128082724.9,37231761.6,1287213263,예제IC~예제IC 75km/h 10분 소요,예제IC~예제IC 75km/h 10분 소요,50,50,reserved1,reserved2
055002990,치악휴게소,중앙고속도로,550,128047490.9,37255953.3,1287213263,예제IC~예제IC 75km/h 10분 소요,예제IC~예제IC 75km/h 10분 소요,50,50,reserved1,reserved2
055003129,남원주IC,중앙고속도로,550,127927640.7,37326394.5,1287213263,예제IC~예제IC 75km/h 10분 소요,예제IC~예제IC 75km/h 10분 소요,50,50,reserved1,reserved2
055003178,만종JC,중앙고속도로,550,127900702.8,37367173.9,1287213263,예제IC~예제IC 75km/h 10분 소요,예제IC~예제IC 75km/h 10분 소요,50,50,reserved1,reserved2
055003256,북원주IC,중앙고속도로,550,127923089.2,37420586.2,1287213263,예제IC~예제IC 75km/h 10분 소요,예제IC~예제IC 75km/h 10분 소요,50,50,reserved1,reserved2
055003272,원주휴게소,중앙고속도로,550,127930457.4,37432768.4,1287213263,예제IC~예제IC 75km/h 10분 소요,예제IC~예제IC 75km/h 10분 소요,50,50,reserved1,reserved2
055003363,횡성IC,중앙고속도로,550,127969783.3,37504855.6,1287213263,예제IC~예제IC 75km/h 10분 소요,예제IC~예제IC 75km/h 10분 소요,50,50,reserved1,reserved2
055003619,홍천IC,중앙고속도로,550,127856083.2,37677823.3,1287213263,예제IC~예제IC 75km/h 10분 소요,예제IC~예제IC 75km/h 10분 소요,50,50,reserved1,reserved2
055003683,홍천강휴게소,중앙고속도로,550,127810623.3,37714198.8,1287213263,예제IC~예제IC 75km/h 10분 소요,예제IC~예제IC 75km/h 10분 소요,50,50,reserved1,reserved2
055003726,춘천JC,중앙고속도로,550,127793637.1,37746307.5,1287213263,예제IC~예제IC 75km/h 10분 소요,예제IC~예제IC 75km/h 10분 소요,50,50,reserved1,reserved2
055003803,춘천휴게소,중앙고속도로,550,127771158.7,37804871.3,1287213263,예제IC~예제IC 75km/h 10분 소요,예제IC~예제IC 75km/h 10분 소요,50,50,reserved1,reserved2
055003850,춘천TG,중앙고속도로,550,127777943.4,37838739.7,1287213263,예제IC~예제IC 75km/h 10분 소요,예제IC~예제IC 75km/h 10분 소요,50,50,reserved1,reserved2
055003861,춘천IC,중앙고속도로,550,127766319.4,37842357.2,1287213263,예제IC~예제IC 75km/h 10분 소요,예제IC~예제IC 75km/h 10분 소요,50,50,reserved1,reserved2
060000006,선동IC,서울양양고속도로,600,127175340.5,37577825.8,1287213263,예제IC~예제IC 75km/h 10분 소요,예제IC~예제IC 75km/h 10분 소요,50,50,reserved1,reserved2
060000019,미사IC,서울양양고속도로,600,127189436.5,37581186,1287213263,예제IC~예제IC 75km/h 10분 소요,예제IC~예제IC 75km/h 10분 소요,50,50,reserved1,reserved2
060000071,남양주TG,서울양양고속도로,600,127241261.9,37597398.4,1287213263,예제IC~예제IC 75km/h 10분 소요,예제IC~예제IC 75km/h 10분 소요,50,50,reserved1,reserved2
060000472,강촌IC,서울양양고속도로,600,127624107.6,37734427.5,1287213263,예제IC~예제IC 75km/h 10분 소요,예제IC~예제IC 75km/h 10분 소요,50,50,reserved1,reserved2
060000562,남춘천IC,서울양양고속도로,600,127722741.7,37751344.1,1287213263,예제IC~예제IC 75km/h 10분 소요,예제IC~예제IC 75km/h 10분 소요,50,50,reserved1,reserved2
060000573,동산TG,서울양양고속도로,600,127734014.8,37755529.6,1287213263,예제IC~예제IC 75km/h 10분 소요,예제IC~예제IC 75km/h 10분 소요,50,50,reserved1,reserved2
060000616,조양IC,서울양양고속도로,600,127787866.6,37756015.6,1287213263,예제IC~예제IC 75km/h 10분 소요,예제IC~예제IC 75km/h 10분 소요,50,50,reserved1,reserved2
060000621,춘천JC,서울양양고속도로,600,127793356.3,37749033.2,1287213263,예제IC~예제IC 75km/h 10분 소요,예제IC~예제IC 75km/h 10분 소요,50,50,reserved1,reserved2
065000000,동해JC,동해고속도로,650,129094846.8,37511157.9,1287213263,예제IC~예제IC 75km/h 10분 소요,예제IC~예제IC 75km/h 10분 소요,50,50,reserved1,reserved2
065000062,기장IC,동해고속도로,650,129098848.8,37565748.2,1287213263,예제IC~예제IC 75km/h 10분 소요,예제IC~예제IC 75km/h 10분 소요,50,50,reserved1,reserved2
065000063,기장TG,동해고속도로,650,129098725.7,37566643.7,1287213263,예제IC~예제IC 75km/h 10분 소요,예제IC~예제IC 75km/h 10분 소요,50,50,reserved1,reserved2
065000083,망상IC,동해고속도로,650,129092886.1,37584002.4,1287213263,예제IC~예제IC 75km/h 10분 소요,예제IC~예제IC 75km/h 10분 소요,50,50,reserved1,reserved2
065000109,동해휴게소,동해고속도로,650,129074815.3,37602127.1,1287213263,예제IC~예제IC 75km/h 10분 소요,예제IC~예제IC 75km/h 10분 소요,50,50,reserved1,reserved2
065000129,옥계휴게소,동해고속도로,650,129059268.4,37615155,1287213263,예제IC~예제IC 75km/h 10분 소요,예제IC~예제IC 75km/h 10분 소요,50,50,reserved1,reserved2
065000149,옥계IC,동해고속도로,650,129038123.6,37618540.8,1287213263,예제IC~예제IC 75km/h 10분 소요,예제IC~예제IC 75km/h 10분 소요,50,50,reserved1,reserved2
065000258,장안휴게소,동해고속도로,650,128968084.4,37686984.5,1287213263,예제IC~예제IC 75km/h 10분 소요,예제IC~예제IC 75km/h 10분 소요,50,50,reserved1,reserved2
065000296,온양IC,동해고속도로,650,128925684,37688104.1,1287213263,예제IC~예제IC 75km/h 10분 소요,예제IC~예제IC 75km/h 10분 소요,50,50,reserved1,reserved2
065000328,남강릉IC,동해고속도로,650,128891530.7,37693955.3,1287213263,예제IC~예제IC 75km/h 10분 소요,예제IC~예제IC 75km/h 10분 소요,50,50,reserved1,reserved2
065000375,청량IC,동해고속도로,650,128854783.2,37720932.8,1287213263,예제IC~예제IC 75km/h 10분 소요,예제IC~예제IC 75km/h 10분 소요,50,50,reserved1,reserved2
065000378,구정휴게소,동해고속도로,650,128852384.2,37722849.4,1287213263,예제IC~예제IC 75km/h 10분 소요,예제IC~예제IC 75km/h 10분 소요,50,50,reserved1,reserved2
065000410,강릉IC,동해고속도로,650,128839146.2,37749246.3,1287213263,예제IC~예제IC 75km/h 10분 소요,예제IC~예제IC 75km/h 10분 소요,50,50,reserved1,reserved2
065000428,문수IC,동해고속도로,650,128836781.3,37765297.7,1287213263,예제IC~예제IC 75km/h 10분 소요,예제IC~예제IC 75km/h 10분 소요,50,50,reserved1,reserved2
065000437,강릉JC,동해고속도로,650,128834105.2,37777360.3,1287213263,예제IC~예제IC 75km/h 10분 소요,예제IC~예제IC 75km/h 10분 소요,50,50,reserved1,reserved2
065000470,울산JC,동해고속도로,650,128823027.7,37804490.2,1287213263,예제IC~예제IC 75km/h 10분 소요,예제IC~예제IC 75km/h 10분 소요,50,50,reserved1,reserved2
065000509,북강릉IC,동해고속도로,650,128814490.3,37835143.6,1287213263,예제IC~예제IC 75km/h 10분 소요,예제IC~예제IC 75km/h 10분 소요,50,50,reserved1,reserved2
065000607,현남IC,동해고속도로,650,128787081.8,37919233.5,1287213263,예제IC~예제IC 75km/h 10분 소요,예제IC~예제IC 75km/h 10분 소요,50,50,reserved1,reserved2
065000754,하조대IC,동해고속도로,650,128693509.1,38025315.3,1287213263,예제IC~예제IC 75km/h 10분 소요,예제IC~예제IC 75km/h 10분 소요,50,50,reserved1,reserved2
100000000,판교JC,서울외곽순환고속도로,1000,127091381.4,37404729.6,1287213263,예제IC~예제IC 75km/h 10분 소요,예제IC~예제IC 75km/h 10분 소요,50,50,reserved1,reserved2
100000042,성남IC,서울외곽순환고속도로,1000,127123414.5,37429575.2,1287213263,예제IC~예제IC 75km/h 10분 소요,예제IC~예제IC 75km/h 10분 소요,50,50,reserved1,reserved2
100000051,성남TG,서울외곽순환고속도로,1000,127123103.6,37435728.8,1287213263,예제IC~예제IC 75km/h 10분 소요,예제IC~예제IC 75km/h 10분 소요,50,50,reserved1,reserved2
100000094,송파IC,서울외곽순환고속도로,1000,127129085.3,37475117.6,1287213263,예제IC~예제IC 75km/h 10분 소요,예제IC~예제IC 75km/h 10분 소요,50,50,reserved1,reserved2
100000144,서하남IC,서울외곽순환고속도로,1000,127151636.4,37513558.7,1287213263,예제IC~예제IC 75km/h 10분 소요,예제IC~예제IC 75km/h 10분 소요,50,50,reserved1,reserved2
100000193,하남JC,서울외곽순환고속도로,1000,127195831.4,37529878.5,1287213263,예제IC~예제IC 75km/h 10분 소요,예제IC~예제IC 75km/h 10분 소요,50,50,reserved1,reserved2
100000219,상일IC,서울외곽순환고속도로,1000,127178902.1,37550112.4,1287213263,예제IC~예제IC 75km/h 10분 소요,예제IC~예제IC 75km/h 10분 소요,50,50,reserved1,reserved2
100000248,강일IC,서울외곽순환고속도로,1000,127165528.8,37572810.6,1287213263,예제IC~예제IC 75km/h 10분 소요,예제IC~예제IC 75km/h 10분 소요,50,50,reserved1,reserved2
100000259,토평IC,서울외곽순환고속도로,1000,127158663.6,37581082.6,1287213263,예제IC~예제IC 75km/h 10분 소요,예제IC~예제IC 75km/h 10분 소요,50,50,reserved1,reserved2
100000269,구리TG,서울외곽순환고속도로,1000,127156605.2,37589703.7,1287213263,예제IC~예제IC 75km/h 10분 소요,예제IC~예제IC 75km/h 10분 소요,50,50,reserved1,reserved2
100000283,남양주IC,서울외곽순환고속도로,1000,127153275.6,37601673.3,1287213263,예제IC~예제IC 75km/h 10분 소요,예제IC~예제IC 75km/h 10분 소요,50,50,reserved1,reserved2
100000302,구리IC,서울외곽순환고속도로,1000,127141290.2,37616778.7,1287213263,예제IC~예제IC 75km/h 10분 소요,예제IC~예제IC 75km/h 10분 소요,50,50,reserved1,reserved2
100000329,퇴계원IC,서울외곽순환고속도로,1000,127133355,37638728.1,1287213263,예제IC~예제IC 75km/h 10분 소요,예제IC~예제IC 75km/h 10분 소요,50,50,reserved1,reserved2
100000343,불암산TG,서울외곽순환고속도로,1000,127124534,37649012.1,1287213263,예제IC~예제IC 75km/h 10분 소요,예제IC~예제IC 75km/h 10분 소요,50,50,reserved1,reserved2
100000353,별내IC,서울외곽순환고속도로,1000,127118834.4,37656805.7,1287213263,예제IC~예제IC 75km/h 10분 소요,예제IC~예제IC 75km/h 10분 소요,50,50,reserved1,reserved2
100000426,의정부IC,서울외곽순환고속도로,1000,127053254,37694107.4,1287213263,예제IC~예제IC 75km/h 10분 소요,예제IC~예제IC 75km/h 10분 소요,50,50,reserved1,reserved2
100000509,송추IC,서울외곽순환고속도로,1000,126977083.7,37714991.5,1287213263,예제IC~예제IC 75km/h 10분 소요,예제IC~예제IC 75km/h 10분 소요,50,50,reserved1,reserved2
100000596,통일로IC,서울외곽순환고속도로,1000,126896288.3,37673258.3,1287213263,예제IC~예제IC 75km/h 10분 소요,예제IC~예제IC 75km/h 10분 소요,50,50,reserved1,reserved2
100000670,고양IC,서울외곽순환고속도로,1000,126820381.3,37659012.5,1287213263,예제IC~예제IC 75km/h 10분 소요,예제IC~예제IC 75km/h 10분 소요,50,50,reserved1,reserved2
100000700,일산IC,서울외곽순환고속도로,1000,126804571.8,37635902.1,1287213263,예제IC~예제IC 75km/h 10분 소요,예제IC~예제IC 75km/h 10분 소요,50,50,reserved1,reserved2
100000722,자유로JC,서울외곽순환고속도로,1000,126798483.5,37617404.2,1287213263,예제IC~예제IC 75km/h 10분 소요,예제IC~예제IC 75km/h 10분 소요,50,50,reserved1,reserved2
100000753,김포IC,서울외곽순환고속도로,1000,126774977.1,37597180.2,1287213263,예제IC~예제IC 75km/h 10분 소요,예제IC~예제IC 75km/h 10분 소요,50,50,reserved1,reserved2
100000762,김포TG,서울외곽순환고속도로,1000,126766932.3,37592250.1,1287213263,예제IC~예제IC 75km/h 10분 소요,예제IC~예제IC 75km/h 10분 소요,50,50,reserved1,reserved2
100000790,노오지JC,서울외곽순환고속도로,1000,126753146.9,37570348.6,1287213263,예제IC~예제IC 75km/h 10분 소요,예제IC~예제IC 75km/h 10분 소요,50,50,reserved1,reserved2
100000821,계양IC,서울외곽순환고속도로,1000,126748889.3,37543343.8,1287213263,예제IC~예제IC 75km/h 10분 소요,예제IC~예제IC 75km/h 10분 소요,50,50,reserved1,reserved2
100000843,서운JC,서울외곽순환고속도로,1000,126751478.9,37523851,1287213263,예제IC~예제IC 75km/h 10분 소요,예제IC~예제IC 75km/h 10분 소요,50,50,reserved1,reserved2
100000864,중동IC,서울외곽순환고속도로,1000,126747867.4,37505167.2,1287213263,예제IC~예제IC 75km/h 10분 소요,예제IC~예제IC 75km/h 10분 소요,50,50,reserved1,reserved2
100000884,송내IC,서울외곽순환고속도로,1000,126747143.5,37487341.9,1287213263,예제IC~예제IC 75km/h 10분 소요,예제IC~예제IC 75km/h 10분 소요,50,50,reserved1,reserved2
100000908,장수IC,서울외곽순환고속도로,1000,126754518.2,37467272.6,1287213263,예제IC~예제IC 75km/h 10분 소요,예제IC~예제IC 75km/h 10분 소요,50,50,reserved1,reserved2
100000950,시흥IC,서울외곽순환고속도로,1000,126797412,37455685,1287213263,예제IC~예제IC 75km/h 10분 소요,예제IC~예제IC 75km/h 10분 소요,50,50,reserved1,reserved2
100000958,시흥TG,서울외곽순환고속도로,1000,126803821.8,37450705.8,1287213263,예제IC~예제IC 75km/h 10분 소요,예제IC~예제IC 75km/h 10분 소요,50,50,reserved1,reserved2
100000977,안현JC,서울외곽순환고속도로,1000,126814629.8,37439304.6,1287213263,예제IC~예제IC 75km/h 10분 소요,예제IC~예제IC 75km/h 10분 소요,50,50,reserved1,reserved2
100001069,조남JC,서울외곽순환고속도로,1000,126864755.7,37369936.1,1287213263,예제IC~예제IC 75km/h 10분 소요,예제IC~예제IC 75km/h 10분 소요,50,50,reserved1,reserved2
100001122,산본IC,서울외곽순환고속도로,1000,126927708.6,37375608.2,1287213263,예제IC~예제IC 75km/h 10분 소요,예제IC~예제IC 75km/h 10분 소요,50,50,reserved1,reserved2
100001163,평촌IC,서울외곽순환고속도로,1000,126970926.4,37380427.6,1287213263,예제IC~예제IC 75km/h 10분 소요,예제IC~예제IC 75km/h 10분 소요,50,50,reserved1,reserved2
100001192,학의JC,서울외곽순환고속도로,1000,127001468.7,37387274,1287213263,예제IC~예제IC 75km/h 10분 소요,예제IC~예제IC 75km/h 10분 소요,50,50,reserved1,reserved2
100001214,청계TG,서울외곽순환고속도로,1000,127030308.9,37393369.8,1287213263,예제IC~예제IC 75km/h 10분 소요,예제IC~예제IC 75km/h 10분 소요,50,50,reserved1,reserved2
102000000,산인JC,남해제1고속도로지선,1020,128474402.5,35271416.6,1287213263,예제IC~예제IC 75km/h 10분 소요,예제IC~예제IC 75km/h 10분 소요,50,50,reserved1,reserved2
102000043,내서JC,남해제1고속도로지선,1020,128517127.3,35256353.2,1287213263,예제IC~예제IC 75km/h 10분 소요,예제IC~예제IC 75km/h 10분 소요,50,50,reserved1,reserved2
102000146,마산TG,남해제1고속도로지선,1020,128605645.2,35259254.6,1287213263,예제IC~예제IC 75km/h 10분 소요,예제IC~예제IC 75km/h 10분 소요,50,50,reserved1,reserved2
102000186,창원JC,남해제1고속도로지선,1020,128638643.4,35274097.1,1287213263,예제IC~예제IC 75km/h 10분 소요,예제IC~예제IC 75km/h 10분 소요,50,50,reserved1,reserved2
104000000,냉정JC,남해제2고속도로지선,1040,128794664,35218102,1287213263,예제IC~예제IC 75km/h 10분 소요,예제IC~예제IC 75km/h 10분 소요,50,50,reserved1,reserved2
104000009,장유휴게소,남해제2고속도로지선,1040,128795509.4,35214224.8,1287213263,예제IC~예제IC 75km/h 10분 소요,예제IC~예제IC 75km/h 10분 소요,50,50,reserved1,reserved2
104000030,장유IC,남해제2고속도로지선,1040,128804982.3,35199018.2,1287213263,예제IC~예제IC 75km/h 10분 소요,예제IC~예제IC 75km/h 10분 소요,50,50,reserved1,reserved2
104000128,가락IC,남해제2고속도로지선,1040,128895393,35165563.5,1287213263,예제IC~예제IC 75km/h 10분 소요,예제IC~예제IC 75km/h 10분 소요,50,50,reserved1,reserved2
104000178,서부산TG,남해제2고속도로지선,1040,128948074.5,35156851.2,1287213263,예제IC~예제IC 75km/h 10분 소요,예제IC~예제IC 75km/h 10분 소요,50,50,reserved1,reserved2
104000181,서부산IC,남해제2고속도로지선,1040,128952255.2,35156200.3,1287213263,예제IC~예제IC 75km/h 10분 소요,예제IC~예제IC 75km/h 10분 소요,50,50,reserved1,reserved2
110000037,도화IC,제2경인고속도로,1100,126670118.1,37437309,1287213263,예제IC~예제IC 75km/h 10분 소요,예제IC~예제IC 75km/h 10분 소요,50,50,reserved1,reserved2
110000045,문학IC,제2경인고속도로,1100,126678848.2,37435454.2,1287213263,예제IC~예제IC 75km/h 10분 소요,예제IC~예제IC 75km/h 10분 소요,50,50,reserved1,reserved2
110000063,가좌(동인천)IC,제2경인고속도로,1100,126698675.8,37433418.5,1287213263,예제IC~예제IC 75km/h 10분 소요,예제IC~예제IC 75km/h 10분 소요,50,50,reserved1,reserved2
110000075,남동IC,제2경인고속도로,1100,126712233.3,37433780.1,1287213263,예제IC~예제IC 75km/h 10분 소요,예제IC~예제IC 75km/h 10분 소요,50,50,reserved1,reserved2
110000098,서창JC,제2경인고속도로,1100,126735161.5,37433036.1,1287213263,예제IC~예제IC 75km/h 10분 소요,예제IC~예제IC 75km/h 10분 소요,50,50,reserved1,reserved2
110000104,서인천IC,제2경인고속도로,1100,126744957.5,37432565,1287213263,예제IC~예제IC 75km/h 10분 소요,예제IC~예제IC 75km/h 10분 소요,50,50,reserved1,reserved2
110000121,남인천TG,제2경인고속도로,1100,126764156.4,37431973.4,1287213263,예제IC~예제IC 75km/h 10분 소요,예제IC~예제IC 75km/h 10분 소요,50,50,reserved1,reserved2
110000136,신천IC,제2경인고속도로,1100,126781021.3,37430648.2,1287213263,예제IC~예제IC 75km/h 10분 소요,예제IC~예제IC 75km/h 10분 소요,50,50,reserved1,reserved2
110000142,부평IC,제2경인고속도로,1100,126787664.1,37429557.1,1287213263,예제IC~예제IC 75km/h 10분 소요,예제IC~예제IC 75km/h 10분 소요,50,50,reserved1,reserved2
110000165,인천TG,제2경인고속도로,1100,126811543.2,37434505.1,1287213263,예제IC~예제IC 75km/h 10분 소요,예제IC~예제IC 75km/h 10분 소요,50,50,reserved1,reserved2
110000172,서운JC,제2경인고속도로,1100,126819101.7,37438577.6,1287213263,예제IC~예제IC 75km/h 10분 소요,예제IC~예제IC 75km/h 10분 소요,50,50,reserved1,reserved2
110000180,안현JC,제2경인고속도로,1100,126826635.8,37440064.5,1287213263,예제IC~예제IC 75km/h 10분 소요,예제IC~예제IC 75km/h 10분 소요,50,50,reserved1,reserved2
110000190,부천IC,제2경인고속도로,1100,126837937.7,37440282.7,1287213263,예제IC~예제IC 75km/h 10분 소요,예제IC~예제IC 75km/h 10분 소요,50,50,reserved1,reserved2
110000201,광명IC,제2경인고속도로,1100,126850310.1,37439679.2,1287213263,예제IC~예제IC 75km/h 10분 소요,예제IC~예제IC 75km/h 10분 소요,50,50,reserved1,reserved2
110000245,일직JC,제2경인고속도로,1100,126889758.8,37424682.5,1287213263,예제IC~예제IC 75km/h 10분 소요,예제IC~예제IC 75km/h 10분 소요,50,50,reserved1,reserved2
110000255,석수IC,제2경인고속도로,1100,126906798.5,37423984.1,1287213263,예제IC~예제IC 75km/h 10분 소요,예제IC~예제IC 75km/h 10분 소요,50,50,reserved1,reserved2
151000022,동서천JC,서천공주고속도로,1510,126772207,36062336.7,1287213263,예제IC~예제IC 75km/h 10분 소요,예제IC~예제IC 75km/h 10분 소요,50,50,reserved1,reserved2
151000490,청양휴게소,서천공주고속도로,1510,126790821.3,36501793,1287213263,예제IC~예제IC 75km/h 10분 소요,예제IC~예제IC 75km/h 10분 소요,50,50,reserved1,reserved2
151000614,서공주JC,서천공주고속도로,1510,127062487.4,36485609.4,1287213263,예제IC~예제IC 75km/h 10분 소요,예제IC~예제IC 75km/h 10분 소요,50,50,reserved1,reserved2
251000000,논산JC,호남고속도로지선,2510,127100040,36084499.6,1287213263,예제IC~예제IC 75km/h 10분 소요,예제IC~예제IC 75km/h 10분 소요,50,50,reserved1,reserved2
251000055,논산IC,호남고속도로지선,2510,127134341.7,36122240.2,1287213263,예제IC~예제IC 75km/h 10분 소요,예제IC~예제IC 75km/h 10분 소요,50,50,reserved1,reserved2
251000222,벌곡휴게소,호남고속도로지선,2510,127266281.6,36204284.3,1287213263,예제IC~예제IC 75km/h 10분 소요,예제IC~예제IC 75km/h 10분 소요,50,50,reserved1,reserved2
251000280,계룡IC,호남고속도로지선,2510,127280026.5,36252913.3,1287213263,예제IC~예제IC 75km/h 10분 소요,예제IC~예제IC 75km/h 10분 소요,50,50,reserved1,reserved2
251000295,계룡휴게소,호남고속도로지선,2510,127288901.6,36263341.2,1287213263,예제IC~예제IC 75km/h 10분 소요,예제IC~예제IC 75km/h 10분 소요,50,50,reserved1,reserved2
251000344,서대전JC,호남고속도로지선,2510,127316094.3,36293992.1,1287213263,예제IC~예제IC 75km/h 10분 소요,예제IC~예제IC 75km/h 10분 소요,50,50,reserved1,reserved2
251000428,유성IC,호남고속도로지선,2510,127330822.2,36362595,1287213263,예제IC~예제IC 75km/h 10분 소요,예제IC~예제IC 75km/h 10분 소요,50,50,reserved1,reserved2
251000503,북대전(EXPO)IC,호남고속도로지선,2510,127380264.9,36410751.4,1287213263,예제IC~예제IC 75km/h 10분 소요,예제IC~예제IC 75km/h 10분 소요,50,50,reserved1,reserved2
251000539,회덕JC,호남고속도로지선,2510,127414408.3,36404797.7,1287213263,예제IC~예제IC 75km/h 10분 소요,예제IC~예제IC 75km/h 10분 소요,50,50,reserved1,reserved2
300000000,서대전JC,대전남부순환고속도로,3000,127319076,36293233.6,1287213263,예제IC~예제IC 75km/h 10분 소요,예제IC~예제IC 75km/h 10분 소요,50,50,reserved1,reserved2
300000011,서대전IC,대전남부순환고속도로,3000,127327649.5,36291695.4,1287213263,예제IC~예제IC 75km/h 10분 소요,예제IC~예제IC 75km/h 10분 소요,50,50,reserved1,reserved2
300000057,안영IC,대전남부순환고속도로,3000,127377452.8,36283840.6,1287213263,예제IC~예제IC 75km/h 10분 소요,예제IC~예제IC 75km/h 10분 소요,50,50,reserved1,reserved2
300000106,산내JC,대전남부순환고속도로,3000,127428530.6,36278625.9,1287213263,예제IC~예제IC 75km/h 10분 소요,예제IC~예제IC 75km/h 10분 소요,50,50,reserved1,reserved2
300000174,판암IC,대전남부순환고속도로,3000,127473538.1,36319146.9,1287213263,예제IC~예제IC 75km/h 10분 소요,예제IC~예제IC 75km/h 10분 소요,50,50,reserved1,reserved2
300000208,비룡JC,대전남부순환고속도로,3000,127481785.5,36339667.2,1287213263,예제IC~예제IC 75km/h 10분 소요,예제IC~예제IC 75km/h 10분 소요,50,50,reserved1,reserved2
400000000,동탄JC,수도권제2순환고속도로,4000,126954060.2,37233003.8,1287213263,예제IC~예제IC 75km/h 10분 소요,예제IC~예제IC 75km/h 10분 소요,50,50,reserved1,reserved2
400000036,북오산IC,수도권제2순환고속도로,4000,126963698.5,37202851.1,1287213263,예제IC~예제IC 75km/h 10분 소요,예제IC~예제IC 75km/h 10분 소요,50,50,reserved1,reserved2
400000092,서오산JC,수도권제2순환고속도로,4000,127004604.2,37173170.9,1287213263,예제IC~예제IC 75km/h 10분 소요,예제IC~예제IC 75km/h 10분 소요,50,50,reserved1,reserved2
451000000,현풍IC,중부내륙고속도로지선,4510,128434770.4,35673006.1,1287213263,예제IC~예제IC 75km/h 10분 소요,예제IC~예제IC 75km/h 10분 소요,50,50,reserved1,reserved2
451000025,현풍휴게소,중부내륙고속도로지선,4510,128435919.5,35697416.4,1287213263,예제IC~예제IC 75km/h 10분 소요,예제IC~예제IC 75km/h 10분 소요,50,50,reserved1,reserved2
451000124,달성IC,중부내륙고속도로지선,4510,128475069,35767251.7,1287213263,예제IC~예제IC 75km/h 10분 소요,예제IC~예제IC 75km/h 10분 소요,50,50,reserved1,reserved2
451000153,옥포JC,중부내륙고속도로지선,4510,128464731.5,35789677.5,1287213263,예제IC~예제IC 75km/h 10분 소요,예제IC~예제IC 75km/h 10분 소요,50,50,reserved1,reserved2
451000169,화원TG,중부내륙고속도로지선,4510,128475333.2,35799961.4,1287213263,예제IC~예제IC 75km/h 10분 소요,예제IC~예제IC 75km/h 10분 소요,50,50,reserved1,reserved2
451000175,화원IC,중부내륙고속도로지선,4510,128483544.6,35801117.6,1287213263,예제IC~예제IC 75km/h 10분 소요,예제IC~예제IC 75km/h 10분 소요,50,50,reserved1,reserved2
451000234,남대구IC,중부내륙고속도로지선,4510,128527723.1,35837561.9,1287213263,예제IC~예제IC 75km/h 10분 소요,예제IC~예제IC 75km/h 10분 소요,50,50,reserved1,reserved2
451000249,성서IC,중부내륙고속도로지선,4510,128521785.6,35849721.9,1287213263,예제IC~예제IC 75km/h 10분 소요,예제IC~예제IC 75km/h 10분 소요,50,50,reserved1,reserved2
451000281,서대구IC,중부내륙고속도로지선,4510,128531518.1,35876712.8,1287213263,예제IC~예제IC 75km/h 10분 소요,예제IC~예제IC 75km/h 10분 소요,50,50,reserved1,reserved2
451000283,서대구TG,중부내륙고속도로지선,4510,128529696.6,35880169.3,1287213263,예제IC~예제IC 75km/h 10분 소요,예제IC~예제IC 75km/h 10분 소요,50,50,reserved1,reserved2
451000300,금호JC,중부내륙고속도로지선,4510,128524733,35895874.2,1287213263,예제IC~예제IC 75km/h 10분 소요,예제IC~예제IC 75km/h 10분 소요,50,50,reserved1,reserved2
551000000,대동JC,중앙고속도로지선,5510,128984977.4,35283193.8,1287213263,예제IC~예제IC 75km/h 10분 소요,예제IC~예제IC 75km/h 10분 소요,50,50,reserved1,reserved2
551000041,물금IC,중앙고속도로지선,5510,129012157.3,35308432.1,1287213263,예제IC~예제IC 75km/h 10분 소요,예제IC~예제IC 75km/h 10분 소요,50,50,reserved1,reserved2
551000064,남양산IC,중앙고속도로지선,5510,129025126.3,35325160.6,1287213263,예제IC~예제IC 75km/h 10분 소요,예제IC~예제IC 75km/h 10분 소요,50,50,reserved1,reserved2
551000082,양산JC,중앙고속도로지선,5510,129036771.5,35331763.4,1287213263,예제IC~예제IC 75km/h 10분 소요,예제IC~예제IC 75km/h 10분 소요,50,50,reserved1,reserved2
