cctv00000001,10,경부고속도로,127028072.5,37480586.8,http://121.156.51.165:1935/ex/mp4:cctv.mp4/playlist.m3u8,rtsp://121.156.51.165:1935/ex/mp4:cctv.mp4,서초
cctv00000002,10,경부고속도로,127043605.7,37459004,http://121.156.51.165:1935/ex/mp4:cctv.mp4/playlist.m3u8,rtsp://121.156.51.165:1935/ex/mp4:cctv.mp4,양재
cctv00000003,10,경부고속도로,127059488.1,37441509.4,http://121.156.51.165:1935/ex/mp4:cctv.mp4/playlist.m3u8,rtsp://121.156.51.165:1935/ex/mp4:cctv.mp4,상적정류장
cctv00000004,10,경부고속도로,127065503.7,37433910,http://121.156.51.165:1935/ex/mp4:cctv.mp4/playlist.m3u8,rtsp://121.156.51.165:1935/ex/mp4:cctv.mp4,달래내2
cctv00000005,10,경부고속도로,127079667.8,37419890.6,http://121.156.51.165:1935/ex/mp4:cctv.mp4/playlist.m3u8,rtsp://121.156.51.165:1935/ex/mp4:cctv.mp4,달래내1
cctv00000006,10,경부고속도로,127098649.2,37401167.5,http://121.156.51.165:1935/ex/mp4:cctv.mp4/playlist.m3u8,rtsp://121.156.51.165:1935/ex/mp4:cctv.mp4,판교분기점_경부
cctv00000007,10,경부고속도로,127103099.9,37392936.7,http://121.156.51.165:1935/ex/mp4:cctv.mp4/playlist.m3u8,rtsp://121.156.51.165:1935/ex/mp4:cctv.mp4,판교
cctv00000008,10,경부고속도로,127105660.3,37309345.3,http://121.156.51.165:1935/ex/mp4:cctv.mp4/playlist.m3u8,rtsp://121.156.51.165:1935/ex/mp4:cctv.mp4,죽전
cctv00000009,10,경부고속도로,127105400.6,37361556.6,http://121.156.51.165:1935/ex/mp4:cctv.mp4/playlist.m3u8,rtsp://121.156.51.165:1935/ex/mp4:cctv.mp4,서울영업소
cctv00000010,10,경부고속도로,127105549.9,37328249.3,http://121.156.51.165:1935/ex/mp4:cctv.mp4/playlist.m3u8,rtsp://121.156.51.165:1935/ex/mp4:cctv.mp4,죽전휴게소
cctv00000011,10,경부고속도로,127105811,37284750.2,http://121.156.51.165:1935/ex/mp4:cctv.mp4/playlist.m3u8,rtsp://121.156.51.165:1935/ex/mp4:cctv.mp4,신갈_경부
cctv00000012,10,경부고속도로,127105898.9,37262535.1,http://121.156.51.165:1935/ex/mp4:cctv.mp4/playlist.m3u8,rtsp://121.156.51.165:1935/ex/mp4:cctv.mp4,수원
cctv00000013,10,경부고속도로,127108578.6,37226849,http://121.156.51.165:1935/ex/mp4:cctv.mp4/playlist.m3u8,rtsp://121.156.51.165:1935/ex/mp4:cctv.mp4,기흥휴게소
cctv00000014,10,경부고속도로,127103776.2,37220333.5,http://121.156.51.165:1935/ex/mp4:cctv.mp4/playlist.m3u8,rtsp://121.156.51.165:1935/ex/mp4:cctv.mp4,기흥
cctv00000015,10,경부고속도로,127096398.2,37195723.7,http://121.156.51.165:1935/ex/mp4:cctv.mp4/playlist.m3u8,rtsp://121.156.51.165:1935/ex/mp4:cctv.mp4,동탄
cctv00000016,10,경부고속도로,127098170.2,37177850.7,http://121.156.51.165:1935/ex/mp4:cctv.mp4/playlist.m3u8,rtsp://121.156.51.165:1935/ex/mp4:cctv.mp4,청계2교
cctv00000017,10,경부고속도로,127087021.8,37138352.2,http://121.156.51.165:1935/ex/mp4:cctv.mp4/playlist.m3u8,rtsp://121.156.51.165:1935/ex/mp4:cctv.mp4,오산
cctv00000018,10,경부고속도로,127101817.9,37122164,http://121.156.51.165:1935/ex/mp4:cctv.mp4/playlist.m3u8,rtsp://121.156.51.165:1935/ex/mp4:cctv.mp4,남사육교
cctv00000019,10,경부고속도로,127117877.4,37104345.6,http://121.156.51.165:1935/ex/mp4:cctv.mp4/playlist.m3u8,rtsp://121.156.51.165:1935/ex/mp4:cctv.mp4,진위천교
cctv00000034,10,경부고속도로,127137025.6,37064104,http://121.156.51.165:1935/ex/mp4:cctv.mp4/playlist.m3u8,rtsp://121.156.51.165:1935/ex/mp4:cctv.mp4,안성휴게소(서울)
cctv00000035,10,경부고속도로,127141816.2,37030101.8,http://121.156.51.165:1935/ex/mp4:cctv.mp4/playlist.m3u8,rtsp://121.156.51.165:1935/ex/mp4:cctv.mp4,안성분기점
cctv00000036,10,경부고속도로,127146971.1,37012674.2,http://121.156.51.165:1935/ex/mp4:cctv.mp4/playlist.m3u8,rtsp://121.156.51.165:1935/ex/mp4:cctv.mp4,안성휴게소(부산)
cctv00000038,10,경부고속도로,127091103,37158094.7,http://121.156.51.165:1935/ex/mp4:cctv.mp4/playlist.m3u8,rtsp://121.156.51.165:1935/ex/mp4:cctv.mp4,동탄1교
cctv00000039,10,경부고속도로,127128224.4,37081495.9,http://121.156.51.165:1935/ex/mp4:cctv.mp4/playlist.m3u8,rtsp://121.156.51.165:1935/ex/mp4:cctv.mp4,남사정류장
cctv00000040,150,서해안고속도로,126894350.3,37455015.7,http://121.156.51.165:1935/ex/mp4:cctv.mp4/playlist.m3u8,rtsp://121.156.51.165:1935/ex/mp4:cctv.mp4,금천
cctv00000041,150,서해안고속도로,126900000.5,37430482,http://121.156.51.165:1935/ex/mp4:cctv.mp4/playlist.m3u8,rtsp://121.156.51.165:1935/ex/mp4:cctv.mp4,금천고가교
cctv00000042,150,서해안고속도로,126896411.2,37418272.7,http://121.156.51.165:1935/ex/mp4:cctv.mp4/playlist.m3u8,rtsp://121.156.51.165:1935/ex/mp4:cctv.mp4,일직분기점
cctv00000043,150,서해안고속도로,126879443.2,37400454.9,http://121.156.51.165:1935/ex/mp4:cctv.mp4/playlist.m3u8,rtsp://121.156.51.165:1935/ex/mp4:cctv.mp4,광명역
cctv00000044,150,서해안고속도로,126872902.7,37391540.1,http://121.156.51.165:1935/ex/mp4:cctv.mp4/playlist.m3u8,rtsp://121.156.51.165:1935/ex/mp4:cctv.mp4,목감
cctv00000045,150,서해안고속도로,126864243.9,37339405.2,http://121.156.51.165:1935/ex/mp4:cctv.mp4/playlist.m3u8,rtsp://121.156.51.165:1935/ex/mp4:cctv.mp4,서서울영업소
cctv00000046,150,서해안고속도로,126872947.7,37336428.9,http://121.156.51.165:1935/ex/mp4:cctv.mp4/playlist.m3u8,rtsp://121.156.51.165:1935/ex/mp4:cctv.mp4,순산터널
cctv00000047,150,서해안고속도로,126894519.5,37308207.8,http://121.156.51.165:1935/ex/mp4:cctv.mp4/playlist.m3u8,rtsp://121.156.51.165:1935/ex/mp4:cctv.mp4,팔곡분기점
cctv00000048,150,서해안고속도로,126898894.4,37273554.6,http://121.156.51.165:1935/ex/mp4:cctv.mp4/playlist.m3u8,rtsp://121.156.51.165:1935/ex/mp4:cctv.mp4,매송
cctv00000049,150,서해안고속도로,126884149.8,37239509.9,http://121.156.51.165:1935/ex/mp4:cctv.mp4/playlist.m3u8,rtsp://121.156.51.165:1935/ex/mp4:cctv.mp4,비봉
cctv00000050,150,서해안고속도로,126871992,37207628.1,http://121.156.51.165:1935/ex/mp4:cctv.mp4/playlist.m3u8,rtsp://121.156.51.165:1935/ex/mp4:cctv.mp4,양노4교
cctv00000051,150,서해안고속도로,126875574.5,37171718.2,http://121.156.51.165:1935/ex/mp4:cctv.mp4/playlist.m3u8,rtsp://121.156.51.165:1935/ex/mp4:cctv.mp4,율암교
cctv00000052,150,서해안고속도로,126880283.4,37149633.9,http://121.156.51.165:1935/ex/mp4:cctv.mp4/playlist.m3u8,rtsp://121.156.51.165:1935/ex/mp4:cctv.mp4,화성휴게소2
cctv00000053,150,서해안고속도로,126884826.6,37119470.8,http://121.156.51.165:1935/ex/mp4:cctv.mp4/playlist.m3u8,rtsp://121.156.51.165:1935/ex/mp4:cctv.mp4,발안
cctv00000054,150,서해안고속도로,126888513.6,37085212.5,http://121.156.51.165:1935/ex/mp4:cctv.mp4/playlist.m3u8,rtsp://121.156.51.165:1935/ex/mp4:cctv.mp4,상신2교
cctv00000055,150,서해안고속도로,126882285.1,37034437.1,http://121.156.51.165:1935/ex/mp4:cctv.mp4/playlist.m3u8,rtsp://121.156.51.165:1935/ex/mp4:cctv.mp4,고잔6교
cctv00000056,150,서해안고속도로,126871319.2,37000607.5,http://121.156.51.165:1935/ex/mp4:cctv.mp4/playlist.m3u8,rtsp://121.156.51.165:1935/ex/mp4:cctv.mp4,서평택
cctv00000057,1000,서울외곽순환고속도로,126827969.5,37423996.3,http://121.156.51.165:1935/ex/mp4:cctv.mp4/playlist.m3u8,rtsp://121.156.51.165:1935/ex/mp4:cctv.mp4,제넘어골
cctv00000058,1100,제2경인고속도로,126800945,37426036.8,http://121.156.51.165:1935/ex/mp4:cctv.mp4/playlist.m3u8,rtsp://121.156.51.165:1935/ex/mp4:cctv.mp4,은행3교
cctv00000059,150,서해안고속도로,126870291.9,37363680.5,http://121.156.51.165:1935/ex/mp4:cctv.mp4/playlist.m3u8,rtsp://121.156.51.165:1935/ex/mp4:cctv.mp4,조남분기점1
cctv00000078,400,평택제천간고속도로,127044048.8,37021784.1,http://121.156.51.165:1935/ex/mp4:cctv.mp4/playlist.m3u8,rtsp://121.156.51.165:1935/ex/mp4:cctv.mp4,궁리2교
cctv00000135,350,통영대전중부고속도로,127319241.2,37366746.8,http://121.156.51.165:1935/ex/mp4:cctv.mp4/playlist.m3u8,rtsp://121.156.51.165:1935/ex/mp4:cctv.mp4,늑현육교
cctv00000136,350,통영대전중부고속도로,127304893.1,37410799.1,http://121.156.51.165:1935/ex/mp4:cctv.mp4/playlist.m3u8,rtsp://121.156.51.165:1935/ex/mp4:cctv.mp4,신월천교
cctv00000137,370,제2중부고속도로,127327756.6,37338354.9,http://121.156.51.165:1935/ex/mp4:cctv.mp4/playlist.m3u8,rtsp://121.156.51.165:1935/ex/mp4:cctv.mp4,궁평1교
cctv00000138,370,제2중부고속도로,127273297.6,37447247.9,http://121.156.51.165:1935/ex/mp4:cctv.mp4/playlist.m3u8,rtsp://121.156.51.165:1935/ex/mp4:cctv.mp4,천진암교
cctv00000223,1000,서울외곽순환고속도로,126806487.5,37629915.1,http://121.156.51.165:1935/ex/mp4:cctv.mp4/playlist.m3u8,rtsp://121.156.51.165:1935/ex/mp4:cctv.mp4,일산IC
cctv00000224,1000,서울외곽순환고속도로,126803372.4,37617649.6,http://121.156.51.165:1935/ex/mp4:cctv.mp4/playlist.m3u8,rtsp://121.156.51.165:1935/ex/mp4:cctv.mp4,자유로JC
cctv00000225,1000,서울외곽순환고속도로,126773915.3,37592779.1,http://121.156.51.165:1935/ex/mp4:cctv.mp4/playlist.m3u8,rtsp://121.156.51.165:1935/ex/mp4:cctv.mp4,김포IC
cctv00000227,1000,서울외곽순환고속도로,126754581.5,37564017,http://121.156.51.165:1935/ex/mp4:cctv.mp4/playlist.m3u8,rtsp://121.156.51.165:1935/ex/mp4:cctv.mp4,노오지JC
cctv00000228,1000,서울외곽순환고속도로,126749860.6,37544973,http://121.156.51.165:1935/ex/mp4:cctv.mp4/playlist.m3u8,rtsp://121.156.51.165:1935/ex/mp4:cctv.mp4,계양IC
cctv00000229,1000,서울외곽순환고속도로,126753962.7,37530026.5,http://121.156.51.165:1935/ex/mp4:cctv.mp4/playlist.m3u8,rtsp://121.156.51.165:1935/ex/mp4:cctv.mp4,서운JC
cctv00000230,1000,서울외곽순환고속도로,126749127.9,37497934.7,http://121.156.51.165:1935/ex/mp4:cctv.mp4/playlist.m3u8,rtsp://121.156.51.165:1935/ex/mp4:cctv.mp4,중동
cctv00000231,1000,서울외곽순환고속도로,126751515.3,37477584.7,http://121.156.51.165:1935/ex/mp4:cctv.mp4/playlist.m3u8,rtsp://121.156.51.165:1935/ex/mp4:cctv.mp4,송내
cctv00000232,1000,서울외곽순환고속도로,126758407,37461285,http://121.156.51.165:1935/ex/mp4:cctv.mp4/playlist.m3u8,rtsp://121.156.51.165:1935/ex/mp4:cctv.mp4,장수IC
cctv00000233,1000,서울외곽순환고속도로,126795342.2,37454231.6,http://121.156.51.165:1935/ex/mp4:cctv.mp4/playlist.m3u8,rtsp://121.156.51.165:1935/ex/mp4:cctv.mp4,시흥
cctv00000234,1000,서울외곽순환고속도로,126819862.9,37433187,http://121.156.51.165:1935/ex/mp4:cctv.mp4/playlist.m3u8,rtsp://121.156.51.165:1935/ex/mp4:cctv.mp4,안현분기점
cctv00000235,1000,서울외곽순환고속도로,126833064.1,37411117.1,http://121.156.51.165:1935/ex/mp4:cctv.mp4/playlist.m3u8,rtsp://121.156.51.165:1935/ex/mp4:cctv.mp4,금이3교
cctv00000236,1000,서울외곽순환고속도로,126847917.3,37395473.3,http://121.156.51.165:1935/ex/mp4:cctv.mp4/playlist.m3u8,rtsp://121.156.51.165:1935/ex/mp4:cctv.mp4,금이2교
cctv00000237,1000,서울외곽순환고속도로,126859176.4,37373799.4,http://121.156.51.165:1935/ex/mp4:cctv.mp4/playlist.m3u8,rtsp://121.156.51.165:1935/ex/mp4:cctv.mp4,조남2교
cctv00000238,1000,서울외곽순환고속도로,126873954.4,37365622,http://121.156.51.165:1935/ex/mp4:cctv.mp4/playlist.m3u8,rtsp://121.156.51.165:1935/ex/mp4:cctv.mp4,조남분기점
cctv00000239,1000,서울외곽순환고속도로,126935548.6,37373470,http://121.156.51.165:1935/ex/mp4:cctv.mp4/playlist.m3u8,rtsp://121.156.51.165:1935/ex/mp4:cctv.mp4,산본
cctv00000240,1000,서울외곽순환고속도로,126980705.9,37376915.8,http://121.156.51.165:1935/ex/mp4:cctv.mp4/playlist.m3u8,rtsp://121.156.51.165:1935/ex/mp4:cctv.mp4,평촌고가교
cctv00000241,1000,서울외곽순환고속도로,126990943.3,37380691.9,http://121.156.51.165:1935/ex/mp4:cctv.mp4/playlist.m3u8,rtsp://121.156.51.165:1935/ex/mp4:cctv.mp4,학의JC
cctv00000242,1000,서울외곽순환고속도로,127022331.7,37389962.6,http://121.156.51.165:1935/ex/mp4:cctv.mp4/playlist.m3u8,rtsp://121.156.51.165:1935/ex/mp4:cctv.mp4,청계TG
cctv00000243,1000,서울외곽순환고속도로,127066906.8,37392356,http://121.156.51.165:1935/ex/mp4:cctv.mp4/playlist.m3u8,rtsp://121.156.51.165:1935/ex/mp4:cctv.mp4,청계운중교
cctv00000244,1000,서울외곽순환고속도로,127099374.5,37403797.4,http://121.156.51.165:1935/ex/mp4:cctv.mp4/playlist.m3u8,rtsp://121.156.51.165:1935/ex/mp4:cctv.mp4,판교분기점_외곽
cctv00000245,1000,서울외곽순환고속도로,127109938.5,37404815,http://121.156.51.165:1935/ex/mp4:cctv.mp4/playlist.m3u8,rtsp://121.156.51.165:1935/ex/mp4:cctv.mp4,성남삼평교
cctv00000246,1000,서울외곽순환고속도로,127125578.1,37423129.8,http://121.156.51.165:1935/ex/mp4:cctv.mp4/playlist.m3u8,rtsp://121.156.51.165:1935/ex/mp4:cctv.mp4,성남IC
cctv00000247,1000,서울외곽순환고속도로,127125029.3,37438279.6,http://121.156.51.165:1935/ex/mp4:cctv.mp4/playlist.m3u8,rtsp://121.156.51.165:1935/ex/mp4:cctv.mp4,성남TG
cctv00000248,1000,서울외곽순환고속도로,127127960.7,37469374.3,http://121.156.51.165:1935/ex/mp4:cctv.mp4/playlist.m3u8,rtsp://121.156.51.165:1935/ex/mp4:cctv.mp4,송파IC
cctv00000249,1000,서울외곽순환고속도로,127141176.4,37491167,http://121.156.51.165:1935/ex/mp4:cctv.mp4/playlist.m3u8,rtsp://121.156.51.165:1935/ex/mp4:cctv.mp4,거여고가교
cctv00000250,1000,서울외곽순환고속도로,127156603.7,37510199.1,http://121.156.51.165:1935/ex/mp4:cctv.mp4/playlist.m3u8,rtsp://121.156.51.165:1935/ex/mp4:cctv.mp4,서하남IC
cctv00000251,1000,서울외곽순환고속도로,127167325.3,37511951.3,http://121.156.51.165:1935/ex/mp4:cctv.mp4/playlist.m3u8,rtsp://121.156.51.165:1935/ex/mp4:cctv.mp4,광암터널(판교)
cctv00000252,1000,서울외곽순환고속도로,127189245.3,37516209.2,http://121.156.51.165:1935/ex/mp4:cctv.mp4/playlist.m3u8,rtsp://121.156.51.165:1935/ex/mp4:cctv.mp4,광암터널(퇴계원)
cctv00000253,1000,서울외곽순환고속도로,127195962,37529512.1,http://121.156.51.165:1935/ex/mp4:cctv.mp4/playlist.m3u8,rtsp://121.156.51.165:1935/ex/mp4:cctv.mp4,하남JC
cctv00000254,1000,서울외곽순환고속도로,127182669.7,37543734,http://121.156.51.165:1935/ex/mp4:cctv.mp4/playlist.m3u8,rtsp://121.156.51.165:1935/ex/mp4:cctv.mp4,상일IC
cctv00000255,1000,서울외곽순환고속도로,127167055.2,37570781.8,http://121.156.51.165:1935/ex/mp4:cctv.mp4/playlist.m3u8,rtsp://121.156.51.165:1935/ex/mp4:cctv.mp4,강일IC
cctv00000256,1000,서울외곽순환고속도로,127158666.9,37582428,http://121.156.51.165:1935/ex/mp4:cctv.mp4/playlist.m3u8,rtsp://121.156.51.165:1935/ex/mp4:cctv.mp4,토평IC
cctv00000257,1000,서울외곽순환고속도로,127152365.8,37601553.1,http://121.156.51.165:1935/ex/mp4:cctv.mp4/playlist.m3u8,rtsp://121.156.51.165:1935/ex/mp4:cctv.mp4,남양주IC
cctv00000258,1000,서울외곽순환고속도로,127144101.3,37611186.9,http://121.156.51.165:1935/ex/mp4:cctv.mp4/playlist.m3u8,rtsp://121.156.51.165:1935/ex/mp4:cctv.mp4,구리IC
cctv00000259,1000,서울외곽순환고속도로,127134461.2,37638629.9,http://121.156.51.165:1935/ex/mp4:cctv.mp4/playlist.m3u8,rtsp://121.156.51.165:1935/ex/mp4:cctv.mp4,퇴계원IC
cctv00000260,350,통영대전중부고속도로,127216631.6,37528034.3,http://121.156.51.165:1935/ex/mp4:cctv.mp4/playlist.m3u8,rtsp://121.156.51.165:1935/ex/mp4:cctv.mp4,하남
cctv00000261,350,통영대전중부고속도로,127224714.2,37513202.8,http://121.156.51.165:1935/ex/mp4:cctv.mp4/playlist.m3u8,rtsp://121.156.51.165:1935/ex/mp4:cctv.mp4,동서울영업소
cctv00000262,350,통영대전중부고속도로,127228392.2,37506615.2,http://121.156.51.165:1935/ex/mp4:cctv.mp4/playlist.m3u8,rtsp://121.156.51.165:1935/ex/mp4:cctv.mp4,하산곡
cctv00000263,350,통영대전중부고속도로,127240079,37490147,http://121.156.51.165:1935/ex/mp4:cctv.mp4/playlist.m3u8,rtsp://121.156.51.165:1935/ex/mp4:cctv.mp4,상산곡교
cctv00000264,350,통영대전중부고속도로,127248582.9,37472613.5,http://121.156.51.165:1935/ex/mp4:cctv.mp4/playlist.m3u8,rtsp://121.156.51.165:1935/ex/mp4:cctv.mp4,산곡분기점
cctv00000265,350,통영대전중부고속도로,127253121.9,37458680.3,http://121.156.51.165:1935/ex/mp4:cctv.mp4/playlist.m3u8,rtsp://121.156.51.165:1935/ex/mp4:cctv.mp4,중부1터널
cctv00000266,350,통영대전중부고속도로,127255636.3,37452730.8,http://121.156.51.165:1935/ex/mp4:cctv.mp4/playlist.m3u8,rtsp://121.156.51.165:1935/ex/mp4:cctv.mp4,광지원2교
cctv00000267,350,통영대전중부고속도로,127272894.1,37444804.5,http://121.156.51.165:1935/ex/mp4:cctv.mp4/playlist.m3u8,rtsp://121.156.51.165:1935/ex/mp4:cctv.mp4,광주
cctv00000268,350,통영대전중부고속도로,127289514.7,37437267.8,http://121.156.51.165:1935/ex/mp4:cctv.mp4/playlist.m3u8,rtsp://121.156.51.165:1935/ex/mp4:cctv.mp4,중부2터널
cctv00000269,350,통영대전중부고속도로,127298964.6,37424358.9,http://121.156.51.165:1935/ex/mp4:cctv.mp4/playlist.m3u8,rtsp://121.156.51.165:1935/ex/mp4:cctv.mp4,중부3터널
cctv00000270,350,통영대전중부고속도로,127323398.3,37348749.6,http://121.156.51.165:1935/ex/mp4:cctv.mp4/playlist.m3u8,rtsp://121.156.51.165:1935/ex/mp4:cctv.mp4,곤지암
cctv00000271,350,통영대전중부고속도로,127359596.9,37303854.6,http://121.156.51.165:1935/ex/mp4:cctv.mp4/playlist.m3u8,rtsp://121.156.51.165:1935/ex/mp4:cctv.mp4,용면
cctv00000272,350,통영대전중부고속도로,127367240.5,37293995.5,http://121.156.51.165:1935/ex/mp4:cctv.mp4/playlist.m3u8,rtsp://121.156.51.165:1935/ex/mp4:cctv.mp4,용면교
cctv00000273,350,통영대전중부고속도로,127388444,37278943,http://121.156.51.165:1935/ex/mp4:cctv.mp4/playlist.m3u8,rtsp://121.156.51.165:1935/ex/mp4:cctv.mp4,서이천
cctv00000274,350,통영대전중부고속도로,127429713,37230717.4,http://121.156.51.165:1935/ex/mp4:cctv.mp4/playlist.m3u8,rtsp://121.156.51.165:1935/ex/mp4:cctv.mp4,호법분기점
cctv00000275,370,제2중부고속도로,127258061.5,37453944.7,http://121.156.51.165:1935/ex/mp4:cctv.mp4/playlist.m3u8,rtsp://121.156.51.165:1935/ex/mp4:cctv.mp4,광지원터널
cctv00000276,370,제2중부고속도로,127315774.8,37389502.2,http://121.156.51.165:1935/ex/mp4:cctv.mp4/playlist.m3u8,rtsp://121.156.51.165:1935/ex/mp4:cctv.mp4,초월
cctv00000277,370,제2중부고속도로,127339984.7,37322366,http://121.156.51.165:1935/ex/mp4:cctv.mp4/playlist.m3u8,rtsp://121.156.51.165:1935/ex/mp4:cctv.mp4,진우1육교
cctv00000278,370,제2중부고속도로,127409270.3,37262177.6,http://121.156.51.165:1935/ex/mp4:cctv.mp4/playlist.m3u8,rtsp://121.156.51.165:1935/ex/mp4:cctv.mp4,마장분기점_2중부
cctv00000279,350,통영대전중부고속도로,127433888.4,37217746.8,http://121.156.51.165:1935/ex/mp4:cctv.mp4/playlist.m3u8,rtsp://121.156.51.165:1935/ex/mp4:cctv.mp4,후안2교
cctv00000280,350,통영대전중부고속도로,127445589.1,37195244.1,http://121.156.51.165:1935/ex/mp4:cctv.mp4/playlist.m3u8,rtsp://121.156.51.165:1935/ex/mp4:cctv.mp4,모가정류장
cctv00000281,350,통영대전중부고속도로,127442699.9,37166538.2,http://121.156.51.165:1935/ex/mp4:cctv.mp4/playlist.m3u8,rtsp://121.156.51.165:1935/ex/mp4:cctv.mp4,모가
cctv00000282,350,통영대전중부고속도로,127440929.5,37145857.7,http://121.156.51.165:1935/ex/mp4:cctv.mp4/playlist.m3u8,rtsp://121.156.51.165:1935/ex/mp4:cctv.mp4,낙타고개2
cctv00000283,350,통영대전중부고속도로,127446725.8,37119264,http://121.156.51.165:1935/ex/mp4:cctv.mp4/playlist.m3u8,rtsp://121.156.51.165:1935/ex/mp4:cctv.mp4,낙타고개1
cctv00000284,350,통영대전중부고속도로,127453794.3,37087200.5,http://121.156.51.165:1935/ex/mp4:cctv.mp4/playlist.m3u8,rtsp://121.156.51.165:1935/ex/mp4:cctv.mp4,일죽
cctv00000000,1000,서울외곽순환고속도로,126752418,37514838.7,http://121.156.51.165:1935/ex/mp4:cctv.mp4/playlist.m3u8,rtsp://121.156.51.165:1935/ex/mp4:cctv.mp4,삼산
cctv00005056,1000,서울외곽순환고속도로,126755750.4,37472353.3,http://121.156.51.165:1935/ex/mp4:cctv.mp4/playlist.m3u8,rtsp://121.156.51.165:1935/ex/mp4:cctv.mp4,일신
cctv00000335,500,영동고속도로,126742467.2,37401985.2,http://121.156.51.165:1935/ex/mp4:cctv.mp4/playlist.m3u8,rtsp://121.156.51.165:1935/ex/mp4:cctv.mp4,논현교
cctv00000336,500,영동고속도로,126755964.9,37384282.6,http://121.156.51.165:1935/ex/mp4:cctv.mp4/playlist.m3u8,rtsp://121.156.51.165:1935/ex/mp4:cctv.mp4,월곶
cctv00000337,500,영동고속도로,126776662.8,37356979.5,http://121.156.51.165:1935/ex/mp4:cctv.mp4/playlist.m3u8,rtsp://121.156.51.165:1935/ex/mp4:cctv.mp4,군자영업소
cctv00000338,500,영동고속도로,126808439.1,37347814.1,http://121.156.51.165:1935/ex/mp4:cctv.mp4/playlist.m3u8,rtsp://121.156.51.165:1935/ex/mp4:cctv.mp4,서안산
cctv00000339,500,영동고속도로,126842523.6,37345702.3,http://121.156.51.165:1935/ex/mp4:cctv.mp4/playlist.m3u8,rtsp://121.156.51.165:1935/ex/mp4:cctv.mp4,안산
cctv00000347,500,영동고속도로,126852380.2,37344634.4,http://121.156.51.165:1935/ex/mp4:cctv.mp4/playlist.m3u8,rtsp://121.156.51.165:1935/ex/mp4:cctv.mp4,양상교
cctv00000348,500,영동고속도로,126865886.6,37340562.7,http://121.156.51.165:1935/ex/mp4:cctv.mp4/playlist.m3u8,rtsp://121.156.51.165:1935/ex/mp4:cctv.mp4,안산갈림목
cctv00000349,500,영동고속도로,126873501.4,37338474.3,http://121.156.51.165:1935/ex/mp4:cctv.mp4/playlist.m3u8,rtsp://121.156.51.165:1935/ex/mp4:cctv.mp4,반월터널(인천)
cctv00000350,500,영동고속도로,126889113.7,37325497.4,http://121.156.51.165:1935/ex/mp4:cctv.mp4/playlist.m3u8,rtsp://121.156.51.165:1935/ex/mp4:cctv.mp4,반월터널(강릉)
cctv00000351,500,영동고속도로,126930437.2,37325338.9,http://121.156.51.165:1935/ex/mp4:cctv.mp4/playlist.m3u8,rtsp://121.156.51.165:1935/ex/mp4:cctv.mp4,군포
cctv00000352,500,영동고속도로,126964380.5,37320173.2,http://121.156.51.165:1935/ex/mp4:cctv.mp4/playlist.m3u8,rtsp://121.156.51.165:1935/ex/mp4:cctv.mp4,부곡
cctv00000353,500,영동고속도로,126995221.6,37314919.7,http://121.156.51.165:1935/ex/mp4:cctv.mp4/playlist.m3u8,rtsp://121.156.51.165:1935/ex/mp4:cctv.mp4,북수원
cctv00000354,500,영동고속도로,127015091,37307762,http://121.156.51.165:1935/ex/mp4:cctv.mp4/playlist.m3u8,rtsp://121.156.51.165:1935/ex/mp4:cctv.mp4,조원교
cctv00000355,500,영동고속도로,127044351.4,37301585.4,http://121.156.51.165:1935/ex/mp4:cctv.mp4/playlist.m3u8,rtsp://121.156.51.165:1935/ex/mp4:cctv.mp4,광교터널
cctv00000356,500,영동고속도로,127075135,37291574.7,http://121.156.51.165:1935/ex/mp4:cctv.mp4/playlist.m3u8,rtsp://121.156.51.165:1935/ex/mp4:cctv.mp4,상현
cctv00000357,500,영동고속도로,127086052.9,37289338.3,http://121.156.51.165:1935/ex/mp4:cctv.mp4/playlist.m3u8,rtsp://121.156.51.165:1935/ex/mp4:cctv.mp4,동수원신대교
cctv00000358,500,영동고속도로,127098019.5,37286873.6,http://121.156.51.165:1935/ex/mp4:cctv.mp4/playlist.m3u8,rtsp://121.156.51.165:1935/ex/mp4:cctv.mp4,신갈_영동
cctv00000360,500,영동고속도로,127142561.2,37285893.1,http://121.156.51.165:1935/ex/mp4:cctv.mp4/playlist.m3u8,rtsp://121.156.51.165:1935/ex/mp4:cctv.mp4,동백교
cctv00000361,500,영동고속도로,127165559.9,37283325.2,http://121.156.51.165:1935/ex/mp4:cctv.mp4/playlist.m3u8,rtsp://121.156.51.165:1935/ex/mp4:cctv.mp4,마성터널(인천)
cctv00000362,500,영동고속도로,127177305.9,37275139.6,http://121.156.51.165:1935/ex/mp4:cctv.mp4/playlist.m3u8,rtsp://121.156.51.165:1935/ex/mp4:cctv.mp4,마성
cctv00000363,500,영동고속도로,127184741.5,37268409.7,http://121.156.51.165:1935/ex/mp4:cctv.mp4/playlist.m3u8,rtsp://121.156.51.165:1935/ex/mp4:cctv.mp4,마성터널(강릉)
cctv00000364,500,영동고속도로,127209766.1,37254677.9,http://121.156.51.165:1935/ex/mp4:cctv.mp4/playlist.m3u8,rtsp://121.156.51.165:1935/ex/mp4:cctv.mp4,용인
cctv00000365,500,영동고속도로,127238623,37244735.9,http://121.156.51.165:1935/ex/mp4:cctv.mp4/playlist.m3u8,rtsp://121.156.51.165:1935/ex/mp4:cctv.mp4,용인휴게소
cctv00000366,500,영동고속도로,127268732,37243709.1,http://121.156.51.165:1935/ex/mp4:cctv.mp4/playlist.m3u8,rtsp://121.156.51.165:1935/ex/mp4:cctv.mp4,양지터널(인천)
cctv00000367,500,영동고속도로,127285034,37238128.6,http://121.156.51.165:1935/ex/mp4:cctv.mp4/playlist.m3u8,rtsp://121.156.51.165:1935/ex/mp4:cctv.mp4,양지터널(강릉)
cctv00000368,500,영동고속도로,127292379.4,37236067.4,http://121.156.51.165:1935/ex/mp4:cctv.mp4/playlist.m3u8,rtsp://121.156.51.165:1935/ex/mp4:cctv.mp4,양지
cctv00000369,500,영동고속도로,127315019.2,37242776.6,http://121.156.51.165:1935/ex/mp4:cctv.mp4/playlist.m3u8,rtsp://121.156.51.165:1935/ex/mp4:cctv.mp4,양지제일리
cctv00000370,500,영동고속도로,127324341.4,37245605.2,http://121.156.51.165:1935/ex/mp4:cctv.mp4/playlist.m3u8,rtsp://121.156.51.165:1935/ex/mp4:cctv.mp4,추계육교
cctv00000371,500,영동고속도로,127348388.4,37249133.1,http://121.156.51.165:1935/ex/mp4:cctv.mp4/playlist.m3u8,rtsp://121.156.51.165:1935/ex/mp4:cctv.mp4,양지오천교
cctv00000372,500,영동고속도로,127366549.7,37238657.3,http://121.156.51.165:1935/ex/mp4:cctv.mp4/playlist.m3u8,rtsp://121.156.51.165:1935/ex/mp4:cctv.mp4,덕평
cctv00000373,500,영동고속도로,127401382.8,37236893.1,http://121.156.51.165:1935/ex/mp4:cctv.mp4/playlist.m3u8,rtsp://121.156.51.165:1935/ex/mp4:cctv.mp4,덕평휴게소
cctv00000374,500,영동고속도로,127425595.1,37234804.6,http://121.156.51.165:1935/ex/mp4:cctv.mp4/playlist.m3u8,rtsp://121.156.51.165:1935/ex/mp4:cctv.mp4,영동-호법분기점
cctv00000375,500,영동고속도로,127462379.7,37237737.7,http://121.156.51.165:1935/ex/mp4:cctv.mp4/playlist.m3u8,rtsp://121.156.51.165:1935/ex/mp4:cctv.mp4,고담교
cctv00000376,500,영동고속도로,127485935.3,37243189.5,http://121.156.51.165:1935/ex/mp4:cctv.mp4/playlist.m3u8,rtsp://121.156.51.165:1935/ex/mp4:cctv.mp4,사동육교
cctv00000377,500,영동고속도로,127496049.2,37242561.9,http://121.156.51.165:1935/ex/mp4:cctv.mp4/playlist.m3u8,rtsp://121.156.51.165:1935/ex/mp4:cctv.mp4,이천
cctv00000378,500,영동고속도로,127533001.4,37236477,http://121.156.51.165:1935/ex/mp4:cctv.mp4/playlist.m3u8,rtsp://121.156.51.165:1935/ex/mp4:cctv.mp4,상활육교
cctv00000380,500,영동고속도로,127587244.2,37230587.2,http://121.156.51.165:1935/ex/mp4:cctv.mp4/playlist.m3u8,rtsp://121.156.51.165:1935/ex/mp4:cctv.mp4,여주분기점1
cctv00000382,150,서해안고속도로,126890070.9,37049976.1,http://121.156.51.165:1935/ex/mp4:cctv.mp4/playlist.m3u8,rtsp://121.156.51.165:1935/ex/mp4:cctv.mp4,서평택분기점
cctv00000383,400,평택제천간고속도로,126923422.2,37045877.4,http://121.156.51.165:1935/ex/mp4:cctv.mp4/playlist.m3u8,rtsp://121.156.51.165:1935/ex/mp4:cctv.mp4,청북3
cctv00000384,400,평택제천간고속도로,126970185.7,37031812.6,http://121.156.51.165:1935/ex/mp4:cctv.mp4/playlist.m3u8,rtsp://121.156.51.165:1935/ex/mp4:cctv.mp4,토진3교
cctv00000385,400,평택제천간고속도로,127017342.1,37022626.1,http://121.156.51.165:1935/ex/mp4:cctv.mp4/playlist.m3u8,rtsp://121.156.51.165:1935/ex/mp4:cctv.mp4,해창교
cctv00000386,400,평택제천간고속도로,127078951.4,37026141.7,http://121.156.51.165:1935/ex/mp4:cctv.mp4/playlist.m3u8,rtsp://121.156.51.165:1935/ex/mp4:cctv.mp4,평택터널
cctv00000387,400,평택제천간고속도로,127108036.8,37032421.2,http://121.156.51.165:1935/ex/mp4:cctv.mp4/playlist.m3u8,rtsp://121.156.51.165:1935/ex/mp4:cctv.mp4,송탄
cctv00000388,400,평택제천간고속도로,127144977.5,37033908.8,http://121.156.51.165:1935/ex/mp4:cctv.mp4/playlist.m3u8,rtsp://121.156.51.165:1935/ex/mp4:cctv.mp4,안성갈림목
cctv00000759,1100,제2경인고속도로,126653351.6,37434043.7,http://121.156.51.165:1935/ex/mp4:cctv.mp4/playlist.m3u8,rtsp://121.156.51.165:1935/ex/mp4:cctv.mp4,학익대교
cctv00000760,1100,제2경인고속도로,126675521.8,37433913.3,http://121.156.51.165:1935/ex/mp4:cctv.mp4/playlist.m3u8,rtsp://121.156.51.165:1935/ex/mp4:cctv.mp4,문학
cctv00000761,1100,제2경인고속도로,126708686.2,37430840.7,http://121.156.51.165:1935/ex/mp4:cctv.mp4/playlist.m3u8,rtsp://121.156.51.165:1935/ex/mp4:cctv.mp4,남동
cctv00000762,1100,제2경인고속도로,126743200.4,37430042.7,http://121.156.51.165:1935/ex/mp4:cctv.mp4/playlist.m3u8,rtsp://121.156.51.165:1935/ex/mp4:cctv.mp4,서창분기점
cctv00000763,1100,제2경인고속도로,126757231.9,37429542.3,http://121.156.51.165:1935/ex/mp4:cctv.mp4/playlist.m3u8,rtsp://121.156.51.165:1935/ex/mp4:cctv.mp4,남인천영업소
cctv00000764,1100,제2경인고속도로,126786451.5,37427308.5,http://121.156.51.165:1935/ex/mp4:cctv.mp4/playlist.m3u8,rtsp://121.156.51.165:1935/ex/mp4:cctv.mp4,신천
cctv00000765,1100,제2경인고속도로,126855400.2,37436224.8,http://121.156.51.165:1935/ex/mp4:cctv.mp4/playlist.m3u8,rtsp://121.156.51.165:1935/ex/mp4:cctv.mp4,광명
cctv00000766,1100,제2경인고속도로,126900320.8,37420840.5,http://121.156.51.165:1935/ex/mp4:cctv.mp4/playlist.m3u8,rtsp://121.156.51.165:1935/ex/mp4:cctv.mp4,일직
cctv00000769,1200,경인고속도로,126818147.6,37519800.8,http://121.156.51.165:1935/ex/mp4:cctv.mp4/playlist.m3u8,rtsp://121.156.51.165:1935/ex/mp4:cctv.mp4,신월IC
cctv00000770,1200,경인고속도로,126780086,37521378.6,http://121.156.51.165:1935/ex/mp4:cctv.mp4/playlist.m3u8,rtsp://121.156.51.165:1935/ex/mp4:cctv.mp4,부천IC
cctv00000772,1200,경인고속도로,126723518.9,37520989.9,http://121.156.51.165:1935/ex/mp4:cctv.mp4/playlist.m3u8,rtsp://121.156.51.165:1935/ex/mp4:cctv.mp4,부평IC
cctv00000773,1200,경인고속도로,126692973.1,37520703.5,http://121.156.51.165:1935/ex/mp4:cctv.mp4/playlist.m3u8,rtsp://121.156.51.165:1935/ex/mp4:cctv.mp4,청천교
cctv00000774,1200,경인고속도로,126682422,37518258.7,http://121.156.51.165:1935/ex/mp4:cctv.mp4/playlist.m3u8,rtsp://121.156.51.165:1935/ex/mp4:cctv.mp4,서인천IC
cctv00000775,1200,경인고속도로,126676961.4,37481254.5,http://121.156.51.165:1935/ex/mp4:cctv.mp4/playlist.m3u8,rtsp://121.156.51.165:1935/ex/mp4:cctv.mp4,가좌IC
cctv00000776,1200,경인고속도로,126674554.9,37459819.8,http://121.156.51.165:1935/ex/mp4:cctv.mp4/playlist.m3u8,rtsp://121.156.51.165:1935/ex/mp4:cctv.mp4,도화IC
cctv00000966,400,평택제천간고속도로,127167313.8,37026175.4,http://121.156.51.165:1935/ex/mp4:cctv.mp4/playlist.m3u8,rtsp://121.156.51.165:1935/ex/mp4:cctv.mp4,서안성
cctv00000967,400,평택제천간고속도로,127173991.8,37013836,http://121.156.51.165:1935/ex/mp4:cctv.mp4/playlist.m3u8,rtsp://121.156.51.165:1935/ex/mp4:cctv.mp4,반제터널
cctv00000968,400,평택제천간고속도로,127191938.2,37005134.6,http://121.156.51.165:1935/ex/mp4:cctv.mp4/playlist.m3u8,rtsp://121.156.51.165:1935/ex/mp4:cctv.mp4,공도교
cctv00000978,400,평택제천간고속도로,127208993.9,36993339.9,http://121.156.51.165:1935/ex/mp4:cctv.mp4/playlist.m3u8,rtsp://121.156.51.165:1935/ex/mp4:cctv.mp4,양기3교
cctv00000979,400,평택제천간고속도로,127228077.4,36985855.1,http://121.156.51.165:1935/ex/mp4:cctv.mp4/playlist.m3u8,rtsp://121.156.51.165:1935/ex/mp4:cctv.mp4,안성천교(평음선)
cctv00000980,400,평택제천간고속도로,127244013.6,36974754.8,http://121.156.51.165:1935/ex/mp4:cctv.mp4/playlist.m3u8,rtsp://121.156.51.165:1935/ex/mp4:cctv.mp4,남안성
cctv00002401,10,경부고속도로,127106060.8,37242731.8,http://121.156.51.165:1935/ex/mp4:cctv.mp4/playlist.m3u8,rtsp://121.156.51.165:1935/ex/mp4:cctv.mp4,공세육교
cctv00002402,10,경부고속도로,127105481,37341752.2,http://121.156.51.165:1935/ex/mp4:cctv.mp4/playlist.m3u8,rtsp://121.156.51.165:1935/ex/mp4:cctv.mp4,금곡교
cctv00002403,150,서해안고속도로,126874856.1,37018382.8,http://121.156.51.165:1935/ex/mp4:cctv.mp4/playlist.m3u8,rtsp://121.156.51.165:1935/ex/mp4:cctv.mp4,홍원육교
cctv00002404,150,서해안고속도로,126891186.4,37063708.7,http://121.156.51.165:1935/ex/mp4:cctv.mp4/playlist.m3u8,rtsp://121.156.51.165:1935/ex/mp4:cctv.mp4,고잔1교
cctv00002405,150,서해안고속도로,126891154.6,37097631.4,http://121.156.51.165:1935/ex/mp4:cctv.mp4/playlist.m3u8,rtsp://121.156.51.165:1935/ex/mp4:cctv.mp4,발안천교
cctv00002406,150,서해안고속도로,126882153.6,37136316.7,http://121.156.51.165:1935/ex/mp4:cctv.mp4/playlist.m3u8,rtsp://121.156.51.165:1935/ex/mp4:cctv.mp4,화성휴게소1
cctv00002407,150,서해안고속도로,126874811.5,37184318.2,http://121.156.51.165:1935/ex/mp4:cctv.mp4/playlist.m3u8,rtsp://121.156.51.165:1935/ex/mp4:cctv.mp4,하저1교
cctv00002408,150,서해안고속도로,126876745,37222462.8,http://121.156.51.165:1935/ex/mp4:cctv.mp4/playlist.m3u8,rtsp://121.156.51.165:1935/ex/mp4:cctv.mp4,양노1교
cctv00002409,150,서해안고속도로,126890204.8,37259385.6,http://121.156.51.165:1935/ex/mp4:cctv.mp4/playlist.m3u8,rtsp://121.156.51.165:1935/ex/mp4:cctv.mp4,야목2교
cctv00002411,400,평택제천간고속도로,126949744.8,37042554.6,http://121.156.51.165:1935/ex/mp4:cctv.mp4/playlist.m3u8,rtsp://121.156.51.165:1935/ex/mp4:cctv.mp4,토진2교
cctv00002412,500,영동고속도로,126764494.9,37379877.7,http://121.156.51.165:1935/ex/mp4:cctv.mp4/playlist.m3u8,rtsp://121.156.51.165:1935/ex/mp4:cctv.mp4,월곶4교
cctv00002414,500,영동고속도로,126941557.6,37325862.4,http://121.156.51.165:1935/ex/mp4:cctv.mp4/playlist.m3u8,rtsp://121.156.51.165:1935/ex/mp4:cctv.mp4,동군포
cctv00002415,500,영동고속도로,127053996,37296048.6,http://121.156.51.165:1935/ex/mp4:cctv.mp4/playlist.m3u8,rtsp://121.156.51.165:1935/ex/mp4:cctv.mp4,동수원
cctv00002416,500,영동고속도로,127520754,37240902.3,http://121.156.51.165:1935/ex/mp4:cctv.mp4/playlist.m3u8,rtsp://121.156.51.165:1935/ex/mp4:cctv.mp4,가산육교
cctv00002418,1000,서울외곽순환고속도로,127128058,37449623.1,http://121.156.51.165:1935/ex/mp4:cctv.mp4/playlist.m3u8,rtsp://121.156.51.165:1935/ex/mp4:cctv.mp4,복정교
cctv00002420,350,통영대전중부고속도로,127415648.9,37252550.1,http://121.156.51.165:1935/ex/mp4:cctv.mp4/playlist.m3u8,rtsp://121.156.51.165:1935/ex/mp4:cctv.mp4,마장분기점_중부
cctv00000130,250,호남고속도로,127104191.1,36076956.1,http://121.156.51.165:1935/ex/mp4:cctv.mp4/playlist.m3u8,rtsp://121.156.51.165:1935/ex/mp4:cctv.mp4,논산분기점
cctv00000131,250,호남고속도로,127109076.1,36057758.2,http://121.156.51.165:1935/ex/mp4:cctv.mp4/playlist.m3u8,rtsp://121.156.51.165:1935/ex/mp4:cctv.mp4,여산휴게소
cctv00000180,10,경부고속도로,127154662.3,36995788.6,http://121.156.51.165:1935/ex/mp4:cctv.mp4/playlist.m3u8,rtsp://121.156.51.165:1935/ex/mp4:cctv.mp4,안성
cctv00000181,10,경부고속도로,127191602.3,36939036.1,http://121.156.51.165:1935/ex/mp4:cctv.mp4/playlist.m3u8,rtsp://121.156.51.165:1935/ex/mp4:cctv.mp4,입장휴게소
cctv00000182,10,경부고속도로,127191121,36910232.9,http://121.156.51.165:1935/ex/mp4:cctv.mp4/playlist.m3u8,rtsp://121.156.51.165:1935/ex/mp4:cctv.mp4,성환활주로
cctv00000183,10,경부고속도로,127187881.8,36859099.4,http://121.156.51.165:1935/ex/mp4:cctv.mp4/playlist.m3u8,rtsp://121.156.51.165:1935/ex/mp4:cctv.mp4,망향휴게소
cctv00000184,10,경부고속도로,127171337,36824107.7,http://121.156.51.165:1935/ex/mp4:cctv.mp4/playlist.m3u8,rtsp://121.156.51.165:1935/ex/mp4:cctv.mp4,천안
cctv00000185,10,경부고속도로,127175228.7,36783473.3,http://121.156.51.165:1935/ex/mp4:cctv.mp4/playlist.m3u8,rtsp://121.156.51.165:1935/ex/mp4:cctv.mp4,천삼휴게소
cctv00000186,10,경부고속도로,127179542.4,36772309.7,http://121.156.51.165:1935/ex/mp4:cctv.mp4/playlist.m3u8,rtsp://121.156.51.165:1935/ex/mp4:cctv.mp4,천안분기점
cctv00000187,10,경부고속도로,127220060.8,36756674.7,http://121.156.51.165:1935/ex/mp4:cctv.mp4/playlist.m3u8,rtsp://121.156.51.165:1935/ex/mp4:cctv.mp4,목천
cctv00000188,10,경부고속도로,127264175.8,36728820.5,http://121.156.51.165:1935/ex/mp4:cctv.mp4/playlist.m3u8,rtsp://121.156.51.165:1935/ex/mp4:cctv.mp4,천안휴게소
cctv00000571,150,서해안고속도로,126572874.9,36802593.2,http://121.156.51.165:1935/ex/mp4:cctv.mp4/playlist.m3u8,rtsp://121.156.51.165:1935/ex/mp4:cctv.mp4,서산
cctv00000573,150,서해안고속도로,126567807,36736545.2,http://121.156.51.165:1935/ex/mp4:cctv.mp4/playlist.m3u8,rtsp://121.156.51.165:1935/ex/mp4:cctv.mp4,서산휴게소
cctv00000574,150,서해안고속도로,126565243.4,36716890.3,http://121.156.51.165:1935/ex/mp4:cctv.mp4/playlist.m3u8,rtsp://121.156.51.165:1935/ex/mp4:cctv.mp4,해미
cctv00000981,10,경부고속도로,127168718.6,36971509.2,http://121.156.51.165:1935/ex/mp4:cctv.mp4/playlist.m3u8,rtsp://121.156.51.165:1935/ex/mp4:cctv.mp4,안성천교(경부선)
cctv00003106,350,통영대전중부고속도로,127464668.9,37074597.2,http://121.156.51.165:1935/ex/mp4:cctv.mp4/playlist.m3u8,rtsp://121.156.51.165:1935/ex/mp4:cctv.mp4,장암
cctv00003226,10,경부고속도로,127372585.9,36658686.7,http://121.156.51.165:1935/ex/mp4:cctv.mp4/playlist.m3u8,rtsp://121.156.51.165:1935/ex/mp4:cctv.mp4,옥산휴게소
cctv00003238,10,경부고속도로,127422736.7,36405347.3,http://121.156.51.165:1935/ex/mp4:cctv.mp4/playlist.m3u8,rtsp://121.156.51.165:1935/ex/mp4:cctv.mp4,회덕분기점
cctv00000445,500,영동고속도로,127749183.7,37240001.5,http://121.156.51.165:1935/ex/mp4:cctv.mp4/playlist.m3u8,rtsp://121.156.51.165:1935/ex/mp4:cctv.mp4,강천터널
cctv00000448,500,영동고속도로,127818557.6,37289234.1,http://121.156.51.165:1935/ex/mp4:cctv.mp4/playlist.m3u8,rtsp://121.156.51.165:1935/ex/mp4:cctv.mp4,문막휴게소(인천)
cctv00000449,500,영동고속도로,127825567.7,37306263.4,http://121.156.51.165:1935/ex/mp4:cctv.mp4/playlist.m3u8,rtsp://121.156.51.165:1935/ex/mp4:cctv.mp4,문막
cctv00001173,500,영동고속도로,127789559.4,37262570.8,http://121.156.51.165:1935/ex/mp4:cctv.mp4/playlist.m3u8,rtsp://121.156.51.165:1935/ex/mp4:cctv.mp4,노림리
cctv00000310,100,남해고속도로,128379419.1,35287683.1,http://121.156.51.165:1935/ex/mp4:cctv.mp4/playlist.m3u8,rtsp://121.156.51.165:1935/ex/mp4:cctv.mp4,함안고개
cctv00000311,100,남해고속도로,128403296.3,35284529.1,http://121.156.51.165:1935/ex/mp4:cctv.mp4/playlist.m3u8,rtsp://121.156.51.165:1935/ex/mp4:cctv.mp4,함안
cctv00000314,100,남해고속도로,128456457.2,35270201.4,http://121.156.51.165:1935/ex/mp4:cctv.mp4/playlist.m3u8,rtsp://121.156.51.165:1935/ex/mp4:cctv.mp4,산인분기점
cctv00000692,450,중부내륙고속도로,128502000.4,35290825.8,http://121.156.51.165:1935/ex/mp4:cctv.mp4/playlist.m3u8,rtsp://121.156.51.165:1935/ex/mp4:cctv.mp4,칠원분기점
cctv00000730,4510,중부내륙지선,128533786.1,35871011.1,http://121.156.51.165:1935/ex/mp4:cctv.mp4/playlist.m3u8,rtsp://121.156.51.165:1935/ex/mp4:cctv.mp4,서대구
cctv00000732,4510,중부내륙지선,128525164.4,35851965.9,http://121.156.51.165:1935/ex/mp4:cctv.mp4/playlist.m3u8,rtsp://121.156.51.165:1935/ex/mp4:cctv.mp4,성서
cctv00000734,4510,중부내륙지선,128489943.5,35800306.4,http://121.156.51.165:1935/ex/mp4:cctv.mp4/playlist.m3u8,rtsp://121.156.51.165:1935/ex/mp4:cctv.mp4,화원
cctv00000080,250,호남고속도로,127115285.4,35992631.7,http://121.156.51.165:1935/ex/mp4:cctv.mp4/playlist.m3u8,rtsp://121.156.51.165:1935/ex/mp4:cctv.mp4,익산
cctv00000125,250,호남고속도로,127227064.3,35222277.6,http://121.156.51.165:1935/ex/mp4:cctv.mp4/playlist.m3u8,rtsp://121.156.51.165:1935/ex/mp4:cctv.mp4,곡성
cctv00001087,250,호남고속도로,127148736.3,35256756.1,http://121.156.51.165:1935/ex/mp4:cctv.mp4/playlist.m3u8,rtsp://121.156.51.165:1935/ex/mp4:cctv.mp4,곡성휴게소
cctv00001862,150,서해안고속도로,126489517.7,35021931.3,http://121.156.51.165:1935/ex/mp4:cctv.mp4/playlist.m3u8,rtsp://121.156.51.165:1935/ex/mp4:cctv.mp4,고창분기점
cctv00000289,350,통영대전중부고속도로,127443587.5,37183642,http://121.156.51.165:1935/ex/mp4:cctv.mp4/playlist.m3u8,rtsp://121.156.51.165:1935/ex/mp4:cctv.mp4,모가육교
cctv00000292,1000,서울외곽순환고속도로,126953180.2,37374885.8,http://121.156.51.165:1935/ex/mp4:cctv.mp4/playlist.m3u8,rtsp://121.156.51.165:1935/ex/mp4:cctv.mp4,안양터널
cctv00005037,10,경부고속도로,127105835.4,37275138.1,http://121.156.51.165:1935/ex/mp4:cctv.mp4/playlist.m3u8,rtsp://121.156.51.165:1935/ex/mp4:cctv.mp4,신갈_경부2
cctv00005038,1200,경인고속도로,126747277.5,37521175.5,http://121.156.51.165:1935/ex/mp4:cctv.mp4/playlist.m3u8,rtsp://121.156.51.165:1935/ex/mp4:cctv.mp4,인천TG
cctv00005039,1000,서울외곽순환고속도로,126765240.2,37586147.4,http://121.156.51.165:1935/ex/mp4:cctv.mp4/playlist.m3u8,rtsp://121.156.51.165:1935/ex/mp4:cctv.mp4,김포TG
cctv00005040,1000,서울외곽순환고속도로,127044617.5,37392331.8,http://121.156.51.165:1935/ex/mp4:cctv.mp4/playlist.m3u8,rtsp://121.156.51.165:1935/ex/mp4:cctv.mp4,청계TN
cctv00005041,500,영동고속도로,126909155.4,37319758.4,http://121.156.51.165:1935/ex/mp4:cctv.mp4/playlist.m3u8,rtsp://121.156.51.165:1935/ex/mp4:cctv.mp4,둔대갈림목
cctv00005042,500,영동고속도로,127116980.6,37288832.4,http://121.156.51.165:1935/ex/mp4:cctv.mp4/playlist.m3u8,rtsp://121.156.51.165:1935/ex/mp4:cctv.mp4,신갈영동2
cctv00005043,500,영동고속도로,127563308.1,37237493,http://121.156.51.165:1935/ex/mp4:cctv.mp4/playlist.m3u8,rtsp://121.156.51.165:1935/ex/mp4:cctv.mp4,여주휴게소1
cctv00005044,500,영동고속도로,127572186.4,37236235.7,http://121.156.51.165:1935/ex/mp4:cctv.mp4/playlist.m3u8,rtsp://121.156.51.165:1935/ex/mp4:cctv.mp4,여주휴게소2
cctv00003287,350,통영대전중부고속도로,127518350.9,36103724.6,http://121.156.51.165:1935/ex/mp4:cctv.mp4/playlist.m3u8,rtsp://121.156.51.165:1935/ex/mp4:cctv.mp4,금산
cctv00003747,350,통영대전중부고속도로,128103114.3,35134229.9,http://121.156.51.165:1935/ex/mp4:cctv.mp4/playlist.m3u8,rtsp://121.156.51.165:1935/ex/mp4:cctv.mp4,진주분기점
cctv00003750,350,통영대전중부고속도로,128041142.5,35185460.2,http://121.156.51.165:1935/ex/mp4:cctv.mp4/playlist.m3u8,rtsp://121.156.51.165:1935/ex/mp4:cctv.mp4,서진주
cctv00003755,350,통영대전중부고속도로,127938552.1,35338713.5,http://121.156.51.165:1935/ex/mp4:cctv.mp4/playlist.m3u8,rtsp://121.156.51.165:1935/ex/mp4:cctv.mp4,산청휴게소
cctv00003761,350,통영대전중부고속도로,127851104.1,35462750,http://121.156.51.165:1935/ex/mp4:cctv.mp4/playlist.m3u8,rtsp://121.156.51.165:1935/ex/mp4:cctv.mp4,대포
cctv00003767,350,통영대전중부고속도로,127773741.5,35586951.4,http://121.156.51.165:1935/ex/mp4:cctv.mp4/playlist.m3u8,rtsp://121.156.51.165:1935/ex/mp4:cctv.mp4,지곡
cctv00003768,350,통영대전중부고속도로,127717093.7,35630171.7,http://121.156.51.165:1935/ex/mp4:cctv.mp4/playlist.m3u8,rtsp://121.156.51.165:1935/ex/mp4:cctv.mp4,서하
cctv00003770,350,통영대전중부고속도로,128434817.4,34866136.1,http://121.156.51.165:1935/ex/mp4:cctv.mp4/playlist.m3u8,rtsp://121.156.51.165:1935/ex/mp4:cctv.mp4,통영시점
cctv00003773,350,통영대전중부고속도로,128413976.5,34891410.1,http://121.156.51.165:1935/ex/mp4:cctv.mp4/playlist.m3u8,rtsp://121.156.51.165:1935/ex/mp4:cctv.mp4,북통영
cctv00003779,350,통영대전중부고속도로,128349784.8,35006260.2,http://121.156.51.165:1935/ex/mp4:cctv.mp4/playlist.m3u8,rtsp://121.156.51.165:1935/ex/mp4:cctv.mp4,고성
cctv00003784,350,통영대전중부고속도로,128269101.3,35048100.1,http://121.156.51.165:1935/ex/mp4:cctv.mp4/playlist.m3u8,rtsp://121.156.51.165:1935/ex/mp4:cctv.mp4,고성휴게소
cctv00003788,350,통영대전중부고속도로,128174690.4,35088872.5,http://121.156.51.165:1935/ex/mp4:cctv.mp4/playlist.m3u8,rtsp://121.156.51.165:1935/ex/mp4:cctv.mp4,두문
cctv00003939,350,통영대전중부고속도로,127767716.9,35537984.7,http://121.156.51.165:1935/ex/mp4:cctv.mp4/playlist.m3u8,rtsp://121.156.51.165:1935/ex/mp4:cctv.mp4,함양분기(중부)
cctv00002301,10,경부고속도로,127348540.8,36713193.8,http://121.156.51.165:1935/ex/mp4:cctv.mp4/playlist.m3u8,rtsp://121.156.51.165:1935/ex/mp4:cctv.mp4,청원휴게소
cctv00002302,300,대전당진선,128096104.1,36392328.8,http://121.156.51.165:1935/ex/mp4:cctv.mp4/playlist.m3u8,rtsp://121.156.51.165:1935/ex/mp4:cctv.mp4,공주
cctv00002303,300,대전당진선,128067604,36405508.2,http://121.156.51.165:1935/ex/mp4:cctv.mp4/playlist.m3u8,rtsp://121.156.51.165:1935/ex/mp4:cctv.mp4,공주분기점
cctv00002304,300,대전당진선,128131124.9,36367914.8,http://121.156.51.165:1935/ex/mp4:cctv.mp4/playlist.m3u8,rtsp://121.156.51.165:1935/ex/mp4:cctv.mp4,공주휴게소
cctv00002305,300,대전당진선,127443795.6,36561041.7,http://121.156.51.165:1935/ex/mp4:cctv.mp4/playlist.m3u8,rtsp://121.156.51.165:1935/ex/mp4:cctv.mp4,당진분기점(당진대전)
cctv00002306,300,대전당진선,128015580.5,36430969.4,http://121.156.51.165:1935/ex/mp4:cctv.mp4/playlist.m3u8,rtsp://121.156.51.165:1935/ex/mp4:cctv.mp4,마곡사
cctv00002308,300,대전당진선,128208080.1,36366594.6,http://121.156.51.165:1935/ex/mp4:cctv.mp4/playlist.m3u8,rtsp://121.156.51.165:1935/ex/mp4:cctv.mp4,산학
cctv00002309,300,대전당진선,128053084,36415853.9,http://121.156.51.165:1935/ex/mp4:cctv.mp4/playlist.m3u8,rtsp://121.156.51.165:1935/ex/mp4:cctv.mp4,서공주분기점(당진대전)
cctv00002310,300,대전당진선,127978507.2,36439478.4,http://121.156.51.165:1935/ex/mp4:cctv.mp4/playlist.m3u8,rtsp://121.156.51.165:1935/ex/mp4:cctv.mp4,신풍휴게소
cctv00002313,300,청원상주간고속도로,128227919,36364205.4,http://121.156.51.165:1935/ex/mp4:cctv.mp4/playlist.m3u8,rtsp://121.156.51.165:1935/ex/mp4:cctv.mp4,낙동분기점(당진상주)
cctv00002351,170,서천공주선,126986955.4,37019649.2,http://121.156.51.165:1935/ex/mp4:cctv.mp4/playlist.m3u8,rtsp://121.156.51.165:1935/ex/mp4:cctv.mp4,동서천분기점
cctv00003227,10,경부고속도로,127385111.1,36624163.5,http://121.156.51.165:1935/ex/mp4:cctv.mp4/playlist.m3u8,rtsp://121.156.51.165:1935/ex/mp4:cctv.mp4,청주
cctv00003229,10,경부고속도로,127429270.5,36572755.3,http://121.156.51.165:1935/ex/mp4:cctv.mp4/playlist.m3u8,rtsp://121.156.51.165:1935/ex/mp4:cctv.mp4,남이고개
cctv00003231,10,경부고속도로,127432465,36530968.2,http://121.156.51.165:1935/ex/mp4:cctv.mp4/playlist.m3u8,rtsp://121.156.51.165:1935/ex/mp4:cctv.mp4,청원
cctv00003233,10,경부고속도로,127431931.1,36491881.1,http://121.156.51.165:1935/ex/mp4:cctv.mp4/playlist.m3u8,rtsp://121.156.51.165:1935/ex/mp4:cctv.mp4,죽암휴게소
cctv00003236,10,경부고속도로,127422007.8,36437396,http://121.156.51.165:1935/ex/mp4:cctv.mp4/playlist.m3u8,rtsp://121.156.51.165:1935/ex/mp4:cctv.mp4,신탄진
cctv00003237,10,경부고속도로,127419191.2,36422262.2,http://121.156.51.165:1935/ex/mp4:cctv.mp4/playlist.m3u8,rtsp://121.156.51.165:1935/ex/mp4:cctv.mp4,신탄진휴게소
cctv00003241,10,경부고속도로,127452324.9,36361567.5,http://121.156.51.165:1935/ex/mp4:cctv.mp4/playlist.m3u8,rtsp://121.156.51.165:1935/ex/mp4:cctv.mp4,대전
cctv00003242,10,경부고속도로,127487204.5,36342206.2,http://121.156.51.165:1935/ex/mp4:cctv.mp4/playlist.m3u8,rtsp://121.156.51.165:1935/ex/mp4:cctv.mp4,비룡분기점
cctv00003247,3000,대전남부순환고속도로,127381797.4,36280766.4,http://121.156.51.165:1935/ex/mp4:cctv.mp4/playlist.m3u8,rtsp://121.156.51.165:1935/ex/mp4:cctv.mp4,안영
cctv00003250,10,경부고속도로,127553417.5,36318263.3,http://121.156.51.165:1935/ex/mp4:cctv.mp4/playlist.m3u8,rtsp://121.156.51.165:1935/ex/mp4:cctv.mp4,옥천
cctv00003254,10,경부고속도로,127669449.8,36276374.7,http://121.156.51.165:1935/ex/mp4:cctv.mp4/playlist.m3u8,rtsp://121.156.51.165:1935/ex/mp4:cctv.mp4,금강
cctv00003258,10,경부고속도로,127833375.5,36267618.4,http://121.156.51.165:1935/ex/mp4:cctv.mp4/playlist.m3u8,rtsp://121.156.51.165:1935/ex/mp4:cctv.mp4,영동
cctv00003260,10,경부고속도로,127856250.6,36241205.6,http://121.156.51.165:1935/ex/mp4:cctv.mp4/playlist.m3u8,rtsp://121.156.51.165:1935/ex/mp4:cctv.mp4,황간휴게소
cctv00003264,10,경부고속도로,127909643.8,36219280.4,http://121.156.51.165:1935/ex/mp4:cctv.mp4/playlist.m3u8,rtsp://121.156.51.165:1935/ex/mp4:cctv.mp4,황간
cctv00003269,350,통영대전중부고속도로,127484947.7,37022868.8,http://121.156.51.165:1935/ex/mp4:cctv.mp4/playlist.m3u8,rtsp://121.156.51.165:1935/ex/mp4:cctv.mp4,음성휴게소
cctv00003270,350,통영대전중부고속도로,127473369.5,36979905.7,http://121.156.51.165:1935/ex/mp4:cctv.mp4/playlist.m3u8,rtsp://121.156.51.165:1935/ex/mp4:cctv.mp4,음성
cctv00003272,350,통영대전중부고속도로,127477054.7,36868549.7,http://121.156.51.165:1935/ex/mp4:cctv.mp4/playlist.m3u8,rtsp://121.156.51.165:1935/ex/mp4:cctv.mp4,진천
cctv00003274,350,통영대전중부고속도로,127503821,36768406.9,http://121.156.51.165:1935/ex/mp4:cctv.mp4/playlist.m3u8,rtsp://121.156.51.165:1935/ex/mp4:cctv.mp4,증평
cctv00003275,350,통영대전중부고속도로,127444759.5,36711838.4,http://121.156.51.165:1935/ex/mp4:cctv.mp4/playlist.m3u8,rtsp://121.156.51.165:1935/ex/mp4:cctv.mp4,오창
cctv00003276,350,통영대전중부고속도로,127422941.6,36647830.2,http://121.156.51.165:1935/ex/mp4:cctv.mp4/playlist.m3u8,rtsp://121.156.51.165:1935/ex/mp4:cctv.mp4,서청주
cctv00003278,350,통영대전중부고속도로,127424816.3,36592507.8,http://121.156.51.165:1935/ex/mp4:cctv.mp4/playlist.m3u8,rtsp://121.156.51.165:1935/ex/mp4:cctv.mp4,남이분기점
cctv00003280,350,통영대전중부고속도로,127474022.2,36264082.3,http://121.156.51.165:1935/ex/mp4:cctv.mp4/playlist.m3u8,rtsp://121.156.51.165:1935/ex/mp4:cctv.mp4,남대전
cctv00003283,350,통영대전중부고속도로,127487042.6,36188090,http://121.156.51.165:1935/ex/mp4:cctv.mp4/playlist.m3u8,rtsp://121.156.51.165:1935/ex/mp4:cctv.mp4,추부
cctv00003292,350,통영대전중부고속도로,127646775.1,35975880.9,http://121.156.51.165:1935/ex/mp4:cctv.mp4/playlist.m3u8,rtsp://121.156.51.165:1935/ex/mp4:cctv.mp4,무주
cctv00003296,350,통영대전중부고속도로,127648640.1,35838019.2,http://121.156.51.165:1935/ex/mp4:cctv.mp4/playlist.m3u8,rtsp://121.156.51.165:1935/ex/mp4:cctv.mp4,덕유산
cctv00003300,350,통영대전중부고속도로,127612304.6,35724378.5,http://121.156.51.165:1935/ex/mp4:cctv.mp4/playlist.m3u8,rtsp://121.156.51.165:1935/ex/mp4:cctv.mp4,장수분기점
cctv00003302,350,통영대전중부고속도로,127673763.8,35665042.7,http://121.156.51.165:1935/ex/mp4:cctv.mp4/playlist.m3u8,rtsp://121.156.51.165:1935/ex/mp4:cctv.mp4,서상
cctv00003303,2510,호남고속도로지선,127385237.4,36409075.9,http://121.156.51.165:1935/ex/mp4:cctv.mp4/playlist.m3u8,rtsp://121.156.51.165:1935/ex/mp4:cctv.mp4,북대전
cctv00003305,450,중부내륙고속도로,128452128,35610359.5,http://121.156.51.165:1935/ex/mp4:cctv.mp4/playlist.m3u8,rtsp://121.156.51.165:1935/ex/mp4:cctv.mp4,유성분기점
cctv00003306,2510,호남고속도로지선,127333259.8,36361761,http://121.156.51.165:1935/ex/mp4:cctv.mp4/playlist.m3u8,rtsp://121.156.51.165:1935/ex/mp4:cctv.mp4,유성
cctv00003308,3000,대전남부순환고속도로,127333697.5,36288717.2,http://121.156.51.165:1935/ex/mp4:cctv.mp4/playlist.m3u8,rtsp://121.156.51.165:1935/ex/mp4:cctv.mp4,서대전
cctv00003309,2510,호남고속도로지선,127319168.9,36288950.2,http://121.156.51.165:1935/ex/mp4:cctv.mp4/playlist.m3u8,rtsp://121.156.51.165:1935/ex/mp4:cctv.mp4,서대전분기점
cctv00003311,2510,호남고속도로지선,127281932.3,36247377.9,http://121.156.51.165:1935/ex/mp4:cctv.mp4/playlist.m3u8,rtsp://121.156.51.165:1935/ex/mp4:cctv.mp4,계룡
cctv00003313,2510,호남고속도로지선,127264692.9,36193842.7,http://121.156.51.165:1935/ex/mp4:cctv.mp4/playlist.m3u8,rtsp://121.156.51.165:1935/ex/mp4:cctv.mp4,벌곡정류장
cctv00003317,2510,호남고속도로지선,127138640.1,36120318.2,http://121.156.51.165:1935/ex/mp4:cctv.mp4/playlist.m3u8,rtsp://121.156.51.165:1935/ex/mp4:cctv.mp4,논산
cctv00003320,150,서해안고속도로,126841603.1,36948192.6,http://121.156.51.165:1935/ex/mp4:cctv.mp4/playlist.m3u8,rtsp://121.156.51.165:1935/ex/mp4:cctv.mp4,서해주탑
cctv00003324,150,서해안고속도로,126783649.5,36933895,http://121.156.51.165:1935/ex/mp4:cctv.mp4/playlist.m3u8,rtsp://121.156.51.165:1935/ex/mp4:cctv.mp4,송악
cctv00003325,150,서해안고속도로,126713165.9,36892646.7,http://121.156.51.165:1935/ex/mp4:cctv.mp4/playlist.m3u8,rtsp://121.156.51.165:1935/ex/mp4:cctv.mp4,당진
cctv00003327,150,서해안고속도로,126620578.1,36848232.7,http://121.156.51.165:1935/ex/mp4:cctv.mp4/playlist.m3u8,rtsp://121.156.51.165:1935/ex/mp4:cctv.mp4,당진분기점
cctv00003331,150,서해안고속도로,126561047,36592720.8,http://121.156.51.165:1935/ex/mp4:cctv.mp4/playlist.m3u8,rtsp://121.156.51.165:1935/ex/mp4:cctv.mp4,홍성
cctv00003332,150,서해안고속도로,126582838.8,36549579,http://121.156.51.165:1935/ex/mp4:cctv.mp4/playlist.m3u8,rtsp://121.156.51.165:1935/ex/mp4:cctv.mp4,홍성휴게소
cctv00003333,150,서해안고속도로,126587453.8,36496914.9,http://121.156.51.165:1935/ex/mp4:cctv.mp4/playlist.m3u8,rtsp://121.156.51.165:1935/ex/mp4:cctv.mp4,광천
cctv00003336,150,서해안고속도로,126558045.6,36376140.1,http://121.156.51.165:1935/ex/mp4:cctv.mp4/playlist.m3u8,rtsp://121.156.51.165:1935/ex/mp4:cctv.mp4,대천휴게소
cctv00003337,150,서해안고속도로,126573510,36333123.4,http://121.156.51.165:1935/ex/mp4:cctv.mp4/playlist.m3u8,rtsp://121.156.51.165:1935/ex/mp4:cctv.mp4,대천
cctv00003339,150,서해안고속도로,126563352.3,36235244.6,http://121.156.51.165:1935/ex/mp4:cctv.mp4/playlist.m3u8,rtsp://121.156.51.165:1935/ex/mp4:cctv.mp4,무창포
cctv00003341,150,서해안고속도로,126602844.8,36166189.9,http://121.156.51.165:1935/ex/mp4:cctv.mp4/playlist.m3u8,rtsp://121.156.51.165:1935/ex/mp4:cctv.mp4,춘장대
cctv00003342,150,서해안고속도로,126627741.5,36129286.2,http://121.156.51.165:1935/ex/mp4:cctv.mp4/playlist.m3u8,rtsp://121.156.51.165:1935/ex/mp4:cctv.mp4,서천휴게소
cctv00003343,150,서해안고속도로,126694259.2,36095638.7,http://121.156.51.165:1935/ex/mp4:cctv.mp4/playlist.m3u8,rtsp://121.156.51.165:1935/ex/mp4:cctv.mp4,서천
cctv00003346,150,서해안고속도로,126799239.4,36012032.9,http://121.156.51.165:1935/ex/mp4:cctv.mp4/playlist.m3u8,rtsp://121.156.51.165:1935/ex/mp4:cctv.mp4,군산
cctv00003445,150,서해안고속도로,126836417.8,35944026,http://121.156.51.165:1935/ex/mp4:cctv.mp4/playlist.m3u8,rtsp://121.156.51.165:1935/ex/mp4:cctv.mp4,동군산
cctv00003781,350,통영대전중부고속도로,128322270.2,35018749.5,http://121.156.51.165:1935/ex/mp4:cctv.mp4/playlist.m3u8,rtsp://121.156.51.165:1935/ex/mp4:cctv.mp4,금산
cctv00003794,400,평택제천간고속도로,127477508.1,36938022.3,http://121.156.51.165:1935/ex/mp4:cctv.mp4/playlist.m3u8,rtsp://121.156.51.165:1935/ex/mp4:cctv.mp4,대소분기점
cctv00003807,2510,호남고속도로지선,127234582.1,36162983.3,http://121.156.51.165:1935/ex/mp4:cctv.mp4/playlist.m3u8,rtsp://121.156.51.165:1935/ex/mp4:cctv.mp4,녹산
cctv00003814,4510,중부내륙지선,128436758.1,35675519.3,http://121.156.51.165:1935/ex/mp4:cctv.mp4/playlist.m3u8,rtsp://121.156.51.165:1935/ex/mp4:cctv.mp4,청원분기점
cctv00003816,4510,중부내륙지선,128445990.6,35708712.4,http://121.156.51.165:1935/ex/mp4:cctv.mp4/playlist.m3u8,rtsp://121.156.51.165:1935/ex/mp4:cctv.mp4,문동
cctv00003817,4510,중부내륙지선,128461422.1,35720922.7,http://121.156.51.165:1935/ex/mp4:cctv.mp4/playlist.m3u8,rtsp://121.156.51.165:1935/ex/mp4:cctv.mp4,문의휴게소
cctv00003820,4510,중부내륙지선,128493557.4,35802387.2,http://121.156.51.165:1935/ex/mp4:cctv.mp4/playlist.m3u8,rtsp://121.156.51.165:1935/ex/mp4:cctv.mp4,회인
cctv00003823,4510,중부내륙지선,128528028.6,35885255,http://121.156.51.165:1935/ex/mp4:cctv.mp4/playlist.m3u8,rtsp://121.156.51.165:1935/ex/mp4:cctv.mp4,보은
cctv00003972,150,서해안고속도로,126578389.1,36423076.7,http://121.156.51.165:1935/ex/mp4:cctv.mp4/playlist.m3u8,rtsp://121.156.51.165:1935/ex/mp4:cctv.mp4,주포
cctv00003980,400,평택제천간고속도로,127348937.9,36978300.7,http://121.156.51.165:1935/ex/mp4:cctv.mp4/playlist.m3u8,rtsp://121.156.51.165:1935/ex/mp4:cctv.mp4,현곡
cctv00002360,450,중부내륙고속도로,127594469.8,37222972.3,http://121.156.51.165:1935/ex/mp4:cctv.mp4/playlist.m3u8,rtsp://121.156.51.165:1935/ex/mp4:cctv.mp4,여주분기점(중부내륙)
cctv00003109,500,영동고속도로,127653914.8,37249690.7,http://121.156.51.165:1935/ex/mp4:cctv.mp4/playlist.m3u8,rtsp://121.156.51.165:1935/ex/mp4:cctv.mp4,여주
cctv00003116,500,영동고속도로,127917622.5,37365621.3,http://121.156.51.165:1935/ex/mp4:cctv.mp4/playlist.m3u8,rtsp://121.156.51.165:1935/ex/mp4:cctv.mp4,만종분기점
cctv00003118,500,영동고속도로,127950323.6,37398388.9,http://121.156.51.165:1935/ex/mp4:cctv.mp4/playlist.m3u8,rtsp://121.156.51.165:1935/ex/mp4:cctv.mp4,원주
cctv00003122,500,영동고속도로,128072402.1,37443474,http://121.156.51.165:1935/ex/mp4:cctv.mp4/playlist.m3u8,rtsp://121.156.51.165:1935/ex/mp4:cctv.mp4,새말
cctv00003128,500,영동고속도로,128133754.2,37461967.4,http://121.156.51.165:1935/ex/mp4:cctv.mp4/playlist.m3u8,rtsp://121.156.51.165:1935/ex/mp4:cctv.mp4,횡성휴게소
cctv00003136,500,영동고속도로,128367184.6,37558675.4,http://121.156.51.165:1935/ex/mp4:cctv.mp4/playlist.m3u8,rtsp://121.156.51.165:1935/ex/mp4:cctv.mp4,면온
cctv00003139,500,영동고속도로,128488622.9,37626457.3,http://121.156.51.165:1935/ex/mp4:cctv.mp4/playlist.m3u8,rtsp://121.156.51.165:1935/ex/mp4:cctv.mp4,속사
cctv00003145,500,영동고속도로,128694121.9,37675798.1,http://121.156.51.165:1935/ex/mp4:cctv.mp4/playlist.m3u8,rtsp://121.156.51.165:1935/ex/mp4:cctv.mp4,횡계
cctv00003151,500,영동고속도로,128791440.4,37742129.6,http://121.156.51.165:1935/ex/mp4:cctv.mp4/playlist.m3u8,rtsp://121.156.51.165:1935/ex/mp4:cctv.mp4,보광리
cctv00003155,650,동해고속도로,128841426,37749158.6,http://121.156.51.165:1935/ex/mp4:cctv.mp4/playlist.m3u8,rtsp://121.156.51.165:1935/ex/mp4:cctv.mp4,강릉
cctv00003156,650,동해고속도로,128836863.3,37771343.9,http://121.156.51.165:1935/ex/mp4:cctv.mp4/playlist.m3u8,rtsp://121.156.51.165:1935/ex/mp4:cctv.mp4,강릉분기점
cctv00003158,650,동해고속도로,128817734.8,37835892,http://121.156.51.165:1935/ex/mp4:cctv.mp4/playlist.m3u8,rtsp://121.156.51.165:1935/ex/mp4:cctv.mp4,북강릉
cctv00003160,650,동해고속도로,128793258.3,37909957.5,http://121.156.51.165:1935/ex/mp4:cctv.mp4/playlist.m3u8,rtsp://121.156.51.165:1935/ex/mp4:cctv.mp4,현남
cctv00003161,650,동해고속도로,129098350,37513640.8,http://121.156.51.165:1935/ex/mp4:cctv.mp4/playlist.m3u8,rtsp://121.156.51.165:1935/ex/mp4:cctv.mp4,동해
cctv00003164,650,동해고속도로,129095652.4,37579417.1,http://121.156.51.165:1935/ex/mp4:cctv.mp4/playlist.m3u8,rtsp://121.156.51.165:1935/ex/mp4:cctv.mp4,망상
cctv00003166,650,동해고속도로,129038032.5,37618768.5,http://121.156.51.165:1935/ex/mp4:cctv.mp4/playlist.m3u8,rtsp://121.156.51.165:1935/ex/mp4:cctv.mp4,옥계
cctv00003170,650,동해고속도로,128891180.2,37692830.4,http://121.156.51.165:1935/ex/mp4:cctv.mp4/playlist.m3u8,rtsp://121.156.51.165:1935/ex/mp4:cctv.mp4,남강릉
cctv00003173,650,동해고속도로,129062573.2,37611878.7,http://121.156.51.165:1935/ex/mp4:cctv.mp4/playlist.m3u8,rtsp://121.156.51.165:1935/ex/mp4:cctv.mp4,옥계휴게소
cctv00003175,550,중앙고속도로,128139270.2,37140930.6,http://121.156.51.165:1935/ex/mp4:cctv.mp4/playlist.m3u8,rtsp://121.156.51.165:1935/ex/mp4:cctv.mp4,제천
cctv00003178,550,중앙고속도로,128040282.5,37255775.1,http://121.156.51.165:1935/ex/mp4:cctv.mp4/playlist.m3u8,rtsp://121.156.51.165:1935/ex/mp4:cctv.mp4,치악휴게소(춘천)
cctv00003180,550,중앙고속도로,127930583.7,37322879.2,http://121.156.51.165:1935/ex/mp4:cctv.mp4/playlist.m3u8,rtsp://121.156.51.165:1935/ex/mp4:cctv.mp4,남원주
cctv00003181,550,중앙고속도로,128365762.1,36915453.6,http://121.156.51.165:1935/ex/mp4:cctv.mp4/playlist.m3u8,rtsp://121.156.51.165:1935/ex/mp4:cctv.mp4,단양
cctv00003185,550,중앙고속도로,128288153.1,37014565.5,http://121.156.51.165:1935/ex/mp4:cctv.mp4/playlist.m3u8,rtsp://121.156.51.165:1935/ex/mp4:cctv.mp4,북단양
cctv00003187,550,중앙고속도로,128174042,37079921.8,http://121.156.51.165:1935/ex/mp4:cctv.mp4/playlist.m3u8,rtsp://121.156.51.165:1935/ex/mp4:cctv.mp4,남제천
cctv00003193,550,중앙고속도로,127975275,37504528.1,http://121.156.51.165:1935/ex/mp4:cctv.mp4/playlist.m3u8,rtsp://121.156.51.165:1935/ex/mp4:cctv.mp4,횡성
cctv00003197,550,중앙고속도로,127857457,37675640.4,http://121.156.51.165:1935/ex/mp4:cctv.mp4/playlist.m3u8,rtsp://121.156.51.165:1935/ex/mp4:cctv.mp4,홍천
cctv00003199,550,중앙고속도로,127794690.3,37739131.6,http://121.156.51.165:1935/ex/mp4:cctv.mp4/playlist.m3u8,rtsp://121.156.51.165:1935/ex/mp4:cctv.mp4,춘천분기점
cctv00003202,550,중앙고속도로,127760325,37842692.1,http://121.156.51.165:1935/ex/mp4:cctv.mp4/playlist.m3u8,rtsp://121.156.51.165:1935/ex/mp4:cctv.mp4,춘천
cctv00003206,450,중부내륙고속도로,127669806.7,37122346.6,http://121.156.51.165:1935/ex/mp4:cctv.mp4/playlist.m3u8,rtsp://121.156.51.165:1935/ex/mp4:cctv.mp4,감곡
cctv00003210,450,중부내륙고속도로,127800625.6,37032008.6,http://121.156.51.165:1935/ex/mp4:cctv.mp4/playlist.m3u8,rtsp://121.156.51.165:1935/ex/mp4:cctv.mp4,북충주
cctv00003213,450,중부내륙고속도로,127848384.1,36977234.7,http://121.156.51.165:1935/ex/mp4:cctv.mp4/playlist.m3u8,rtsp://121.156.51.165:1935/ex/mp4:cctv.mp4,충주
cctv00003217,450,중부내륙고속도로,127924859,36864549.7,http://121.156.51.165:1935/ex/mp4:cctv.mp4/playlist.m3u8,rtsp://121.156.51.165:1935/ex/mp4:cctv.mp4,괴산
cctv00003219,450,중부내륙고속도로,127987644,36761196,http://121.156.51.165:1935/ex/mp4:cctv.mp4/playlist.m3u8,rtsp://121.156.51.165:1935/ex/mp4:cctv.mp4,연풍
cctv00003796,500,영동고속도로,128218110.6,37492197,http://121.156.51.165:1935/ex/mp4:cctv.mp4/playlist.m3u8,rtsp://121.156.51.165:1935/ex/mp4:cctv.mp4,둔내
cctv00003797,500,영동고속도로,128420939.1,37590474.4,http://121.156.51.165:1935/ex/mp4:cctv.mp4/playlist.m3u8,rtsp://121.156.51.165:1935/ex/mp4:cctv.mp4,장평
cctv00003798,500,영동고속도로,128606613.6,37665368.7,http://121.156.51.165:1935/ex/mp4:cctv.mp4/playlist.m3u8,rtsp://121.156.51.165:1935/ex/mp4:cctv.mp4,진부
cctv00003805,550,중앙고속도로,127932286.5,37437159.1,http://121.156.51.165:1935/ex/mp4:cctv.mp4/playlist.m3u8,rtsp://121.156.51.165:1935/ex/mp4:cctv.mp4,원주휴게소
cctv00002316,650,동해고속도로,128838650.7,37764275.5,http://121.156.51.165:1935/ex/mp4:cctv.mp4/playlist.m3u8,rtsp://121.156.51.165:1935/ex/mp4:cctv.mp4,문수
cctv00002317,650,동해고속도로,128934743.4,37685968.3,http://121.156.51.165:1935/ex/mp4:cctv.mp4/playlist.m3u8,rtsp://121.156.51.165:1935/ex/mp4:cctv.mp4,온양
cctv00002318,650,동해고속도로,129091662.3,37586757.7,http://121.156.51.165:1935/ex/mp4:cctv.mp4/playlist.m3u8,rtsp://121.156.51.165:1935/ex/mp4:cctv.mp4,용소교
cctv00002319,650,동해고속도로,128827167.6,37798522.6,http://121.156.51.165:1935/ex/mp4:cctv.mp4/playlist.m3u8,rtsp://121.156.51.165:1935/ex/mp4:cctv.mp4,울산분기점1
cctv00002320,650,동해고속도로,129039767.2,37616444.6,http://121.156.51.165:1935/ex/mp4:cctv.mp4/playlist.m3u8,rtsp://121.156.51.165:1935/ex/mp4:cctv.mp4,일광
cctv00002321,650,동해고속도로,129015472.6,37654388.1,http://121.156.51.165:1935/ex/mp4:cctv.mp4/playlist.m3u8,rtsp://121.156.51.165:1935/ex/mp4:cctv.mp4,장안
cctv00002322,650,동해고속도로,128968294.6,37684827,http://121.156.51.165:1935/ex/mp4:cctv.mp4/playlist.m3u8,rtsp://121.156.51.165:1935/ex/mp4:cctv.mp4,장안휴게소
cctv00002323,650,동해고속도로,129098989.5,37569896.8,http://121.156.51.165:1935/ex/mp4:cctv.mp4/playlist.m3u8,rtsp://121.156.51.165:1935/ex/mp4:cctv.mp4,청강2교
cctv00002324,650,동해고속도로,128860346.9,37714457.6,http://121.156.51.165:1935/ex/mp4:cctv.mp4/playlist.m3u8,rtsp://121.156.51.165:1935/ex/mp4:cctv.mp4,청량
cctv00002325,650,동해고속도로,129098021,37517229.7,http://121.156.51.165:1935/ex/mp4:cctv.mp4/playlist.m3u8,rtsp://121.156.51.165:1935/ex/mp4:cctv.mp4,해운대
cctv00003634,10,경부고속도로,129054888,35377734.4,http://121.156.51.165:1935/ex/mp4:cctv.mp4/playlist.m3u8,rtsp://121.156.51.165:1935/ex/mp4:cctv.mp4,양산
cctv00003637,10,경부고속도로,129070589.7,35428513.3,http://121.156.51.165:1935/ex/mp4:cctv.mp4/playlist.m3u8,rtsp://121.156.51.165:1935/ex/mp4:cctv.mp4,선전교
cctv00003640,10,경부고속도로,129097107.1,35495077,http://121.156.51.165:1935/ex/mp4:cctv.mp4/playlist.m3u8,rtsp://121.156.51.165:1935/ex/mp4:cctv.mp4,통도사
cctv00003642,10,경부고속도로,129123456.7,35545979.3,http://121.156.51.165:1935/ex/mp4:cctv.mp4/playlist.m3u8,rtsp://121.156.51.165:1935/ex/mp4:cctv.mp4,서울산
cctv00003643,10,경부고속도로,129134412.8,35571607.7,http://121.156.51.165:1935/ex/mp4:cctv.mp4/playlist.m3u8,rtsp://121.156.51.165:1935/ex/mp4:cctv.mp4,언양분기점
cctv00003648,10,경부고속도로,129197168.2,35724464.2,http://121.156.51.165:1935/ex/mp4:cctv.mp4/playlist.m3u8,rtsp://121.156.51.165:1935/ex/mp4:cctv.mp4,경주휴게소
cctv00003651,10,경부고속도로,129188543.6,35802680.4,http://121.156.51.165:1935/ex/mp4:cctv.mp4/playlist.m3u8,rtsp://121.156.51.165:1935/ex/mp4:cctv.mp4,경주
cctv00003652,160,울산선고속도로,129143157.5,35554545.2,http://121.156.51.165:1935/ex/mp4:cctv.mp4/playlist.m3u8,rtsp://121.156.51.165:1935/ex/mp4:cctv.mp4,울산시점
cctv00003657,160,울산선고속도로,129262756,35548824.6,http://121.156.51.165:1935/ex/mp4:cctv.mp4/playlist.m3u8,rtsp://121.156.51.165:1935/ex/mp4:cctv.mp4,울산종점
cctv00003658,10,경부고속도로,129102269.2,35250557.5,http://121.156.51.165:1935/ex/mp4:cctv.mp4/playlist.m3u8,rtsp://121.156.51.165:1935/ex/mp4:cctv.mp4,구서
cctv00003659,10,경부고속도로,129110149.6,35267316.3,http://121.156.51.165:1935/ex/mp4:cctv.mp4/playlist.m3u8,rtsp://121.156.51.165:1935/ex/mp4:cctv.mp4,부산영업소
cctv00003663,10,경부고속도로,129047077.5,35325522.2,http://121.156.51.165:1935/ex/mp4:cctv.mp4/playlist.m3u8,rtsp://121.156.51.165:1935/ex/mp4:cctv.mp4,양산분기점
cctv00003666,100,남해고속도로,128857806.1,35216853.8,http://121.156.51.165:1935/ex/mp4:cctv.mp4/playlist.m3u8,rtsp://121.156.51.165:1935/ex/mp4:cctv.mp4,서김해
cctv00003668,100,남해고속도로,128911938.2,35221630.9,http://121.156.51.165:1935/ex/mp4:cctv.mp4/playlist.m3u8,rtsp://121.156.51.165:1935/ex/mp4:cctv.mp4,동김해
cctv00003674,550,중앙고속도로,128987391.9,35276495.1,http://121.156.51.165:1935/ex/mp4:cctv.mp4/playlist.m3u8,rtsp://121.156.51.165:1935/ex/mp4:cctv.mp4,대동분기점
cctv00003677,5510,중앙고속도로지선,129024011.4,35319767,http://121.156.51.165:1935/ex/mp4:cctv.mp4/playlist.m3u8,rtsp://121.156.51.165:1935/ex/mp4:cctv.mp4,남양산
cctv00003678,4510,중부내륙지선,128438878.9,35698851.8,http://121.156.51.165:1935/ex/mp4:cctv.mp4/playlist.m3u8,rtsp://121.156.51.165:1935/ex/mp4:cctv.mp4,현풍휴게소
cctv00003682,4510,중부내륙지선,128478195.8,35760699.4,http://121.156.51.165:1935/ex/mp4:cctv.mp4/playlist.m3u8,rtsp://121.156.51.165:1935/ex/mp4:cctv.mp4,달성
cctv00003685,450,중부내륙고속도로,128505756.9,35319343.4,http://121.156.51.165:1935/ex/mp4:cctv.mp4/playlist.m3u8,rtsp://121.156.51.165:1935/ex/mp4:cctv.mp4,칠서
cctv00003688,450,중부내륙고속도로,128484335.8,35399168,http://121.156.51.165:1935/ex/mp4:cctv.mp4/playlist.m3u8,rtsp://121.156.51.165:1935/ex/mp4:cctv.mp4,남지
cctv00003689,450,중부내륙고속도로,128514414.8,35455839.1,http://121.156.51.165:1935/ex/mp4:cctv.mp4/playlist.m3u8,rtsp://121.156.51.165:1935/ex/mp4:cctv.mp4,영산
cctv00003694,450,중부내륙고속도로,128478684.1,35540105.4,http://121.156.51.165:1935/ex/mp4:cctv.mp4/playlist.m3u8,rtsp://121.156.51.165:1935/ex/mp4:cctv.mp4,창녕
cctv00003698,1020,남해고속도로제1지선,128514932.2,35257992.2,http://121.156.51.165:1935/ex/mp4:cctv.mp4/playlist.m3u8,rtsp://121.156.51.165:1935/ex/mp4:cctv.mp4,내서분기점
cctv00003700,1020,남해고속도로제1지선,128567258.9,35233381.3,http://121.156.51.165:1935/ex/mp4:cctv.mp4/playlist.m3u8,rtsp://121.156.51.165:1935/ex/mp4:cctv.mp4,서마산
cctv00003702,1020,남해고속도로제1지선,128593751.3,35247764.5,http://121.156.51.165:1935/ex/mp4:cctv.mp4/playlist.m3u8,rtsp://121.156.51.165:1935/ex/mp4:cctv.mp4,동마산
cctv00003704,100,남해고속도로,128648153.5,35271940,http://121.156.51.165:1935/ex/mp4:cctv.mp4/playlist.m3u8,rtsp://121.156.51.165:1935/ex/mp4:cctv.mp4,창원분기점
cctv00003706,100,남해고속도로,128689962.1,35273240.7,http://121.156.51.165:1935/ex/mp4:cctv.mp4/playlist.m3u8,rtsp://121.156.51.165:1935/ex/mp4:cctv.mp4,동창원
cctv00003708,100,남해고속도로,128757838.6,35257620.6,http://121.156.51.165:1935/ex/mp4:cctv.mp4/playlist.m3u8,rtsp://121.156.51.165:1935/ex/mp4:cctv.mp4,진례
cctv00003710,100,남해고속도로,128794132.8,35218110.7,http://121.156.51.165:1935/ex/mp4:cctv.mp4/playlist.m3u8,rtsp://121.156.51.165:1935/ex/mp4:cctv.mp4,냉정분기점
cctv00003711,1040,남해고속도로제2지선,128797636.6,35207893,http://121.156.51.165:1935/ex/mp4:cctv.mp4/playlist.m3u8,rtsp://121.156.51.165:1935/ex/mp4:cctv.mp4,장유휴게소
cctv00003712,1040,남해고속도로제2지선,128812828,35192595.7,http://121.156.51.165:1935/ex/mp4:cctv.mp4/playlist.m3u8,rtsp://121.156.51.165:1935/ex/mp4:cctv.mp4,장유
cctv00003716,1040,남해고속도로제2지선,128901481.6,35162187.9,http://121.156.51.165:1935/ex/mp4:cctv.mp4/playlist.m3u8,rtsp://121.156.51.165:1935/ex/mp4:cctv.mp4,가락
cctv00003719,1040,남해고속도로제2지선,128964142.5,35151390.8,http://121.156.51.165:1935/ex/mp4:cctv.mp4/playlist.m3u8,rtsp://121.156.51.165:1935/ex/mp4:cctv.mp4,서부산종점
cctv00003722,100,남해고속도로,128606767.6,35283759.7,http://121.156.51.165:1935/ex/mp4:cctv.mp4/playlist.m3u8,rtsp://121.156.51.165:1935/ex/mp4:cctv.mp4,북창원
cctv00003724,100,남해고속도로,127830940,35000659.6,http://121.156.51.165:1935/ex/mp4:cctv.mp4/playlist.m3u8,rtsp://121.156.51.165:1935/ex/mp4:cctv.mp4,하동
cctv00003726,100,남해고속도로,127910141.3,35040116.5,http://121.156.51.165:1935/ex/mp4:cctv.mp4/playlist.m3u8,rtsp://121.156.51.165:1935/ex/mp4:cctv.mp4,진교
cctv00003728,100,남해고속도로,127969100.6,35053863.6,http://121.156.51.165:1935/ex/mp4:cctv.mp4/playlist.m3u8,rtsp://121.156.51.165:1935/ex/mp4:cctv.mp4,곤양
cctv00003729,100,남해고속도로,128005707.4,35071502.9,http://121.156.51.165:1935/ex/mp4:cctv.mp4/playlist.m3u8,rtsp://121.156.51.165:1935/ex/mp4:cctv.mp4,사천휴게소
cctv00003732,100,남해고속도로,128084808.4,35108811,http://121.156.51.165:1935/ex/mp4:cctv.mp4/playlist.m3u8,rtsp://121.156.51.165:1935/ex/mp4:cctv.mp4,사천
cctv00003734,100,남해고속도로,128123088.9,35157786.6,http://121.156.51.165:1935/ex/mp4:cctv.mp4/playlist.m3u8,rtsp://121.156.51.165:1935/ex/mp4:cctv.mp4,진주
cctv00003736,100,남해고속도로,128151531.5,35166863.3,http://121.156.51.165:1935/ex/mp4:cctv.mp4/playlist.m3u8,rtsp://121.156.51.165:1935/ex/mp4:cctv.mp4,문산휴게소
cctv00003742,100,남해고속도로,128276843,35234983.9,http://121.156.51.165:1935/ex/mp4:cctv.mp4/playlist.m3u8,rtsp://121.156.51.165:1935/ex/mp4:cctv.mp4,지수
cctv00003744,100,남해고속도로,128281190.4,35261056.1,http://121.156.51.165:1935/ex/mp4:cctv.mp4/playlist.m3u8,rtsp://121.156.51.165:1935/ex/mp4:cctv.mp4,남강휴게소
cctv00003745,100,남해고속도로,128296947.5,35271982.6,http://121.156.51.165:1935/ex/mp4:cctv.mp4/playlist.m3u8,rtsp://121.156.51.165:1935/ex/mp4:cctv.mp4,군북
cctv00003746,100,남해고속도로,128344753.6,35289812.6,http://121.156.51.165:1935/ex/mp4:cctv.mp4/playlist.m3u8,rtsp://121.156.51.165:1935/ex/mp4:cctv.mp4,장지
cctv00003930,100,남해고속도로,128976429.7,35216184.4,http://121.156.51.165:1935/ex/mp4:cctv.mp4/playlist.m3u8,rtsp://121.156.51.165:1935/ex/mp4:cctv.mp4,대저
cctv00002300,10,경부고속도로,128699361.2,35881174.8,http://121.156.51.165:1935/ex/mp4:cctv.mp4/playlist.m3u8,rtsp://121.156.51.165:1935/ex/mp4:cctv.mp4,동대구
cctv00003483,10,경부고속도로,128005073.8,36189360.1,http://121.156.51.165:1935/ex/mp4:cctv.mp4/playlist.m3u8,rtsp://121.156.51.165:1935/ex/mp4:cctv.mp4,추풍령휴게소
cctv00003488,10,경부고속도로,128094904.1,36130938.4,http://121.156.51.165:1935/ex/mp4:cctv.mp4/playlist.m3u8,rtsp://121.156.51.165:1935/ex/mp4:cctv.mp4,김천
cctv00003490,10,경부고속도로,128147870.4,36124427.2,http://121.156.51.165:1935/ex/mp4:cctv.mp4/playlist.m3u8,rtsp://121.156.51.165:1935/ex/mp4:cctv.mp4,신촌
cctv00003495,10,경부고속도로,128359315.7,36117627.8,http://121.156.51.165:1935/ex/mp4:cctv.mp4/playlist.m3u8,rtsp://121.156.51.165:1935/ex/mp4:cctv.mp4,구미
cctv00003497,10,경부고속도로,128373970.1,36067006.2,http://121.156.51.165:1935/ex/mp4:cctv.mp4/playlist.m3u8,rtsp://121.156.51.165:1935/ex/mp4:cctv.mp4,남구미
cctv00003499,10,경부고속도로,128432756.2,36016216.4,http://121.156.51.165:1935/ex/mp4:cctv.mp4/playlist.m3u8,rtsp://121.156.51.165:1935/ex/mp4:cctv.mp4,칠곡휴게소
cctv00003503,10,경부고속도로,128530795.8,35889621.9,http://121.156.51.165:1935/ex/mp4:cctv.mp4/playlist.m3u8,rtsp://121.156.51.165:1935/ex/mp4:cctv.mp4,금호분기점
cctv00003505,10,경부고속도로,128584317.7,35906355.5,http://121.156.51.165:1935/ex/mp4:cctv.mp4/playlist.m3u8,rtsp://121.156.51.165:1935/ex/mp4:cctv.mp4,북대구
cctv00003507,10,경부고속도로,128654914.1,35912435.1,http://121.156.51.165:1935/ex/mp4:cctv.mp4/playlist.m3u8,rtsp://121.156.51.165:1935/ex/mp4:cctv.mp4,도동분기점
cctv00003512,10,경부고속도로,128786633.3,35874396.6,http://121.156.51.165:1935/ex/mp4:cctv.mp4/playlist.m3u8,rtsp://121.156.51.165:1935/ex/mp4:cctv.mp4,경산
cctv00003515,10,경부고속도로,128853591.6,35879747.1,http://121.156.51.165:1935/ex/mp4:cctv.mp4/playlist.m3u8,rtsp://121.156.51.165:1935/ex/mp4:cctv.mp4,평사휴게소
cctv00003528,10,경부고속도로,129098682.8,35831536.3,http://121.156.51.165:1935/ex/mp4:cctv.mp4/playlist.m3u8,rtsp://121.156.51.165:1935/ex/mp4:cctv.mp4,건천휴게소
cctv00003532,120,88올림픽고속도로,128456678.5,35781458.1,http://121.156.51.165:1935/ex/mp4:cctv.mp4/playlist.m3u8,rtsp://121.156.51.165:1935/ex/mp4:cctv.mp4,옥포분기점
cctv00003533,120,88올림픽고속도로,128431542.7,35765912.7,http://121.156.51.165:1935/ex/mp4:cctv.mp4/playlist.m3u8,rtsp://121.156.51.165:1935/ex/mp4:cctv.mp4,금포
cctv00003535,120,88올림픽고속도로,128379102.2,35755879.2,http://121.156.51.165:1935/ex/mp4:cctv.mp4/playlist.m3u8,rtsp://121.156.51.165:1935/ex/mp4:cctv.mp4,동고령분기점
cctv00003538,120,88올림픽고속도로,128254165.8,35698729.7,http://121.156.51.165:1935/ex/mp4:cctv.mp4/playlist.m3u8,rtsp://121.156.51.165:1935/ex/mp4:cctv.mp4,고령
cctv00003540,120,88올림픽고속도로,128177888,35706747.1,http://121.156.51.165:1935/ex/mp4:cctv.mp4/playlist.m3u8,rtsp://121.156.51.165:1935/ex/mp4:cctv.mp4,해인사
cctv00003546,120,88올림픽고속도로,128061401,35704174.3,http://121.156.51.165:1935/ex/mp4:cctv.mp4/playlist.m3u8,rtsp://121.156.51.165:1935/ex/mp4:cctv.mp4,거창휴게소
cctv00003552,120,88올림픽고속도로,127899442,35624757.1,http://121.156.51.165:1935/ex/mp4:cctv.mp4/playlist.m3u8,rtsp://121.156.51.165:1935/ex/mp4:cctv.mp4,거창
cctv00003554,120,88올림픽고속도로,127842172.8,35559710,http://121.156.51.165:1935/ex/mp4:cctv.mp4/playlist.m3u8,rtsp://121.156.51.165:1935/ex/mp4:cctv.mp4,죽산휴게소
cctv00003555,120,88올림픽고속도로,127784846.2,35538660.6,http://121.156.51.165:1935/ex/mp4:cctv.mp4/playlist.m3u8,rtsp://121.156.51.165:1935/ex/mp4:cctv.mp4,함양분기점
cctv00003556,120,88올림픽고속도로,127757205,35529293.9,http://121.156.51.165:1935/ex/mp4:cctv.mp4/playlist.m3u8,rtsp://121.156.51.165:1935/ex/mp4:cctv.mp4,함양
cctv00003559,550,중앙고속도로,128537464.8,35931895,http://121.156.51.165:1935/ex/mp4:cctv.mp4/playlist.m3u8,rtsp://121.156.51.165:1935/ex/mp4:cctv.mp4,칠곡
cctv00003563,550,중앙고속도로,128552708.3,35998609.8,http://121.156.51.165:1935/ex/mp4:cctv.mp4/playlist.m3u8,rtsp://121.156.51.165:1935/ex/mp4:cctv.mp4,동명휴게소
cctv00003569,550,중앙고속도로,128536385.5,36087220.9,http://121.156.51.165:1935/ex/mp4:cctv.mp4/playlist.m3u8,rtsp://121.156.51.165:1935/ex/mp4:cctv.mp4,가산
cctv00003573,550,중앙고속도로,128563229.5,36201568.6,http://121.156.51.165:1935/ex/mp4:cctv.mp4/playlist.m3u8,rtsp://121.156.51.165:1935/ex/mp4:cctv.mp4,군위
cctv00003574,550,중앙고속도로,128583062.7,36286451,http://121.156.51.165:1935/ex/mp4:cctv.mp4/playlist.m3u8,rtsp://121.156.51.165:1935/ex/mp4:cctv.mp4,의성
cctv00003580,550,중앙고속도로,128621651.5,36474496.2,http://121.156.51.165:1935/ex/mp4:cctv.mp4/playlist.m3u8,rtsp://121.156.51.165:1935/ex/mp4:cctv.mp4,남안동
cctv00003583,550,중앙고속도로,128629229.7,36585639.1,http://121.156.51.165:1935/ex/mp4:cctv.mp4/playlist.m3u8,rtsp://121.156.51.165:1935/ex/mp4:cctv.mp4,서안동
cctv00003585,550,중앙고속도로,128545595,36666646.8,http://121.156.51.165:1935/ex/mp4:cctv.mp4/playlist.m3u8,rtsp://121.156.51.165:1935/ex/mp4:cctv.mp4,예천
cctv00003588,550,중앙고속도로,128573667.6,36767573,http://121.156.51.165:1935/ex/mp4:cctv.mp4/playlist.m3u8,rtsp://121.156.51.165:1935/ex/mp4:cctv.mp4,영주
cctv00003590,550,중앙고속도로,128535090.5,36848341.7,http://121.156.51.165:1935/ex/mp4:cctv.mp4/playlist.m3u8,rtsp://121.156.51.165:1935/ex/mp4:cctv.mp4,풍기
cctv00003599,450,중부내륙고속도로,128157270.1,36611649.1,http://121.156.51.165:1935/ex/mp4:cctv.mp4/playlist.m3u8,rtsp://121.156.51.165:1935/ex/mp4:cctv.mp4,문경휴게소
cctv00003602,450,중부내륙고속도로,128169750.5,36529600.3,http://121.156.51.165:1935/ex/mp4:cctv.mp4/playlist.m3u8,rtsp://121.156.51.165:1935/ex/mp4:cctv.mp4,북상주
cctv00003607,450,중부내륙고속도로,128215736.1,36418697.4,http://121.156.51.165:1935/ex/mp4:cctv.mp4/playlist.m3u8,rtsp://121.156.51.165:1935/ex/mp4:cctv.mp4,상주
cctv00003611,450,중부내륙고속도로,128223978.9,36333347.9,http://121.156.51.165:1935/ex/mp4:cctv.mp4/playlist.m3u8,rtsp://121.156.51.165:1935/ex/mp4:cctv.mp4,유곡
cctv00003614,450,중부내륙고속도로,128261985.8,36240684.5,http://121.156.51.165:1935/ex/mp4:cctv.mp4/playlist.m3u8,rtsp://121.156.51.165:1935/ex/mp4:cctv.mp4,선산
cctv00003616,450,중부내륙고속도로,128268885.8,36154140.6,http://121.156.51.165:1935/ex/mp4:cctv.mp4/playlist.m3u8,rtsp://121.156.51.165:1935/ex/mp4:cctv.mp4,김천분기점
cctv00003896,10,경부고속도로,129164798.8,35815308.8,http://121.156.51.165:1935/ex/mp4:cctv.mp4/playlist.m3u8,rtsp://121.156.51.165:1935/ex/mp4:cctv.mp4,광명
cctv00003898,450,중부내륙고속도로,128434085.7,35677488.4,http://121.156.51.165:1935/ex/mp4:cctv.mp4/playlist.m3u8,rtsp://121.156.51.165:1935/ex/mp4:cctv.mp4,현풍분기점
cctv00003903,450,중부내륙고속도로,128377057.9,35750793.7,http://121.156.51.165:1935/ex/mp4:cctv.mp4/playlist.m3u8,rtsp://121.156.51.165:1935/ex/mp4:cctv.mp4,고령분기점
cctv00003908,450,중부내륙고속도로,128329784.3,35833218.8,http://121.156.51.165:1935/ex/mp4:cctv.mp4/playlist.m3u8,rtsp://121.156.51.165:1935/ex/mp4:cctv.mp4,남성주
cctv00003914,450,중부내륙고속도로,128253509.9,35914907.7,http://121.156.51.165:1935/ex/mp4:cctv.mp4/playlist.m3u8,rtsp://121.156.51.165:1935/ex/mp4:cctv.mp4,성주
cctv00003919,450,중부내륙고속도로,128261933.2,36005005.4,http://121.156.51.165:1935/ex/mp4:cctv.mp4/playlist.m3u8,rtsp://121.156.51.165:1935/ex/mp4:cctv.mp4,성주휴게소
cctv00003942,10,경부고속도로,128265329.6,36157857.7,http://121.156.51.165:1935/ex/mp4:cctv.mp4/playlist.m3u8,rtsp://121.156.51.165:1935/ex/mp4:cctv.mp4,김천분기점
cctv00003348,250,호남고속도로,127081920.9,35923657.8,http://121.156.51.165:1935/ex/mp4:cctv.mp4/playlist.m3u8,rtsp://121.156.51.165:1935/ex/mp4:cctv.mp4,삼례
cctv00003350,250,호남고속도로,127034883.7,35822744.1,http://121.156.51.165:1935/ex/mp4:cctv.mp4/playlist.m3u8,rtsp://121.156.51.165:1935/ex/mp4:cctv.mp4,서전주
cctv00003351,250,호남고속도로,127001962.4,35769780.7,http://121.156.51.165:1935/ex/mp4:cctv.mp4/playlist.m3u8,rtsp://121.156.51.165:1935/ex/mp4:cctv.mp4,김제
cctv00003355,250,호남고속도로,126927921.5,35657732.7,http://121.156.51.165:1935/ex/mp4:cctv.mp4/playlist.m3u8,rtsp://121.156.51.165:1935/ex/mp4:cctv.mp4,태인
cctv00003359,250,호남고속도로,126835677.6,35578741.1,http://121.156.51.165:1935/ex/mp4:cctv.mp4/playlist.m3u8,rtsp://121.156.51.165:1935/ex/mp4:cctv.mp4,정읍
cctv00003361,250,호남고속도로,126803253.5,35504377.7,http://121.156.51.165:1935/ex/mp4:cctv.mp4/playlist.m3u8,rtsp://121.156.51.165:1935/ex/mp4:cctv.mp4,내장산
cctv00003365,250,호남고속도로,126810084.2,35436641.4,http://121.156.51.165:1935/ex/mp4:cctv.mp4/playlist.m3u8,rtsp://121.156.51.165:1935/ex/mp4:cctv.mp4,백양사
cctv00003369,250,호남고속도로,126810832.4,35333141.3,http://121.156.51.165:1935/ex/mp4:cctv.mp4/playlist.m3u8,rtsp://121.156.51.165:1935/ex/mp4:cctv.mp4,장성분기점
cctv00003372,250,호남고속도로,126787481.8,35292167.5,http://121.156.51.165:1935/ex/mp4:cctv.mp4/playlist.m3u8,rtsp://121.156.51.165:1935/ex/mp4:cctv.mp4,장성
cctv00003377,250,호남고속도로,126830292.8,35212753.2,http://121.156.51.165:1935/ex/mp4:cctv.mp4/playlist.m3u8,rtsp://121.156.51.165:1935/ex/mp4:cctv.mp4,광산
cctv00003380,250,호남고속도로,126883970.6,35181761,http://121.156.51.165:1935/ex/mp4:cctv.mp4/playlist.m3u8,rtsp://121.156.51.165:1935/ex/mp4:cctv.mp4,서광주
cctv00003382,250,호남고속도로,126927686.9,35179376.3,http://121.156.51.165:1935/ex/mp4:cctv.mp4/playlist.m3u8,rtsp://121.156.51.165:1935/ex/mp4:cctv.mp4,동광주
cctv00003385,250,호남고속도로,126965927,35220766.4,http://121.156.51.165:1935/ex/mp4:cctv.mp4/playlist.m3u8,rtsp://121.156.51.165:1935/ex/mp4:cctv.mp4,고서분기점
cctv00003387,250,호남고속도로,127042493.4,35243608.2,http://121.156.51.165:1935/ex/mp4:cctv.mp4/playlist.m3u8,rtsp://121.156.51.165:1935/ex/mp4:cctv.mp4,대덕분기점
cctv00003389,250,호남고속도로,127092714.6,35260542,http://121.156.51.165:1935/ex/mp4:cctv.mp4/playlist.m3u8,rtsp://121.156.51.165:1935/ex/mp4:cctv.mp4,오례
cctv00003393,120,88올림픽고속도로,126971842.3,35246643,http://121.156.51.165:1935/ex/mp4:cctv.mp4/playlist.m3u8,rtsp://121.156.51.165:1935/ex/mp4:cctv.mp4,담양분기점
cctv00003394,140,고창담양선,126769858.3,35346787.6,http://121.156.51.165:1935/ex/mp4:cctv.mp4/playlist.m3u8,rtsp://121.156.51.165:1935/ex/mp4:cctv.mp4,장성물류
cctv00003396,140,고창담양선,126808956.7,35325143.7,http://121.156.51.165:1935/ex/mp4:cctv.mp4/playlist.m3u8,rtsp://121.156.51.165:1935/ex/mp4:cctv.mp4,장성분기점
cctv00003398,140,고창담양선,126891318.8,35259654.9,http://121.156.51.165:1935/ex/mp4:cctv.mp4/playlist.m3u8,rtsp://121.156.51.165:1935/ex/mp4:cctv.mp4,북광주
cctv00003400,140,고창담양선,126939074.9,35244718,http://121.156.51.165:1935/ex/mp4:cctv.mp4/playlist.m3u8,rtsp://121.156.51.165:1935/ex/mp4:cctv.mp4,와우
cctv00003402,140,고창담양선,127034179.8,35243961.2,http://121.156.51.165:1935/ex/mp4:cctv.mp4/playlist.m3u8,rtsp://121.156.51.165:1935/ex/mp4:cctv.mp4,대덕분기점
cctv00003405,250,호남고속도로,127255539.4,35134746.7,http://121.156.51.165:1935/ex/mp4:cctv.mp4/playlist.m3u8,rtsp://121.156.51.165:1935/ex/mp4:cctv.mp4,석곡
cctv00003406,250,호남고속도로,127268029.8,35070786.8,http://121.156.51.165:1935/ex/mp4:cctv.mp4/playlist.m3u8,rtsp://121.156.51.165:1935/ex/mp4:cctv.mp4,주암
cctv00003411,250,호남고속도로,127379089.1,35010987.4,http://121.156.51.165:1935/ex/mp4:cctv.mp4/playlist.m3u8,rtsp://121.156.51.165:1935/ex/mp4:cctv.mp4,승주
cctv00003413,250,호남고속도로,127443048.5,35007462,http://121.156.51.165:1935/ex/mp4:cctv.mp4/playlist.m3u8,rtsp://121.156.51.165:1935/ex/mp4:cctv.mp4,순천휴게소
cctv00003415,100,남해고속도로,127486751.5,35000020.2,http://121.156.51.165:1935/ex/mp4:cctv.mp4/playlist.m3u8,rtsp://121.156.51.165:1935/ex/mp4:cctv.mp4,서순천
cctv00003416,100,남해고속도로,127520388.2,34983839.3,http://121.156.51.165:1935/ex/mp4:cctv.mp4/playlist.m3u8,rtsp://121.156.51.165:1935/ex/mp4:cctv.mp4,순천
cctv00003417,100,남해고속도로,127607356.4,34968423.3,http://121.156.51.165:1935/ex/mp4:cctv.mp4/playlist.m3u8,rtsp://121.156.51.165:1935/ex/mp4:cctv.mp4,광양
cctv00003418,100,남해고속도로,127648803.2,34962052.1,http://121.156.51.165:1935/ex/mp4:cctv.mp4/playlist.m3u8,rtsp://121.156.51.165:1935/ex/mp4:cctv.mp4,동광양
cctv00003421,100,남해고속도로,127708577.4,34983624.8,http://121.156.51.165:1935/ex/mp4:cctv.mp4/playlist.m3u8,rtsp://121.156.51.165:1935/ex/mp4:cctv.mp4,옥곡
cctv00003423,100,남해고속도로,127752320.5,34977220,http://121.156.51.165:1935/ex/mp4:cctv.mp4/playlist.m3u8,rtsp://121.156.51.165:1935/ex/mp4:cctv.mp4,진월
cctv00003424,100,남해고속도로,127772873.4,34982526.3,http://121.156.51.165:1935/ex/mp4:cctv.mp4/playlist.m3u8,rtsp://121.156.51.165:1935/ex/mp4:cctv.mp4,섬진강휴게소
cctv00003429,120,88올림픽고속도로,127596575.6,35485305.4,http://121.156.51.165:1935/ex/mp4:cctv.mp4/playlist.m3u8,rtsp://121.156.51.165:1935/ex/mp4:cctv.mp4,지리산
cctv00003435,120,88올림픽고속도로,127402058.2,35427848.3,http://121.156.51.165:1935/ex/mp4:cctv.mp4/playlist.m3u8,rtsp://121.156.51.165:1935/ex/mp4:cctv.mp4,남원
cctv00003440,120,88올림픽고속도로,127148546.5,35359639.3,http://121.156.51.165:1935/ex/mp4:cctv.mp4/playlist.m3u8,rtsp://121.156.51.165:1935/ex/mp4:cctv.mp4,순창
cctv00003448,150,서해안고속도로,126841093.1,35828567.7,http://121.156.51.165:1935/ex/mp4:cctv.mp4/playlist.m3u8,rtsp://121.156.51.165:1935/ex/mp4:cctv.mp4,서김제
cctv00003451,150,서해안고속도로,126769721.5,35721781.7,http://121.156.51.165:1935/ex/mp4:cctv.mp4/playlist.m3u8,rtsp://121.156.51.165:1935/ex/mp4:cctv.mp4,부안
cctv00003456,150,서해안고속도로,126698456.5,35595300.9,http://121.156.51.165:1935/ex/mp4:cctv.mp4/playlist.m3u8,rtsp://121.156.51.165:1935/ex/mp4:cctv.mp4,줄포
cctv00003458,150,서해안고속도로,126692718.1,35539945.4,http://121.156.51.165:1935/ex/mp4:cctv.mp4/playlist.m3u8,rtsp://121.156.51.165:1935/ex/mp4:cctv.mp4,후포
cctv00003461,150,서해안고속도로,126666847.9,35438929.1,http://121.156.51.165:1935/ex/mp4:cctv.mp4/playlist.m3u8,rtsp://121.156.51.165:1935/ex/mp4:cctv.mp4,고창
cctv00003464,150,서해안고속도로,126601195.8,35371090.8,http://121.156.51.165:1935/ex/mp4:cctv.mp4/playlist.m3u8,rtsp://121.156.51.165:1935/ex/mp4:cctv.mp4,덕림
cctv00003466,150,서해안고속도로,126560101.7,35296516.7,http://121.156.51.165:1935/ex/mp4:cctv.mp4/playlist.m3u8,rtsp://121.156.51.165:1935/ex/mp4:cctv.mp4,영광
cctv00003468,150,서해안고속도로,126493004,35215678.1,http://121.156.51.165:1935/ex/mp4:cctv.mp4/playlist.m3u8,rtsp://121.156.51.165:1935/ex/mp4:cctv.mp4,부춘
cctv00003470,150,서해안고속도로,126485557.4,35166288.1,http://121.156.51.165:1935/ex/mp4:cctv.mp4/playlist.m3u8,rtsp://121.156.51.165:1935/ex/mp4:cctv.mp4,백운
cctv00003472,150,서해안고속도로,126483657.1,35096076.1,http://121.156.51.165:1935/ex/mp4:cctv.mp4/playlist.m3u8,rtsp://121.156.51.165:1935/ex/mp4:cctv.mp4,함평
cctv00003475,150,서해안고속도로,126494506.7,35002600.2,http://121.156.51.165:1935/ex/mp4:cctv.mp4/playlist.m3u8,rtsp://121.156.51.165:1935/ex/mp4:cctv.mp4,무안
cctv00003480,150,서해안고속도로,126494707.5,34869277.5,http://121.156.51.165:1935/ex/mp4:cctv.mp4/playlist.m3u8,rtsp://121.156.51.165:1935/ex/mp4:cctv.mp4,목포요금소
cctv00003849,120,무안광주선,127087620.1,35350916.3,http://121.156.51.165:1935/ex/mp4:cctv.mp4/playlist.m3u8,rtsp://121.156.51.165:1935/ex/mp4:cctv.mp4,문평
cctv00003851,120,무안광주선,127178992.3,35362272.4,http://121.156.51.165:1935/ex/mp4:cctv.mp4/playlist.m3u8,rtsp://121.156.51.165:1935/ex/mp4:cctv.mp4,나주
cctv00003854,140,고창담양선,126676140.7,35399842,http://121.156.51.165:1935/ex/mp4:cctv.mp4/playlist.m3u8,rtsp://121.156.51.165:1935/ex/mp4:cctv.mp4,남고창
cctv00003884,120,무안광주선,126961921.8,35222864.2,http://121.156.51.165:1935/ex/mp4:cctv.mp4/playlist.m3u8,rtsp://121.156.51.165:1935/ex/mp4:cctv.mp4,무안공항
cctv00003888,120,무안광주선,127050222.2,35330458.7,http://121.156.51.165:1935/ex/mp4:cctv.mp4/playlist.m3u8,rtsp://121.156.51.165:1935/ex/mp4:cctv.mp4,동함평
cctv00004001,120,무안광주선,127221800.6,35376182.7,http://121.156.51.165:1935/ex/mp4:cctv.mp4/playlist.m3u8,rtsp://121.156.51.165:1935/ex/mp4:cctv.mp4,서광산
