001000006,구서IC,경부고속도로,10,129097562.3,35250656.23,1287213263,예제IC~예제IC 75km/h 10분 소요,예제IC~예제IC 75km/h 10분 소요,50,50,reserved1,reserved2
001000043,부산TG,경부고속도로,10,129105221.7,35281439.79,1287213263,예제IC~예제IC 75km/h 10분 소요,예제IC~예제IC 75km/h 10분 소요,50,50,reserved1,reserved2
001000130,양산JC,경부고속도로,10,129039748.4,35336547.77,1287213263,예제IC~예제IC 75km/h 10분 소요,예제IC~예제IC 75km/h 10분 소요,50,50,reserved1,reserved2
001000179,양산IC,경부고속도로,10,129051708.9,35378538.9,1287213263,예제IC~예제IC 75km/h 10분 소요,예제IC~예제IC 75km/h 10분 소요,50,50,reserved1,reserved2
001000321,통도사IC,경부고속도로,10,129095881.4,35500450.93,1287213263,예제IC~예제IC 75km/h 10분 소요,예제IC~예제IC 75km/h 10분 소요,50,50,reserved1,reserved2
001000388,서울산IC,경부고속도로,10,129124874.3,35555568.11,1287213263,예제IC~예제IC 75km/h 10분 소요,예제IC~예제IC 75km/h 10분 소요,50,50,reserved1,reserved2
001000405,언양JC,경부고속도로,10,129130945.3,35570035.73,1287213263,예제IC~예제IC 75km/h 10분 소요,예제IC~예제IC 75km/h 10분 소요,50,50,reserved1,reserved2
001000440,언양휴게소,경부고속도로,10,129141541.5,35600505.77,1287213263,예제IC~예제IC 75km/h 10분 소요,예제IC~예제IC 75km/h 10분 소요,50,50,reserved1,reserved2
001000683,경주IC,경부고속도로,10,129184443.6,35807985.29,1287213263,예제IC~예제IC 75km/h 10분 소요,예제IC~예제IC 75km/h 10분 소요,50,50,reserved1,reserved2
001000760,건천휴게소,경부고속도로,10,129108538.2,35831070.12,1287213263,예제IC~예제IC 75km/h 10분 소요,예제IC~예제IC 75km/h 10분 소요,50,50,reserved1,reserved2
001000787,건천IC,경부고속도로,10,129085071,35844268.75,1287213263,예제IC~예제IC 75km/h 10분 소요,예제IC~예제IC 75km/h 10분 소요,50,50,reserved1,reserved2
001000964,영천IC,경부고속도로,10,128951416.3,35922419.4,1287213263,예제IC~예제IC 75km/h 10분 소요,예제IC~예제IC 75km/h 10분 소요,50,50,reserved1,reserved2
001001056,평사휴게소,경부고속도로,10,128867297,35886489.48,1287213263,예제IC~예제IC 75km/h 10분 소요,예제IC~예제IC 75km/h 10분 소요,50,50,reserved1,reserved2
001001109,경산휴게소,경부고속도로,10,128810259.9,35878076.06,1287213263,예제IC~예제IC 75km/h 10분 소요,예제IC~예제IC 75km/h 10분 소요,50,50,reserved1,reserved2
001001128,경산IC,경부고속도로,10,128788767.6,35876959.29,1287213263,예제IC~예제IC 75km/h 10분 소요,예제IC~예제IC 75km/h 10분 소요,50,50,reserved1,reserved2
001001221,동대구JC,경부고속도로,10,128694468.2,35885833.7,1287213263,예제IC~예제IC 75km/h 10분 소요,예제IC~예제IC 75km/h 10분 소요,50,50,reserved1,reserved2
001001262,도동JC,경부고속도로,10,128664178.2,35912229.28,1287213263,예제IC~예제IC 75km/h 10분 소요,예제IC~예제IC 75km/h 10분 소요,50,50,reserved1,reserved2
001001300,검단IC,경부고속도로,10,128623028.4,35917056.04,1287213263,예제IC~예제IC 75km/h 10분 소요,예제IC~예제IC 75km/h 10분 소요,50,50,reserved1,reserved2
001001339,북대구IC,경부고속도로,10,128581005.5,35909147.43,1287213263,예제IC~예제IC 75km/h 10분 소요,예제IC~예제IC 75km/h 10분 소요,50,50,reserved1,reserved2
001001394,금호JC,경부고속도로,10,128525264.8,35892727.03,1287213263,예제IC~예제IC 75km/h 10분 소요,예제IC~예제IC 75km/h 10분 소요,50,50,reserved1,reserved2
001001533,왜관IC,경부고속도로,10,128432465.9,35977193.99,1287213263,예제IC~예제IC 75km/h 10분 소요,예제IC~예제IC 75km/h 10분 소요,50,50,reserved1,reserved2
001001570,칠곡휴게소,경부고속도로,10,128428525,36009476.5,1287213263,예제IC~예제IC 75km/h 10분 소요,예제IC~예제IC 75km/h 10분 소요,50,50,reserved1,reserved2
001001673,남구미IC,경부고속도로,10,128369530.6,36069979.8,1287213263,예제IC~예제IC 75km/h 10분 소요,예제IC~예제IC 75km/h 10분 소요,50,50,reserved1,reserved2
001001723,구미IC,경부고속도로,10,128360706.9,36109289.76,1287213263,예제IC~예제IC 75km/h 10분 소요,예제IC~예제IC 75km/h 10분 소요,50,50,reserved1,reserved2
001001839,김천JC,경부고속도로,10,128256539.8,36161434.98,1287213263,예제IC~예제IC 75km/h 10분 소요,예제IC~예제IC 75km/h 10분 소요,50,50,reserved1,reserved2
001002003,김천IC,경부고속도로,10,128094641.5,36133831.35,1287213263,예제IC~예제IC 75km/h 10분 소요,예제IC~예제IC 75km/h 10분 소요,50,50,reserved1,reserved2
001002122,추풍령IC,경부고속도로,10,128002284,36195892.68,1287213263,예제IC~예제IC 75km/h 10분 소요,예제IC~예제IC 75km/h 10분 소요,50,50,reserved1,reserved2
001002123,추풍령휴게소,경부고속도로,10,128002162.4,36196788.51,1287213263,예제IC~예제IC 75km/h 10분 소요,예제IC~예제IC 75km/h 10분 소요,50,50,reserved1,reserved2
001002224,황간IC,경부고속도로,10,127907460.9,36222237.32,1287213263,예제IC~예제IC 75km/h 10분 소요,예제IC~예제IC 75km/h 10분 소요,50,50,reserved1,reserved2
001002296,황간휴게소,경부고속도로,10,127853670.2,36250458.27,1287213263,예제IC~예제IC 75km/h 10분 소요,예제IC~예제IC 75km/h 10분 소요,50,50,reserved1,reserved2
001002323,영동IC,경부고속도로,10,127835013.3,36268119.99,1287213263,예제IC~예제IC 75km/h 10분 소요,예제IC~예제IC 75km/h 10분 소요,50,50,reserved1,reserved2
001002482,금강휴게소,경부고속도로,10,127674041.9,36279834.78,1287213263,예제IC~예제IC 75km/h 10분 소요,예제IC~예제IC 75km/h 10분 소요,50,50,reserved1,reserved2
001002483,금강IC,경부고속도로,10,127672919,36279700.02,1287213263,예제IC~예제IC 75km/h 10분 소요,예제IC~예제IC 75km/h 10분 소요,50,50,reserved1,reserved2
001002557,옥천휴게소,경부고속도로,10,127596078.7,36297892.67,1287213263,예제IC~예제IC 75km/h 10분 소요,예제IC~예제IC 75km/h 10분 소요,50,50,reserved1,reserved2
001002597,옥천IC,경부고속도로,10,127559131.2,36316186.45,1287213263,예제IC~예제IC 75km/h 10분 소요,예제IC~예제IC 75km/h 10분 소요,50,50,reserved1,reserved2
001002684,비룡JC,경부고속도로,10,127482747.4,36345151.75,1287213263,예제IC~예제IC 75km/h 10분 소요,예제IC~예제IC 75km/h 10분 소요,50,50,reserved1,reserved2
001002719,대전IC,경부고속도로,10,127452068.7,36362256.49,1287213263,예제IC~예제IC 75km/h 10분 소요,예제IC~예제IC 75km/h 10분 소요,50,50,reserved1,reserved2
001002779,회덕JC,경부고속도로,10,127419112.3,36404109.87,1287213263,예제IC~예제IC 75km/h 10분 소요,예제IC~예제IC 75km/h 10분 소요,50,50,reserved1,reserved2
001002806,신탄진휴게소,경부고속도로,10,127416970.5,36426991.8,1287213263,예제IC~예제IC 75km/h 10분 소요,예제IC~예제IC 75km/h 10분 소요,50,50,reserved1,reserved2
001002820,신탄진IC,경부고속도로,10,127419809.1,36439414.84,1287213263,예제IC~예제IC 75km/h 10분 소요,예제IC~예제IC 75km/h 10분 소요,50,50,reserved1,reserved2
001002878,죽암휴게소,경부고속도로,10,127430288.5,36486920.81,1287213263,예제IC~예제IC 75km/h 10분 소요,예제IC~예제IC 75km/h 10분 소요,50,50,reserved1,reserved2
001002889,죽암휴게소,경부고속도로,10,127429577.6,36496850.15,1287213263,예제IC~예제IC 75km/h 10분 소요,예제IC~예제IC 75km/h 10분 소요,50,50,reserved1,reserved2
001002931,청원IC,경부고속도로,10,127430319,36533878.94,1287213263,예제IC~예제IC 75km/h 10분 소요,예제IC~예제IC 75km/h 10분 소요,50,50,reserved1,reserved2
001003005,남이JC,경부고속도로,10,127419767,36598273.66,1287213263,예제IC~예제IC 75km/h 10분 소요,예제IC~예제IC 75km/h 10분 소요,50,50,reserved1,reserved2
001003051,청주IC,경부고속도로,10,127383301.3,36626203.21,1287213263,예제IC~예제IC 75km/h 10분 소요,예제IC~예제IC 75km/h 10분 소요,50,50,reserved1,reserved2
001003086,옥산휴게소,경부고속도로,10,127371781.9,36656306.96,1287213263,예제IC~예제IC 75km/h 10분 소요,예제IC~예제IC 75km/h 10분 소요,50,50,reserved1,reserved2
001003166,청원휴게소,경부고속도로,10,127344416.7,36716901.56,1287213263,예제IC~예제IC 75km/h 10분 소요,예제IC~예제IC 75km/h 10분 소요,50,50,reserved1,reserved2
001003242,천안휴게소,경부고속도로,10,127264204.4,36731270.06,1287213263,예제IC~예제IC 75km/h 10분 소요,예제IC~예제IC 75km/h 10분 소요,50,50,reserved1,reserved2
001003299,목천IC,경부고속도로,10,127217928.9,36759554.3,1287213263,예제IC~예제IC 75km/h 10분 소요,예제IC~예제IC 75km/h 10분 소요,50,50,reserved1,reserved2
001003334,천안JC,경부고속도로,10,127181848,36769071.04,1287213263,예제IC~예제IC 75km/h 10분 소요,예제IC~예제IC 75km/h 10분 소요,50,50,reserved1,reserved2
001003357,천안삼휴게소,경부고속도로,10,127172187.9,36787992.77,1287213263,예제IC~예제IC 75km/h 10분 소요,예제IC~예제IC 75km/h 10분 소요,50,50,reserved1,reserved2
001003401,천안IC,경부고속도로,10,127168632,36826206.36,1287213263,예제IC~예제IC 75km/h 10분 소요,예제IC~예제IC 75km/h 10분 소요,50,50,reserved1,reserved2
001003436,망향휴게소,경부고속도로,10,127182479.4,36855286.93,1287213263,예제IC~예제IC 75km/h 10분 소요,예제IC~예제IC 75km/h 10분 소요,50,50,reserved1,reserved2
001003535,입장휴게소,경부고속도로,10,127189510.5,36943693.13,1287213263,예제IC~예제IC 75km/h 10분 소요,예제IC~예제IC 75km/h 10분 소요,50,50,reserved1,reserved2
001003601,안성IC,경부고속도로,10,127153826.6,36995190.86,1287213263,예제IC~예제IC 75km/h 10분 소요,예제IC~예제IC 75km/h 10분 소요,50,50,reserved1,reserved2
001003613,안성휴게소,경부고속도로,10,127149931.7,37005530.98,1287213263,예제IC~예제IC 75km/h 10분 소요,예제IC~예제IC 75km/h 10분 소요,50,50,reserved1,reserved2
001003649,안성JC,경부고속도로,10,127138745,37036530.7,1287213263,예제IC~예제IC 75km/h 10분 소요,예제IC~예제IC 75km/h 10분 소요,50,50,reserved1,reserved2
001003690,안성휴게소,경부고속도로,10,127132649.5,37072923.5,1287213263,예제IC~예제IC 75km/h 10분 소요,예제IC~예제IC 75km/h 10분 소요,50,50,reserved1,reserved2
001003782,오산IC,경부고속도로,10,127084043,37143796.53,1287213263,예제IC~예제IC 75km/h 10분 소요,예제IC~예제IC 75km/h 10분 소요,50,50,reserved1,reserved2
001003865,기흥IC(동탄),경부고속도로,10,127097051.4,37216355.58,1287213263,예제IC~예제IC 75km/h 10분 소요,예제IC~예제IC 75km/h 10분 소요,50,50,reserved1,reserved2
001003872,기흥IC(구),경부고속도로,10,127100746.4,37221908.21,1287213263,예제IC~예제IC 75km/h 10분 소요,예제IC~예제IC 75km/h 10분 소요,50,50,reserved1,reserved2
001003880,기흥휴게소,경부고속도로,10,127105331.9,37228105.52,1287213263,예제IC~예제IC 75km/h 10분 소요,예제IC~예제IC 75km/h 10분 소요,50,50,reserved1,reserved2
001003924,수원IC,경부고속도로,10,127103752.5,37267151.45,1287213263,예제IC~예제IC 75km/h 10분 소요,예제IC~예제IC 75km/h 10분 소요,50,50,reserved1,reserved2
001003950,신갈JC,경부고속도로,10,127103641.9,37290553.79,1287213263,예제IC~예제IC 75km/h 10분 소요,예제IC~예제IC 75km/h 10분 소요,50,50,reserved1,reserved2
001004024,죽전휴계소,경부고속도로,10,127103300.2,37357159.91,1287213263,예제IC~예제IC 75km/h 10분 소요,예제IC~예제IC 75km/h 10분 소요,50,50,reserved1,reserved2
001004069,판교IC,경부고속도로,10,127100625.3,37397516.91,1287213263,예제IC~예제IC 75km/h 10분 소요,예제IC~예제IC 75km/h 10분 소요,50,50,reserved1,reserved2
001004080,판교JC,경부고속도로,10,127094503.5,37405854.39,1287213263,예제IC~예제IC 75km/h 10분 소요,예제IC~예제IC 75km/h 10분 소요,50,50,reserved1,reserved2
001004150,서울만남의광장휴게소,경부고속도로,10,127046942.6,37456065.67,1287213263,예제IC~예제IC 75km/h 10분 소요,예제IC~예제IC 75km/h 10분 소요,50,50,reserved1,reserved2
001004161,양재IC,경부고속도로,10,127039430.7,37463950.41,1287213263,예제IC~예제IC 75km/h 10분 소요,예제IC~예제IC 75km/h 10분 소요,50,50,reserved1,reserved2
001004187,서초IC,경부고속도로,10,127025634.5,37484241.62,1287213263,예제IC~예제IC 75km/h 10분 소요,예제IC~예제IC 75km/h 10분 소요,50,50,reserved1,reserved2
001004210,반포IC,경부고속도로,10,127018518.2,37503065.2,1287213263,예제IC~예제IC 75km/h 10분 소요,예제IC~예제IC 75km/h 10분 소요,50,50,reserved1,reserved2
001004217,잠원IC,경부고속도로,10,127016220.6,37509227.2,1287213263,예제IC~예제IC 75km/h 10분 소요,예제IC~예제IC 75km/h 10분 소요,50,50,reserved1,reserved2
010000038,순천IC ,남해고속도로,100,127516314.8,34987164.25,1287213263,예제IC~예제IC 75km/h 10분 소요,예제IC~예제IC 75km/h 10분 소요,50,50,reserved1,reserved2
010000126,광양IC,남해고속도로,100,127603596.8,34973336,1287213263,예제IC~예제IC 75km/h 10분 소요,예제IC~예제IC 75km/h 10분 소요,50,50,reserved1,reserved2
010000177,동광양IC,남해고속도로,100,127651633.9,34963407.72,1287213263,예제IC~예제IC 75km/h 10분 소요,예제IC~예제IC 75km/h 10분 소요,50,50,reserved1,reserved2
010000242,옥곡IC,남해고속도로,100,127703988.7,34987003.64,1287213263,예제IC~예제IC 75km/h 10분 소요,예제IC~예제IC 75km/h 10분 소요,50,50,reserved1,reserved2
010000286,진월IC,남해고속도로,100,127748000,34980204.49,1287213263,예제IC~예제IC 75km/h 10분 소요,예제IC~예제IC 75km/h 10분 소요,50,50,reserved1,reserved2
010000311,섬진강휴게소,남해고속도로,100,127772563.9,34986620.96,1287213263,예제IC~예제IC 75km/h 10분 소요,예제IC~예제IC 75km/h 10분 소요,50,50,reserved1,reserved2
010000356,하동IC,남해고속도로,100,127814103.4,35002473.67,1287213263,예제IC~예제IC 75km/h 10분 소요,예제IC~예제IC 75km/h 10분 소요,50,50,reserved1,reserved2
010000457,진교IC,남해고속도로,100,127905536.4,35041438.99,1287213263,예제IC~예제IC 75km/h 10분 소요,예제IC~예제IC 75km/h 10분 소요,50,50,reserved1,reserved2
010000521,곤양IC,남해고속도로,100,127967913.1,35057381.31,1287213263,예제IC~예제IC 75km/h 10분 소요,예제IC~예제IC 75km/h 10분 소요,50,50,reserved1,reserved2
010000566,사천휴게소,남해고속도로,100,128010055.6,35074238.47,1287213263,예제IC~예제IC 75km/h 10분 소요,예제IC~예제IC 75km/h 10분 소요,50,50,reserved1,reserved2
010000601,축동IC,남해고속도로,100,128043307.6,35086447.37,1287213263,예제IC~예제IC 75km/h 10분 소요,예제IC~예제IC 75km/h 10분 소요,50,50,reserved1,reserved2
010000655,사천IC,남해고속도로,100,128087591.8,35113840.12,1287213263,예제IC~예제IC 75km/h 10분 소요,예제IC~예제IC 75km/h 10분 소요,50,50,reserved1,reserved2
010000685,진주JC,남해고속도로,100,128097993.8,35137936.33,1287213263,예제IC~예제IC 75km/h 10분 소요,예제IC~예제IC 75km/h 10분 소요,50,50,reserved1,reserved2
010000753,문산휴게소,남해고속도로,100,128152525.7,35170676.59,1287213263,예제IC~예제IC 75km/h 10분 소요,예제IC~예제IC 75km/h 10분 소요,50,50,reserved1,reserved2
010000760,문산IC,남해고속도로,100,128159949.6,35172303.6,1287213263,예제IC~예제IC 75km/h 10분 소요,예제IC~예제IC 75km/h 10분 소요,50,50,reserved1,reserved2
010000835,진성IC,남해고속도로,100,128225951.8,35192094.62,1287213263,예제IC~예제IC 75km/h 10분 소요,예제IC~예제IC 75km/h 10분 소요,50,50,reserved1,reserved2
010000893,지수IC,남해고속도로,100,128271915.4,35223559.96,1287213263,예제IC~예제IC 75km/h 10분 소요,예제IC~예제IC 75km/h 10분 소요,50,50,reserved1,reserved2
010000940,남강휴게소,남해고속도로,100,128278998.7,35264134.07,1287213263,예제IC~예제IC 75km/h 10분 소요,예제IC~예제IC 75km/h 10분 소요,50,50,reserved1,reserved2
010000980,군북IC,남해고속도로,100,128315059.5,35280808.03,1287213263,예제IC~예제IC 75km/h 10분 소요,예제IC~예제IC 75km/h 10분 소요,50,50,reserved1,reserved2
010001017,장지IC,남해고속도로,100,128350128.7,35291949.31,1287213263,예제IC~예제IC 75km/h 10분 소요,예제IC~예제IC 75km/h 10분 소요,50,50,reserved1,reserved2
010001063,함안IC,남해고속도로,100,128400012.3,35287773.12,1287213263,예제IC~예제IC 75km/h 10분 소요,예제IC~예제IC 75km/h 10분 소요,50,50,reserved1,reserved2
010001142,산인JC,남해고속도로,100,128480909.9,35272445.68,1287213263,예제IC~예제IC 75km/h 10분 소요,예제IC~예제IC 75km/h 10분 소요,50,50,reserved1,reserved2
010001172,칠원JC,남해고속도로,100,128510292.7,35283423.34,1287213263,예제IC~예제IC 75km/h 10분 소요,예제IC~예제IC 75km/h 10분 소요,50,50,reserved1,reserved2
010001265,북창원IC,남해고속도로,100,128609768.4,35285435.06,1287213263,예제IC~예제IC 75km/h 10분 소요,예제IC~예제IC 75km/h 10분 소요,50,50,reserved1,reserved2
010001296,창원JC,남해고속도로,100,128641255.7,35275151.46,1287213263,예제IC~예제IC 75km/h 10분 소요,예제IC~예제IC 75km/h 10분 소요,50,50,reserved1,reserved2
010001347,동창원IC,남해고속도로,100,128695112.1,35278076.39,1287213263,예제IC~예제IC 75km/h 10분 소요,예제IC~예제IC 75km/h 10분 소요,50,50,reserved1,reserved2
010001395,진영휴게소,남해고속도로,100,128745152,35270960.83,1287213263,예제IC~예제IC 75km/h 10분 소요,예제IC~예제IC 75km/h 10분 소요,50,50,reserved1,reserved2
010001434,진례IC,남해고속도로,100,128761222.2,35239634.98,1287213263,예제IC~예제IC 75km/h 10분 소요,예제IC~예제IC 75km/h 10분 소요,50,50,reserved1,reserved2
010001497,냉정JC,남해고속도로,100,128820069.9,35223786.29,1287213263,예제IC~예제IC 75km/h 10분 소요,예제IC~예제IC 75km/h 10분 소요,50,50,reserved1,reserved2
010001545,서김해IC,남해고속도로,100,128871926.2,35221149.07,1287213263,예제IC~예제IC 75km/h 10분 소요,예제IC~예제IC 75km/h 10분 소요,50,50,reserved1,reserved2
010001601,동김해IC,남해고속도로,100,128932382.4,35222409.69,1287213263,예제IC~예제IC 75km/h 10분 소요,예제IC~예제IC 75km/h 10분 소요,50,50,reserved1,reserved2
010001634,북부산TG,남해고속도로,100,128967632.1,35219584.28,1287213263,예제IC~예제IC 75km/h 10분 소요,예제IC~예제IC 75km/h 10분 소요,50,50,reserved1,reserved2
010001664,대저JC,남해고속도로,100,129000170.2,35215995.64,1287213263,예제IC~예제IC 75km/h 10분 소요,예제IC~예제IC 75km/h 10분 소요,50,50,reserved1,reserved2
012000000,고서JC,88올림픽고속도로,120,126960556,35224228.04,1287213263,예제IC~예제IC 75km/h 10분 소요,예제IC~예제IC 75km/h 10분 소요,50,50,reserved1,reserved2
012000030,담양JC,88올림픽고속도로,120,126969664.4,35248486.68,1287213263,예제IC~예제IC 75km/h 10분 소요,예제IC~예제IC 75km/h 10분 소요,50,50,reserved1,reserved2
012000066,담양IC,88올림픽고속도로,120,126979017.5,35279390.13,1287213263,예제IC~예제IC 75km/h 10분 소요,예제IC~예제IC 75km/h 10분 소요,50,50,reserved1,reserved2
012000272,순창IC,88올림픽고속도로,120,127143361.6,35361791.7,1287213263,예제IC~예제IC 75km/h 10분 소요,예제IC~예제IC 75km/h 10분 소요,50,50,reserved1,reserved2
012000401,남원휴게소,88올림픽고속도로,120,127273354.8,35387256.74,1287213263,예제IC~예제IC 75km/h 10분 소요,예제IC~예제IC 75km/h 10분 소요,50,50,reserved1,reserved2
012000530,남원IC,88올림픽고속도로,120,127396945.2,35428924.54,1287213263,예제IC~예제IC 75km/h 10분 소요,예제IC~예제IC 75km/h 10분 소요,50,50,reserved1,reserved2
012000682,남장수IC,88올림픽고속도로,120,127525339.1,35502424.4,1287213263,예제IC~예제IC 75km/h 10분 소요,예제IC~예제IC 75km/h 10분 소요,50,50,reserved1,reserved2
012000757,지리산휴게소,88올림픽고속도로,120,127566157.1,35481797.17,1287213263,예제IC~예제IC 75km/h 10분 소요,예제IC~예제IC 75km/h 10분 소요,50,50,reserved1,reserved2
012000778,지리산IC,88올림픽고속도로,120,127588912.7,35484046.05,1287213263,예제IC~예제IC 75km/h 10분 소요,예제IC~예제IC 75km/h 10분 소요,50,50,reserved1,reserved2
012000963,함양IC,88올림픽고속도로,120,127749556.5,35532679.92,1287213263,예제IC~예제IC 75km/h 10분 소요,예제IC~예제IC 75km/h 10분 소요,50,50,reserved1,reserved2
012000983,함양JC,88올림픽고속도로,120,127770805.7,35535134.95,1287213263,예제IC~예제IC 75km/h 10분 소요,예제IC~예제IC 75km/h 10분 소요,50,50,reserved1,reserved2
012001063,죽산휴게소,88올림픽고속도로,120,127840014.3,35562744.59,1287213263,예제IC~예제IC 75km/h 10분 소요,예제IC~예제IC 75km/h 10분 소요,50,50,reserved1,reserved2
012001220,거창IC,88올림픽고속도로,120,127929379.9,35675332.63,1287213263,예제IC~예제IC 75km/h 10분 소요,예제IC~예제IC 75km/h 10분 소요,50,50,reserved1,reserved2
012001331,가조IC,88올림픽고속도로,120,128021650.7,35702233.46,1287213263,예제IC~예제IC 75km/h 10분 소요,예제IC~예제IC 75km/h 10분 소요,50,50,reserved1,reserved2
012001365,거창휴게소,88올림픽고속도로,120,128058112.5,35707220.91,1287213263,예제IC~예제IC 75km/h 10분 소요,예제IC~예제IC 75km/h 10분 소요,50,50,reserved1,reserved2
012001501,해인사IC,88올림픽고속도로,120,128170212.2,35715433.29,1287213263,예제IC~예제IC 75km/h 10분 소요,예제IC~예제IC 75km/h 10분 소요,50,50,reserved1,reserved2
012001595,고령IC,88올림픽고속도로,120,128250860,35701718.19,1287213263,예제IC~예제IC 75km/h 10분 소요,예제IC~예제IC 75km/h 10분 소요,50,50,reserved1,reserved2
012001717,동고령IC,88올림픽고속도로,120,128356615,35752010.25,1287213263,예제IC~예제IC 75km/h 10분 소요,예제IC~예제IC 75km/h 10분 소요,50,50,reserved1,reserved2
012001830,옥포JC,88올림픽고속도로,120,128463401.5,35792430.91,1287213263,예제IC~예제IC 75km/h 10분 소요,예제IC~예제IC 75km/h 10분 소요,50,50,reserved1,reserved2
012100000,무안공항IC,무안광주고속도로,121,126390735.3,35002509.8,1287213263,예제IC~예제IC 75km/h 10분 소요,예제IC~예제IC 75km/h 10분 소요,50,50,reserved1,reserved2
012100043,북무안IC,무안광주고속도로,121,126432086.9,35013427.84,1287213263,예제IC~예제IC 75km/h 10분 소요,예제IC~예제IC 75km/h 10분 소요,50,50,reserved1,reserved2
012100066,무안공항TG,무안광주고속도로,121,126456559.9,35016996.73,1287213263,예제IC~예제IC 75km/h 10분 소요,예제IC~예제IC 75km/h 10분 소요,50,50,reserved1,reserved2
012100096,함평JC,무안광주고속도로,121,126485402.4,35029399.69,1287213263,예제IC~예제IC 75km/h 10분 소요,예제IC~예제IC 75km/h 10분 소요,50,50,reserved1,reserved2
012100156,동함평IC,무안광주고속도로,121,126544954.5,35050348.65,1287213263,예제IC~예제IC 75km/h 10분 소요,예제IC~예제IC 75km/h 10분 소요,50,50,reserved1,reserved2
012100207,문평IC,무안광주고속도로,121,126595381.2,35067095.78,1287213263,예제IC~예제IC 75km/h 10분 소요,예제IC~예제IC 75km/h 10분 소요,50,50,reserved1,reserved2
012100309,나주IC,무안광주고속도로,121,126696395.5,35101900.33,1287213263,예제IC~예제IC 75km/h 10분 소요,예제IC~예제IC 75km/h 10분 소요,50,50,reserved1,reserved2
014000000,고창JC,고창담양고속도로,140,126653063.3,35417178.3,1287213263,예제IC~예제IC 75km/h 10분 소요,예제IC~예제IC 75km/h 10분 소요,50,50,reserved1,reserved2
014000030,남고창IC,고창담양고속도로,140,126678679.5,35400379.44,1287213263,예제IC~예제IC 75km/h 10분 소요,예제IC~예제IC 75km/h 10분 소요,50,50,reserved1,reserved2
014000126,장성물류IC,고창담양고속도로,140,126762321.3,35350163.83,1287213263,예제IC~예제IC 75km/h 10분 소요,예제IC~예제IC 75km/h 10분 소요,50,50,reserved1,reserved2
014000171,장성JC,고창담양고속도로,140,126803624.3,35330635.2,1287213263,예제IC~예제IC 75km/h 10분 소요,예제IC~예제IC 75km/h 10분 소요,50,50,reserved1,reserved2
014000372,담양JC,고창담양고속도로,140,126979390.9,35252287.13,1287213263,예제IC~예제IC 75km/h 10분 소요,예제IC~예제IC 75km/h 10분 소요,50,50,reserved1,reserved2
014000423,대덕JC,고창담양고속도로,140,127032450.5,35246642.14,1287213263,예제IC~예제IC 75km/h 10분 소요,예제IC~예제IC 75km/h 10분 소요,50,50,reserved1,reserved2
015000000,목포IC,서해안고속도로,150,126421434.9,34841429.64,1287213263,예제IC~예제IC 75km/h 10분 소요,예제IC~예제IC 75km/h 10분 소요,50,50,reserved1,reserved2
015000063,일로IC,서해안고속도로,150,126481586.8,34858249.29,1287213263,예제IC~예제IC 75km/h 10분 소요,예제IC~예제IC 75km/h 10분 소요,50,50,reserved1,reserved2
015000235,무안IC,서해안고속도로,150,126492216.4,35007467.01,1287213263,예제IC~예제IC 75km/h 10분 소요,예제IC~예제IC 75km/h 10분 소요,50,50,reserved1,reserved2
015000305,함평휴게소,서해안고속도로,150,126479492.2,35069451.94,1287213263,예제IC~예제IC 75km/h 10분 소요,예제IC~예제IC 75km/h 10분 소요,50,50,reserved1,reserved2
015000338,함평IC,서해안고속도로,150,126481638.9,35099142.48,1287213263,예제IC~예제IC 75km/h 10분 소요,예제IC~예제IC 75km/h 10분 소요,50,50,reserved1,reserved2
015000373,함평휴게소,서해안고속도로,150,126481085,35130678.13,1287213263,예제IC~예제IC 75km/h 10분 소요,예제IC~예제IC 75km/h 10분 소요,50,50,reserved1,reserved2
015000581,영광IC,서해안고속도로,150,126557560.5,35298762.05,1287213263,예제IC~예제IC 75km/h 10분 소요,예제IC~예제IC 75km/h 10분 소요,50,50,reserved1,reserved2
015000741,고창휴게소,서해안고속도로,150,126652127.2,35416086.15,1287213263,예제IC~예제IC 75km/h 10분 소요,예제IC~예제IC 75km/h 10분 소요,50,50,reserved1,reserved2
015000769,고창IC,서해안고속도로,150,126663694,35439410,1287213263,예제IC~예제IC 75km/h 10분 소요,예제IC~예제IC 75km/h 10분 소요,50,50,reserved1,reserved2
015000796,고창고인돌휴게소,서해안고속도로,150,126672035,35462731.38,1287213263,예제IC~예제IC 75km/h 10분 소요,예제IC~예제IC 75km/h 10분 소요,50,50,reserved1,reserved2
015000802,고창고인돌휴게소,서해안고속도로,150,126674508.5,35467747.95,1287213263,예제IC~예제IC 75km/h 10분 소요,예제IC~예제IC 75km/h 10분 소요,50,50,reserved1,reserved2
015000849,선운산IC,서해안고속도로,150,126683312,35509288.19,1287213263,예제IC~예제IC 75km/h 10분 소요,예제IC~예제IC 75km/h 10분 소요,50,50,reserved1,reserved2
015000947,줄포IC,서해안고속도로,150,126696597.1,35596514.98,1287213263,예제IC~예제IC 75km/h 10분 소요,예제IC~예제IC 75km/h 10분 소요,50,50,reserved1,reserved2
015001109,부안IC,서해안고속도로,150,126768888.8,35726277.38,1287213263,예제IC~예제IC 75km/h 10분 소요,예제IC~예제IC 75km/h 10분 소요,50,50,reserved1,reserved2
015001248,서김제IC,서해안고속도로,150,126839503.4,35834228.59,1287213263,예제IC~예제IC 75km/h 10분 소요,예제IC~예제IC 75km/h 10분 소요,50,50,reserved1,reserved2
015001374,동군산IC,서해안고속도로,150,126834104.3,35945204.6,1287213263,예제IC~예제IC 75km/h 10분 소요,예제IC~예제IC 75km/h 10분 소요,50,50,reserved1,reserved2
015001416,군산휴게소,서해안고속도로,150,126829682.7,35981597.9,1287213263,예제IC~예제IC 75km/h 10분 소요,예제IC~예제IC 75km/h 10분 소요,50,50,reserved1,reserved2
015001458,군산IC,서해안고속도로,150,126799043.1,36009811.13,1287213263,예제IC~예제IC 75km/h 10분 소요,예제IC~예제IC 75km/h 10분 소요,50,50,reserved1,reserved2
015001470,군산휴게소,서해안고속도로,150,126795627.6,36020257.03,1287213263,예제IC~예제IC 75km/h 10분 소요,예제IC~예제IC 75km/h 10분 소요,50,50,reserved1,reserved2
015001520,동서천JC,서해안고속도로,150,126772488.4,36058303.89,1287213263,예제IC~예제IC 75km/h 10분 소요,예제IC~예제IC 75km/h 10분 소요,50,50,reserved1,reserved2
015001610,서천IC,서해안고속도로,150,126688875.3,36098818.32,1287213263,예제IC~예제IC 75km/h 10분 소요,예제IC~예제IC 75km/h 10분 소요,50,50,reserved1,reserved2
015001936,대천IC,서해안고속도로,150,126574702.4,36333576.49,1287213263,예제IC~예제IC 75km/h 10분 소요,예제IC~예제IC 75km/h 10분 소요,50,50,reserved1,reserved2
015001980,대천휴게소,서해안고속도로,150,126557748.8,36369242.14,1287213263,예제IC~예제IC 75km/h 10분 소요,예제IC~예제IC 75km/h 10분 소요,50,50,reserved1,reserved2
015002133,광천IC,서해안고속도로,150,126585238.4,36498921.8,1287213263,예제IC~예제IC 75km/h 10분 소요,예제IC~예제IC 75km/h 10분 소요,50,50,reserved1,reserved2
015002200,홍성휴게소,서해안고속도로,150,126579466.1,36558679.12,1287213263,예제IC~예제IC 75km/h 10분 소요,예제IC~예제IC 75km/h 10분 소요,50,50,reserved1,reserved2
015002241,홍성IC,서해안고속도로,150,126560141.4,36592126.27,1287213263,예제IC~예제IC 75km/h 10분 소요,예제IC~예제IC 75km/h 10분 소요,50,50,reserved1,reserved2
015002378,해미IC,서해안고속도로,150,126562455.1,36712576.35,1287213263,예제IC~예제IC 75km/h 10분 소요,예제IC~예제IC 75km/h 10분 소요,50,50,reserved1,reserved2
015002400,서산휴게소,서해안고속도로,150,126563936.6,36732352.59,1287213263,예제IC~예제IC 75km/h 10분 소요,예제IC~예제IC 75km/h 10분 소요,50,50,reserved1,reserved2
015002485,서산IC,서해안고속도로,150,126571611.1,36807137.29,1287213263,예제IC~예제IC 75km/h 10분 소요,예제IC~예제IC 75km/h 10분 소요,50,50,reserved1,reserved2
015002551,당진JC,서해안고속도로,150,126619370.9,36851660,1287213263,예제IC~예제IC 75km/h 10분 소요,예제IC~예제IC 75km/h 10분 소요,50,50,reserved1,reserved2
015002645,당진IC,서해안고속도로,150,126707572.9,36893249.81,1287213263,예제IC~예제IC 75km/h 10분 소요,예제IC~예제IC 75km/h 10분 소요,50,50,reserved1,reserved2
015002725,송악IC,서해안고속도로,150,126779155,36934847.93,1287213263,예제IC~예제IC 75km/h 10분 소요,예제IC~예제IC 75km/h 10분 소요,50,50,reserved1,reserved2
015002753,행담도휴게소,서해안고속도로,150,126806988.4,36942911.98,1287213263,예제IC~예제IC 75km/h 10분 소요,예제IC~예제IC 75km/h 10분 소요,50,50,reserved1,reserved2
015002850,서평택IC,서해안고속도로,150,126869158.1,36997146.1,1287213263,예제IC~예제IC 75km/h 10분 소요,예제IC~예제IC 75km/h 10분 소요,50,50,reserved1,reserved2
015002917,서평택JC,서해안고속도로,150,126888712.2,37054911.33,1287213263,예제IC~예제IC 75km/h 10분 소요,예제IC~예제IC 75km/h 10분 소요,50,50,reserved1,reserved2
015002995,발안IC,서해안고속도로,150,126882067.9,37124026.39,1287213263,예제IC~예제IC 75km/h 10분 소요,예제IC~예제IC 75km/h 10분 소요,50,50,reserved1,reserved2
015003014,화성휴게소,서해안고속도로,150,126880110.1,37140946.03,1287213263,예제IC~예제IC 75km/h 10분 소요,예제IC~예제IC 75km/h 10분 소요,50,50,reserved1,reserved2
015003132,비봉IC,서해안고속도로,150,126882486,37244902.45,1287213263,예제IC~예제IC 75km/h 10분 소요,예제IC~예제IC 75km/h 10분 소요,50,50,reserved1,reserved2
015003172,매송IC,서해안고속도로,150,126897621.2,37278409.93,1287213263,예제IC~예제IC 75km/h 10분 소요,예제IC~예제IC 75km/h 10분 소요,50,50,reserved1,reserved2
015003210,팔곡JC,서해안고속도로,150,126893207.4,37310382.23,1287213263,예제IC~예제IC 75km/h 10분 소요,예제IC~예제IC 75km/h 10분 소요,50,50,reserved1,reserved2
015003261,안산JC,서해안고속도로,150,126860001.5,37344849.98,1287213263,예제IC~예제IC 75km/h 10분 소요,예제IC~예제IC 75km/h 10분 소요,50,50,reserved1,reserved2
015003275,서서울TG,서해안고속도로,150,126863903.7,37356790.57,1287213263,예제IC~예제IC 75km/h 10분 소요,예제IC~예제IC 75km/h 10분 소요,50,50,reserved1,reserved2
015003290,조남JC,서해안고속도로,150,126869159.4,37369615.39,1287213263,예제IC~예제IC 75km/h 10분 소요,예제IC~예제IC 75km/h 10분 소요,50,50,reserved1,reserved2
015003321,목감IC,서해안고속도로,150,126871656.6,37396949.47,1287213263,예제IC~예제IC 75km/h 10분 소요,예제IC~예제IC 75km/h 10분 소요,50,50,reserved1,reserved2
015003333,광명역IC,서해안고속도로,150,126880288,37404564.68,1287213263,예제IC~예제IC 75km/h 10분 소요,예제IC~예제IC 75km/h 10분 소요,50,50,reserved1,reserved2
015003360,일직JC,서해안고속도로,150,126895081.8,37424595.92,1287213263,예제IC~예제IC 75km/h 10분 소요,예제IC~예제IC 75km/h 10분 소요,50,50,reserved1,reserved2
015003402,금천IC,서해안고속도로,150,126890576.4,37460344.98,1287213263,예제IC~예제IC 75km/h 10분 소요,예제IC~예제IC 75km/h 10분 소요,50,50,reserved1,reserved2
016000000,언양JC,울산고속도로,160,129134049.9,35564621.61,1287213263,예제IC~예제IC 75km/h 10분 소요,예제IC~예제IC 75km/h 10분 소요,50,50,reserved1,reserved2
016000120,울산JC,울산고속도로,160,129241762.1,35561299.45,1287213263,예제IC~예제IC 75km/h 10분 소요,예제IC~예제IC 75km/h 10분 소요,50,50,reserved1,reserved2
016000128,울산TG,울산고속도로,160,129249510.1,35557896.73,1287213263,예제IC~예제IC 75km/h 10분 소요,예제IC~예제IC 75km/h 10분 소요,50,50,reserved1,reserved2
017000009,오성IC,평택화성고속도로,170,126985487.6,37017125.99,1287213263,예제IC~예제IC 75km/h 10분 소요,예제IC~예제IC 75km/h 10분 소요,50,50,reserved1,reserved2
017000026,평택JC,평택화성고속도로,170,126984650.1,37032403.29,1287213263,예제IC~예제IC 75km/h 10분 소요,예제IC~예제IC 75km/h 10분 소요,50,50,reserved1,reserved2
017000053,어연IC,평택화성고속도로,170,126986989.7,37056440.63,1287213263,예제IC~예제IC 75km/h 10분 소요,예제IC~예제IC 75km/h 10분 소요,50,50,reserved1,reserved2
017000137,향남IC,평택화성고속도로,170,127000369,37129288.52,1287213263,예제IC~예제IC 75km/h 10분 소요,예제IC~예제IC 75km/h 10분 소요,50,50,reserved1,reserved2
017000191,서오산JC,평택화성고속도로,170,126998412.1,37176513.08,1287213263,예제IC~예제IC 75km/h 10분 소요,예제IC~예제IC 75km/h 10분 소요,50,50,reserved1,reserved2
017000218,정남IC,평택오산고속도로,170,126971219.5,37184612.5,1287213263,예제IC~예제IC 75km/h 10분 소요,예제IC~예제IC 75km/h 10분 소요,50,50,reserved1,reserved2
017000271,봉담IC,평택오산고속도로,170,126956593.9,37229322.7,1287213263,예제IC~예제IC 75km/h 10분 소요,예제IC~예제IC 75km/h 10분 소요,50,50,reserved1,reserved2
020700000,도동JC,대구포항고속도로,200,128661934.2,35912393.16,1287213263,예제IC~예제IC 75km/h 10분 소요,예제IC~예제IC 75km/h 10분 소요,50,50,reserved1,reserved2
020700124,와촌휴게소,대구포항고속도로,200,128775014.8,35952797.21,1287213263,예제IC~예제IC 75km/h 10분 소요,예제IC~예제IC 75km/h 10분 소요,50,50,reserved1,reserved2
020700180,청통와촌IC,대구포항고속도로,200,128829252.1,35970641.85,1287213263,예제IC~예제IC 75km/h 10분 소요,예제IC~예제IC 75km/h 10분 소요,50,50,reserved1,reserved2
020700218,청통와촌휴게소,대구포항고속도로,200,128860189.3,35993086.46,1287213263,예제IC~예제IC 75km/h 10분 소요,예제IC~예제IC 75km/h 10분 소요,50,50,reserved1,reserved2
020700286,북영천IC,대구포항고속도로,200,128915747.6,36032176.78,1287213263,예제IC~예제IC 75km/h 10분 소요,예제IC~예제IC 75km/h 10분 소요,50,50,reserved1,reserved2
020700408,영천휴게소,대구포항고속도로,200,129042400.8,36052700.33,1287213263,예제IC~예제IC 75km/h 10분 소요,예제IC~예제IC 75km/h 10분 소요,50,50,reserved1,reserved2
020700594,서포항IC,대구포항고속도로,200,129219665.6,36070933.28,1287213263,예제IC~예제IC 75km/h 10분 소요,예제IC~예제IC 75km/h 10분 소요,50,50,reserved1,reserved2
020700673,포항TG,대구포항고속도로,200,129298224.1,36047750.63,1287213263,예제IC~예제IC 75km/h 10분 소요,예제IC~예제IC 75km/h 10분 소요,50,50,reserved1,reserved2
020700684,포항JC,대구포항고속도로,200,129309235.2,36043837.78,1287213263,예제IC~예제IC 75km/h 10분 소요,예제IC~예제IC 75km/h 10분 소요,50,50,reserved1,reserved2
020500000,익산JC,익산포항고속도로,205,127089712.1,35942960.19,1287213263,예제IC~예제IC 75km/h 10분 소요,예제IC~예제IC 75km/h 10분 소요,50,50,reserved1,reserved2
020500076,완주IC,익산포항고속도로,205,127151197.8,35898637.44,1287213263,예제IC~예제IC 75km/h 10분 소요,예제IC~예제IC 75km/h 10분 소요,50,50,reserved1,reserved2
020500165,소양IC,익산포항고속도로,205,127236276.4,35864469.74,1287213263,예제IC~예제IC 75km/h 10분 소요,예제IC~예제IC 75km/h 10분 소요,50,50,reserved1,reserved2
020500415,마이산휴게소,익산포항고속도로,205,127426233.2,35776192.79,1287213263,예제IC~예제IC 75km/h 10분 소요,예제IC~예제IC 75km/h 10분 소요,50,50,reserved1,reserved2
020500431,진안IC,익산포항고속도로,205,127443269.4,35772296.02,1287213263,예제IC~예제IC 75km/h 10분 소요,예제IC~예제IC 75km/h 10분 소요,50,50,reserved1,reserved2
020500588,장수IC,익산포항고속도로,205,127588869.4,35715787.05,1287213263,예제IC~예제IC 75km/h 10분 소요,예제IC~예제IC 75km/h 10분 소요,50,50,reserved1,reserved2
025000001,순천휴게소,호남고속도로,250,127481365.8,35003199.6,1287213263,예제IC~예제IC 75km/h 10분 소요,예제IC~예제IC 75km/h 10분 소요,50,50,reserved1,reserved2
025000100,승주IC,호남고속도로,250,127374595.2,35014602.92,1287213263,예제IC~예제IC 75km/h 10분 소요,예제IC~예제IC 75km/h 10분 소요,50,50,reserved1,reserved2
025000218,주암IC,호남고속도로,250,127270381.1,35067503.14,1287213263,예제IC~예제IC 75km/h 10분 소요,예제IC~예제IC 75km/h 10분 소요,50,50,reserved1,reserved2
025000230,주암휴게소,호남고속도로,250,127264747.1,35077203.26,1287213263,예제IC~예제IC 75km/h 10분 소요,예제IC~예제IC 75km/h 10분 소요,50,50,reserved1,reserved2
025000292,석곡IC,호남고속도로,250,127247274.4,35128343.44,1287213263,예제IC~예제IC 75km/h 10분 소요,예제IC~예제IC 75km/h 10분 소요,50,50,reserved1,reserved2
025000413,곡성IC,호남고속도로,250,127221922.9,35226870.27,1287213263,예제IC~예제IC 75km/h 10분 소요,예제IC~예제IC 75km/h 10분 소요,50,50,reserved1,reserved2
025000430,곡성휴게소,호남고속도로,250,127205279.9,35233300.22,1287213263,예제IC~예제IC 75km/h 10분 소요,예제IC~예제IC 75km/h 10분 소요,50,50,reserved1,reserved2
025000527,옥과IC,호남고속도로,250,127111909.2,35259308.97,1287213263,예제IC~예제IC 75km/h 10분 소요,예제IC~예제IC 75km/h 10분 소요,50,50,reserved1,reserved2
025000606,대덕JC,호남고속도로,250,127032730.1,35246217.66,1287213263,예제IC~예제IC 75km/h 10분 소요,예제IC~예제IC 75km/h 10분 소요,50,50,reserved1,reserved2
025000642,창평IC,호남고속도로,250,126999334.4,35230963.25,1287213263,예제IC~예제IC 75km/h 10분 소요,예제IC~예제IC 75km/h 10분 소요,50,50,reserved1,reserved2
025000683,고서JC,호남고속도로,250,126957462.7,35223931.58,1287213263,예제IC~예제IC 75km/h 10분 소요,예제IC~예제IC 75km/h 10분 소요,50,50,reserved1,reserved2
025000699,동광주TG,호남고속도로,250,126946470.4,35213276.57,1287213263,예제IC~예제IC 75km/h 10분 소요,예제IC~예제IC 75km/h 10분 소요,50,50,reserved1,reserved2
025000742,동광주IC,호남고속도로,250,126925624.6,35182440.22,1287213263,예제IC~예제IC 75km/h 10분 소요,예제IC~예제IC 75km/h 10분 소요,50,50,reserved1,reserved2
025000770,용봉IC,호남고속도로,250,126895252.8,35184454.43,1287213263,예제IC~예제IC 75km/h 10분 소요,예제IC~예제IC 75km/h 10분 소요,50,50,reserved1,reserved2
025000784,서광주IC,호남고속도로,250,126879931.4,35185316.55,1287213263,예제IC~예제IC 75km/h 10분 소요,예제IC~예제IC 75km/h 10분 소요,50,50,reserved1,reserved2
025000806,동림IC,호남고속도로,250,126859022.5,35192736.95,1287213263,예제IC~예제IC 75km/h 10분 소요,예제IC~예제IC 75km/h 10분 소요,50,50,reserved1,reserved2
025000830,산월IC,호남고속도로,250,126837952.5,35204320.22,1287213263,예제IC~예제IC 75km/h 10분 소요,예제IC~예제IC 75km/h 10분 소요,50,50,reserved1,reserved2
025000850,광산IC,호남고속도로,250,126827443.2,35219663.52,1287213263,예제IC~예제IC 75km/h 10분 소요,예제IC~예제IC 75km/h 10분 소요,50,50,reserved1,reserved2
025000894,광주TG,호남고속도로,250,126806328.7,35254002.91,1287213263,예제IC~예제IC 75km/h 10분 소요,예제IC~예제IC 75km/h 10분 소요,50,50,reserved1,reserved2
025000937,장성IC,호남고속도로,250,126785389,35287707.63,1287213263,예제IC~예제IC 75km/h 10분 소요,예제IC~예제IC 75km/h 10분 소요,50,50,reserved1,reserved2
025000990,장성JC,호남고속도로,250,126804810.4,35330083.08,1287213263,예제IC~예제IC 75km/h 10분 소요,예제IC~예제IC 75km/h 10분 소요,50,50,reserved1,reserved2
025001011,백양산휴게소,호남고속도로,250,126814718.5,35346485.31,1287213263,예제IC~예제IC 75km/h 10분 소요,예제IC~예제IC 75km/h 10분 소요,50,50,reserved1,reserved2
025001111,백양사IC,호남고속도로,250,126805129.5,35431907.27,1287213263,예제IC~예제IC 75km/h 10분 소요,예제IC~예제IC 75km/h 10분 소요,50,50,reserved1,reserved2
025001203,내장산IC,호남고속도로,250,126802270.6,35510002.26,1287213263,예제IC~예제IC 75km/h 10분 소요,예제IC~예제IC 75km/h 10분 소요,50,50,reserved1,reserved2
025001287,정읍IC,호남고속도로,250,126832794.7,35580080.07,1287213263,예제IC~예제IC 75km/h 10분 소요,예제IC~예제IC 75km/h 10분 소요,50,50,reserved1,reserved2
025001327,정읍휴게소,호남고속도로,250,126865827.5,35602545.75,1287213263,예제IC~예제IC 75km/h 10분 소요,예제IC~예제IC 75km/h 10분 소요,50,50,reserved1,reserved2
025001416,태인IC,호남고속도로,250,126927833,35661533.56,1287213263,예제IC~예제IC 75km/h 10분 소요,예제IC~예제IC 75km/h 10분 소요,50,50,reserved1,reserved2
025001521,금산사IC,호남고속도로,250,126988916.6,35736527.36,1287213263,예제IC~예제IC 75km/h 10분 소요,예제IC~예제IC 75km/h 10분 소요,50,50,reserved1,reserved2
025001568,김제IC,호남고속도로,250,127002436.4,35775707.39,1287213263,예제IC~예제IC 75km/h 10분 소요,예제IC~예제IC 75km/h 10분 소요,50,50,reserved1,reserved2
025001634,서전주IC,호남고속도로,250,127034109.5,35827673.32,1287213263,예제IC~예제IC 75km/h 10분 소요,예제IC~예제IC 75km/h 10분 소요,50,50,reserved1,reserved2
025001694,전주IC,호남고속도로,250,127055168.7,35878038.35,1287213263,예제IC~예제IC 75km/h 10분 소요,예제IC~예제IC 75km/h 10분 소요,50,50,reserved1,reserved2
025001764,삼례IC,호남고속도로,250,127081114.8,35932855.18,1287213263,예제IC~예제IC 75km/h 10분 소요,예제IC~예제IC 75km/h 10분 소요,50,50,reserved1,reserved2
025001778,익산JC,호남고속도로,250,127089330.1,35942715.02,1287213263,예제IC~예제IC 75km/h 10분 소요,예제IC~예제IC 75km/h 10분 소요,50,50,reserved1,reserved2
025001847,익산IC,호남고속도로,250,127112676.9,35999187.4,1287213263,예제IC~예제IC 75km/h 10분 소요,예제IC~예제IC 75km/h 10분 소요,50,50,reserved1,reserved2
025001904,여산휴게소,호남고속도로,250,127103820.8,36048370.12,1287213263,예제IC~예제IC 75km/h 10분 소요,예제IC~예제IC 75km/h 10분 소요,50,50,reserved1,reserved2
025001942,논산JC,호남고속도로,250,127102544.5,36081681.38,1287213263,예제IC~예제IC 75km/h 10분 소요,예제IC~예제IC 75km/h 10분 소요,50,50,reserved1,reserved2
025200030,남논산TG,천안논산고속도로,252,127080250.6,36102839.8,1287213263,예제IC~예제IC 75km/h 10분 소요,예제IC~예제IC 75km/h 10분 소요,50,50,reserved1,reserved2
025200084,연무IC,천안논산고속도로,252,127060269.9,36147684.5,1287213263,예제IC~예제IC 75km/h 10분 소요,예제IC~예제IC 75km/h 10분 소요,50,50,reserved1,reserved2
025200171,서논산IC,천안논산고속도로,252,127053053.3,36224738.3,1287213263,예제IC~예제IC 75km/h 10분 소요,예제IC~예제IC 75km/h 10분 소요,50,50,reserved1,reserved2
025200256,탄천IC,천안논산고속도로,252,127067299.9,36298859.7,1287213263,예제IC~예제IC 75km/h 10분 소요,예제IC~예제IC 75km/h 10분 소요,50,50,reserved1,reserved2
025200279,탄천휴게소,천안논산고속도로,252,127070097.3,36319249.3,1287213263,예제IC~예제IC 75km/h 10분 소요,예제IC~예제IC 75km/h 10분 소요,50,50,reserved1,reserved2
025200318,이인휴게소,천안논산고속도로,252,127069674.4,36352942.8,1287213263,예제IC~예제IC 75km/h 10분 소요,예제IC~예제IC 75km/h 10분 소요,50,50,reserved1,reserved2
025200401,남공주IC,천안논산고속도로,252,127080852.3,36426532.7,1287213263,예제IC~예제IC 75km/h 10분 소요,예제IC~예제IC 75km/h 10분 소요,50,50,reserved1,reserved2
025200471,공주JC,천안논산고속도로,252,127091850.5,36485646.1,1287213263,예제IC~예제IC 75km/h 10분 소요,예제IC~예제IC 75km/h 10분 소요,50,50,reserved1,reserved2
025200571,정안휴게소,천안논산고속도로,252,128637162.6,35428471.2,1287213263,예제IC~예제IC 75km/h 10분 소요,예제IC~예제IC 75km/h 10분 소요,50,50,reserved1,reserved2
025200632,정안IC,천안논산고속도로,252,127120348.1,36625121.5,1287213263,예제IC~예제IC 75km/h 10분 소요,예제IC~예제IC 75km/h 10분 소요,50,50,reserved1,reserved2
025200776,풍세TG,천안논산고속도로,252,127157983.9,36737815.6,1287213263,예제IC~예제IC 75km/h 10분 소요,예제IC~예제IC 75km/h 10분 소요,50,50,reserved1,reserved2
025200796,남천안IC,천안논산고속도로,252,127163615.3,36748191.8,1287213263,예제IC~예제IC 75km/h 10분 소요,예제IC~예제IC 75km/h 10분 소요,50,50,reserved1,reserved2
025200821,천안JC,천안논산고속도로,252,127177228.9,36775781.4,1287213263,예제IC~예제IC 75km/h 10분 소요,예제IC~예제IC 75km/h 10분 소요,50,50,reserved1,reserved2
030000000,청원JC,청원상주고속도로,300,127430636.4,36564738.66,1287213263,예제IC~예제IC 75km/h 10분 소요,예제IC~예제IC 75km/h 10분 소요,50,50,reserved1,reserved2
030000081,문의IC,청원상주고속도로,300,127507415.2,36529844.26,1287213263,예제IC~예제IC 75km/h 10분 소요,예제IC~예제IC 75km/h 10분 소요,50,50,reserved1,reserved2
030000188,회인IC,청원상주고속도로,300,127608905.8,36486535.73,1287213263,예제IC~예제IC 75km/h 10분 소요,예제IC~예제IC 75km/h 10분 소요,50,50,reserved1,reserved2
030000296,보은IC,청원상주고속도로,300,127720337.5,36456709.55,1287213263,예제IC~예제IC 75km/h 10분 소요,예제IC~예제IC 75km/h 10분 소요,50,50,reserved1,reserved2
030000356,속리산IC,청원상주고속도로,300,127786846.9,36455607.55,1287213263,예제IC~예제IC 75km/h 10분 소요,예제IC~예제IC 75km/h 10분 소요,50,50,reserved1,reserved2
030000433,속리산휴게소,청원상주고속도로,300,127869774,36445710.98,1287213263,예제IC~예제IC 75km/h 10분 소요,예제IC~예제IC 75km/h 10분 소요,50,50,reserved1,reserved2
030000488,화서휴게소,청원상주고속도로,300,127930472.1,36444081.8,1287213263,예제IC~예제IC 75km/h 10분 소요,예제IC~예제IC 75km/h 10분 소요,50,50,reserved1,reserved2
030000518,화서IC,청원상주고속도로,300,127961833.1,36442475.46,1287213263,예제IC~예제IC 75km/h 10분 소요,예제IC~예제IC 75km/h 10분 소요,50,50,reserved1,reserved2
030000708,남상주IC,청원상주고속도로,300,128140554.6,36367811.12,1287213263,예제IC~예제IC 75km/h 10분 소요,예제IC~예제IC 75km/h 10분 소요,50,50,reserved1,reserved2
030000799,낙동JC,청원상주고속도로,300,128239297.3,36366139.4,1287213263,예제IC~예제IC 75km/h 10분 소요,예제IC~예제IC 75km/h 10분 소요,50,50,reserved1,reserved2
035000000,통영IC,통영대전고속도로,350,128442979.7,34866605.47,1287213263,예제IC~예제IC 75km/h 10분 소요,예제IC~예제IC 75km/h 10분 소요,50,50,reserved1,reserved2
035000044,북통영IC,통영대전고속도로,350,128412803.2,34889196.61,1287213263,예제IC~예제IC 75km/h 10분 소요,예제IC~예제IC 75km/h 10분 소요,50,50,reserved1,reserved2
035000145,동고성IC,통영대전고속도로,350,128384492.2,34971533.99,1287213263,예제IC~예제IC 75km/h 10분 소요,예제IC~예제IC 75km/h 10분 소요,50,50,reserved1,reserved2
035000197,고성IC,통영대전고속도로,350,128349867.4,35007417.43,1287213263,예제IC~예제IC 75km/h 10분 소요,예제IC~예제IC 75km/h 10분 소요,50,50,reserved1,reserved2
035000296,고성공룡나라휴게소,통영대전고속도로,350,128260777,35053108.22,1287213263,예제IC~예제IC 75km/h 10분 소요,예제IC~예제IC 75km/h 10분 소요,50,50,reserved1,reserved2
035000369,연화산IC,통영대전고속도로,350,128191720.4,35082252.96,1287213263,예제IC~예제IC 75km/h 10분 소요,예제IC~예제IC 75km/h 10분 소요,50,50,reserved1,reserved2
035000479,진주JC,통영대전고속도로,350,128098119.8,35138160.26,1287213263,예제IC~예제IC 75km/h 10분 소요,예제IC~예제IC 75km/h 10분 소요,50,50,reserved1,reserved2
035000554,서진주IC,통영대전고속도로,350,128040920.7,35183377.88,1287213263,예제IC~예제IC 75km/h 10분 소요,예제IC~예제IC 75km/h 10분 소요,50,50,reserved1,reserved2
035000709,단성IC,통영대전고속도로,350,127952437.9,35289769.91,1287213263,예제IC~예제IC 75km/h 10분 소요,예제IC~예제IC 75km/h 10분 소요,50,50,reserved1,reserved2
035000761,산청휴게소,통영대전고속도로,350,127938113.2,35333797.23,1287213263,예제IC~예제IC 75km/h 10분 소요,예제IC~예제IC 75km/h 10분 소요,50,50,reserved1,reserved2
035000895,산청IC,통영대전고속도로,350,127859798.4,35427391.83,1287213263,예제IC~예제IC 75km/h 10분 소요,예제IC~예제IC 75km/h 10분 소요,50,50,reserved1,reserved2
035000969,생초IC,통영대전고속도로,350,127824386.3,35481753.28,1287213263,예제IC~예제IC 75km/h 10분 소요,예제IC~예제IC 75km/h 10분 소요,50,50,reserved1,reserved2
035001052,함양JC,통영대전고속도로,350,127769872.7,35534726.96,1287213263,예제IC~예제IC 75km/h 10분 소요,예제IC~예제IC 75km/h 10분 소요,50,50,reserved1,reserved2
035001073,함양휴게소,통영대전고속도로,350,127759418.8,35551574.26,1287213263,예제IC~예제IC 75km/h 10분 소요,예제IC~예제IC 75km/h 10분 소요,50,50,reserved1,reserved2
035001116,지곡IC,통영대전고속도로,350,127769339,35586890.71,1287213263,예제IC~예제IC 75km/h 10분 소요,예제IC~예제IC 75km/h 10분 소요,50,50,reserved1,reserved2
035001255,서상IC,통영대전고속도로,350,127673609.4,35665900.12,1287213263,예제IC~예제IC 75km/h 10분 소요,예제IC~예제IC 75km/h 10분 소요,50,50,reserved1,reserved2
035001354,장수JC,통영대전고속도로,350,127606069.8,35732622.18,1287213263,예제IC~예제IC 75km/h 10분 소요,예제IC~예제IC 75km/h 10분 소요,50,50,reserved1,reserved2
035001467,덕유산휴게소,통영대전고속도로,350,127645018.4,35816830.13,1287213263,예제IC~예제IC 75km/h 10분 소요,예제IC~예제IC 75km/h 10분 소요,50,50,reserved1,reserved2
035001496,덕유산IC,통영대전고속도로,350,127646422.2,35842818.84,1287213263,예제IC~예제IC 75km/h 10분 소요,예제IC~예제IC 75km/h 10분 소요,50,50,reserved1,reserved2
035001656,무주IC,통영대전고속도로,350,127645844.6,35977357.27,1287213263,예제IC~예제IC 75km/h 10분 소요,예제IC~예제IC 75km/h 10분 소요,50,50,reserved1,reserved2
035001847,금산IC,통영대전고속도로,350,127520080.9,36103472.88,1287213263,예제IC~예제IC 75km/h 10분 소요,예제IC~예제IC 75km/h 10분 소요,50,50,reserved1,reserved2
035001914,인삼랜드휴게소,통영대전고속도로,350,127495768,36154773.2,1287213263,예제IC~예제IC 75km/h 10분 소요,예제IC~예제IC 75km/h 10분 소요,50,50,reserved1,reserved2
035001960,추부IC,통영대전고속도로,350,127485291.9,36192814.69,1287213263,예제IC~예제IC 75km/h 10분 소요,예제IC~예제IC 75km/h 10분 소요,50,50,reserved1,reserved2
035002044,남대전IC,통영대전고속도로,350,127474088.2,36264788.19,1287213263,예제IC~예제IC 75km/h 10분 소요,예제IC~예제IC 75km/h 10분 소요,50,50,reserved1,reserved2
035002077,산내JC,통영대전고속도로,350,127454860.3,36285982.51,1287213263,예제IC~예제IC 75km/h 10분 소요,예제IC~예제IC 75km/h 10분 소요,50,50,reserved1,reserved2
035002119,판암IC,통영대전고속도로,350,127472380.5,36317168,1287213263,예제IC~예제IC 75km/h 10분 소요,예제IC~예제IC 75km/h 10분 소요,50,50,reserved1,reserved2
035002474,남이JC,중부고속도로,350,127419921,36598899.31,1287213263,예제IC~예제IC 75km/h 10분 소요,예제IC~예제IC 75km/h 10분 소요,50,50,reserved1,reserved2
035002534,서청주IC,중부고속도로,350,127421263.1,36652357.78,1287213263,예제IC~예제IC 75km/h 10분 소요,예제IC~예제IC 75km/h 10분 소요,50,50,reserved1,reserved2
035002609,오창IC,중부고속도로,350,127443194.7,36715494.75,1287213263,예제IC~예제IC 75km/h 10분 소요,예제IC~예제IC 75km/h 10분 소요,50,50,reserved1,reserved2
035002667,오창휴게소,중부고속도로,350,127481514.9,36757206.94,1287213263,예제IC~예제IC 75km/h 10분 소요,예제IC~예제IC 75km/h 10분 소요,50,50,reserved1,reserved2
035002693,증평IC,중부고속도로,350,127503073.7,36772688.66,1287213263,예제IC~예제IC 75km/h 10분 소요,예제IC~예제IC 75km/h 10분 소요,50,50,reserved1,reserved2
035002812,진천IC,중부고속도로,350,127475011.5,36868720.98,1287213263,예제IC~예제IC 75km/h 10분 소요,예제IC~예제IC 75km/h 10분 소요,50,50,reserved1,reserved2
035002890,대소JC,중부고속도로,350,127473428.2,36938740.68,1287213263,예제IC~예제IC 75km/h 10분 소요,예제IC~예제IC 75km/h 10분 소요,50,50,reserved1,reserved2
035002939,음성IC,중부고속도로,350,127470857.2,36981906.43,1287213263,예제IC~예제IC 75km/h 10분 소요,예제IC~예제IC 75km/h 10분 소요,50,50,reserved1,reserved2
035003068,일죽IC,중부고속도로,350,127450993.7,37090787.13,1287213263,예제IC~예제IC 75km/h 10분 소요,예제IC~예제IC 75km/h 10분 소요,50,50,reserved1,reserved2
035003235,호법JC,중부고속도로,350,127426761.6,37236277.92,1287213263,예제IC~예제IC 75km/h 10분 소요,예제IC~예제IC 75km/h 10분 소요,50,50,reserved1,reserved2
035003259,마장JC,중부고속도로,350,127414151.5,37254647.05,1287213263,예제IC~예제IC 75km/h 10분 소요,예제IC~예제IC 75km/h 10분 소요,50,50,reserved1,reserved2
035003275,이천휴게소,중부고속도로,350,127403307.3,37266129.96,1287213263,예제IC~예제IC 75km/h 10분 소요,예제IC~예제IC 75km/h 10분 소요,50,50,reserved1,reserved2
035003292,서이천IC,중부고속도로,350,127390712.7,37277676.64,1287213263,예제IC~예제IC 75km/h 10분 소요,예제IC~예제IC 75km/h 10분 소요,50,50,reserved1,reserved2
035003310,이천휴게소,중부고속도로,350,127378269.7,37290476.28,1287213263,예제IC~예제IC 75km/h 10분 소요,예제IC~예제IC 75km/h 10분 소요,50,50,reserved1,reserved2
035003399,곤지암IC,중부고속도로,350,127320842.3,37352768.71,1287213263,예제IC~예제IC 75km/h 10분 소요,예제IC~예제IC 75km/h 10분 소요,50,50,reserved1,reserved2
035003520,광주IC,중부고속도로,350,127269686.2,37447931.78,1287213263,예제IC~예제IC 75km/h 10분 소요,예제IC~예제IC 75km/h 10분 소요,50,50,reserved1,reserved2
035003570,산곡JC,중부고속도로,350,127241291.7,37483421.98,1287213263,예제IC~예제IC 75km/h 10분 소요,예제IC~예제IC 75km/h 10분 소요,50,50,reserved1,reserved2
035003612,동서울TG,중부고속도로,350,127221641.5,37517637.41,1287213263,예제IC~예제IC 75km/h 10분 소요,예제IC~예제IC 75km/h 10분 소요,50,50,reserved1,reserved2
035003622,하남IC,중부고속도로,350,127219787.8,37526463.75,1287213263,예제IC~예제IC 75km/h 10분 소요,예제IC~예제IC 75km/h 10분 소요,50,50,reserved1,reserved2
035003637,만남의광장휴게소,중부고속도로,350,127205483.8,37531456.25,1287213263,예제IC~예제IC 75km/h 10분 소요,예제IC~예제IC 75km/h 10분 소요,50,50,reserved1,reserved2
035003646,하남JC,중부고속도로,350,127195329.5,37532040.28,1287213263,예제IC~예제IC 75km/h 10분 소요,예제IC~예제IC 75km/h 10분 소요,50,50,reserved1,reserved2
037003264,마장JC,제2중부고속도로,370,127411261.9,37258370.5,1287213263,예제IC~예제IC 75km/h 10분 소요,예제IC~예제IC 75km/h 10분 소요,50,50,reserved1,reserved2
037003575,산곡JC,제2중부고속도로,370,127245454.6,37477187.2,1287213263,예제IC~예제IC 75km/h 10분 소요,예제IC~예제IC 75km/h 10분 소요,50,50,reserved1,reserved2
040000000,서평택JC,평택충주고속도로,400,126888546.4,37054256.34,1287213263,예제IC~예제IC 75km/h 10분 소요,예제IC~예제IC 75km/h 10분 소요,50,50,reserved1,reserved2
040000028,청북IC,평택충주고속도로,400,126919062.9,37048715.14,1287213263,예제IC~예제IC 75km/h 10분 소요,예제IC~예제IC 75km/h 10분 소요,50,50,reserved1,reserved2
040000208,송탄IC,평택충주고속도로,400,127106981.8,37034999.36,1287213263,예제IC~예제IC 75km/h 10분 소요,예제IC~예제IC 75km/h 10분 소요,50,50,reserved1,reserved2
040000237,안성JC,평택충주고속도로,400,127138687.8,37035935.09,1287213263,예제IC~예제IC 75km/h 10분 소요,예제IC~예제IC 75km/h 10분 소요,50,50,reserved1,reserved2
040000257,서안성IC,평택충주고속도로,400,127160052,37033751.59,1287213263,예제IC~예제IC 75km/h 10분 소요,예제IC~예제IC 75km/h 10분 소요,50,50,reserved1,reserved2
040000366,남안성IC,평택충주고속도로,400,127251443.8,36973060.23,1287213263,예제IC~예제IC 75km/h 10분 소요,예제IC~예제IC 75km/h 10분 소요,50,50,reserved1,reserved2
040000387,안성맞춤휴게소,평택충주고속도로,400,127274393.1,36968973.02,1287213263,예제IC~예제IC 75km/h 10분 소요,예제IC~예제IC 75km/h 10분 소요,50,50,reserved1,reserved2
040000578,대소JC,평택충주고속도로,400,127472806.4,36940896.87,1287213263,예제IC~예제IC 75km/h 10분 소요,예제IC~예제IC 75km/h 10분 소요,50,50,reserved1,reserved2
045000000,내서JC,중부내륙고속도로,450,128515240.6,35258787.7,1287213263,예제IC~예제IC 75km/h 10분 소요,예제IC~예제IC 75km/h 10분 소요,50,50,reserved1,reserved2
045000027,칠원TG,중부내륙고속도로,450,128513225.6,35280799.25,1287213263,예제IC~예제IC 75km/h 10분 소요,예제IC~예제IC 75km/h 10분 소요,50,50,reserved1,reserved2
045000031,칠원JC,중부내륙고속도로,450,128510374.2,35283544.09,1287213263,예제IC~예제IC 75km/h 10분 소요,예제IC~예제IC 75km/h 10분 소요,50,50,reserved1,reserved2
045000087,칠서IC,중부내륙고속도로,450,128505398.7,35328321.27,1287213263,예제IC~예제IC 75km/h 10분 소요,예제IC~예제IC 75km/h 10분 소요,50,50,reserved1,reserved2
045000140,칠서휴게소,중부내륙고속도로,450,128496133.5,35371571.14,1287213263,예제IC~예제IC 75km/h 10분 소요,예제IC~예제IC 75km/h 10분 소요,50,50,reserved1,reserved2
045000175,남지IC,중부내륙고속도로,450,128483114.4,35397855.43,1287213263,예제IC~예제IC 75km/h 10분 소요,예제IC~예제IC 75km/h 10분 소요,50,50,reserved1,reserved2
045000212,영산휴게소,중부내륙고속도로,450,128496193.1,35428587.45,1287213263,예제IC~예제IC 75km/h 10분 소요,예제IC~예제IC 75km/h 10분 소요,50,50,reserved1,reserved2
045000244,영산IC,중부내륙고속도로,450,128510705.3,35453629.08,1287213263,예제IC~예제IC 75km/h 10분 소요,예제IC~예제IC 75km/h 10분 소요,50,50,reserved1,reserved2
045000360,창녕IC,중부내륙고속도로,450,128476466.3,35543153.89,1287213263,예제IC~예제IC 75km/h 10분 소요,예제IC~예제IC 75km/h 10분 소요,50,50,reserved1,reserved2
045000523,현풍IC,중부내륙고속도로,450,128435908.5,35676290.64,1287213263,예제IC~예제IC 75km/h 10분 소요,예제IC~예제IC 75km/h 10분 소요,50,50,reserved1,reserved2
045000630,고령JC,중부내륙고속도로,450,128372949.9,35757072.74,1287213263,예제IC~예제IC 75km/h 10분 소요,예제IC~예제IC 75km/h 10분 소요,50,50,reserved1,reserved2
045000736,남성주IC,중부내륙고속도로,450,128325121.9,35841255.18,1287213263,예제IC~예제IC 75km/h 10분 소요,예제IC~예제IC 75km/h 10분 소요,50,50,reserved1,reserved2
045000754,남성주휴게소,중부내륙고속도로,450,128319138.5,35856691.2,1287213263,예제IC~예제IC 75km/h 10분 소요,예제IC~예제IC 75km/h 10분 소요,50,50,reserved1,reserved2
045000766,남성주휴게소,중부내륙고속도로,450,128317750.1,35867401.14,1287213263,예제IC~예제IC 75km/h 10분 소요,예제IC~예제IC 75km/h 10분 소요,50,50,reserved1,reserved2
045000855,성주IC,중부내륙고속도로,450,128250410,35918440.65,1287213263,예제IC~예제IC 75km/h 10분 소요,예제IC~예제IC 75km/h 10분 소요,50,50,reserved1,reserved2
045000950,성주휴게소,중부내륙고속도로,450,128251688.6,35997251.93,1287213263,예제IC~예제IC 75km/h 10분 소요,예제IC~예제IC 75km/h 10분 소요,50,50,reserved1,reserved2
045001022,남김천IC,중부내륙고속도로,450,128268273.6,36058297.28,1287213263,예제IC~예제IC 75km/h 10분 소요,예제IC~예제IC 75km/h 10분 소요,50,50,reserved1,reserved2
045001144,김천JC,중부내륙고속도로,450,128266399.1,36159004.17,1287213263,예제IC~예제IC 75km/h 10분 소요,예제IC~예제IC 75km/h 10분 소요,50,50,reserved1,reserved2
045001234,선산IC,중부내륙고속도로,450,128260689.9,36241051.95,1287213263,예제IC~예제IC 75km/h 10분 소요,예제IC~예제IC 75km/h 10분 소요,50,50,reserved1,reserved2
045001270,선산휴게소,중부내륙고속도로,450,128254867.5,36272152.4,1287213263,예제IC~예제IC 75km/h 10분 소요,예제IC~예제IC 75km/h 10분 소요,50,50,reserved1,reserved2
045001464,상주IC,중부내륙고속도로,450,128213043.8,36424303.14,1287213263,예제IC~예제IC 75km/h 10분 소요,예제IC~예제IC 75km/h 10분 소요,50,50,reserved1,reserved2
045001594,북상주IC,중부내륙고속도로,450,128168350.3,36531912.27,1287213263,예제IC~예제IC 75km/h 10분 소요,예제IC~예제IC 75km/h 10분 소요,50,50,reserved1,reserved2
045001669,함창점촌IC,중부내륙고속도로,450,128156538.5,36587563.46,1287213263,예제IC~예제IC 75km/h 10분 소요,예제IC~예제IC 75km/h 10분 소요,50,50,reserved1,reserved2
045001702,문경휴게소,중부내륙고속도로,450,128155052.6,36614563.33,1287213263,예제IC~예제IC 75km/h 10분 소요,예제IC~예제IC 75km/h 10분 소요,50,50,reserved1,reserved2
045001809,문경새재IC,중부내륙고속도로,450,128111381.2,36701882.71,1287213263,예제IC~예제IC 75km/h 10분 소요,예제IC~예제IC 75km/h 10분 소요,50,50,reserved1,reserved2
045001955,연풍IC,중부내륙고속도로,450,127986060.3,36763341.89,1287213263,예제IC~예제IC 75km/h 10분 소요,예제IC~예제IC 75km/h 10분 소요,50,50,reserved1,reserved2
045002038,괴산휴게소,중부내륙고속도로,450,127958630.4,36832425.01,1287213263,예제IC~예제IC 75km/h 10분 소요,예제IC~예제IC 75km/h 10분 소요,50,50,reserved1,reserved2
045002097,괴산IC,중부내륙고속도로,450,127916411.1,36869416.32,1287213263,예제IC~예제IC 75km/h 10분 소요,예제IC~예제IC 75km/h 10분 소요,50,50,reserved1,reserved2
045002246,충주IC,중부내륙고속도로,450,127846380,36979213.17,1287213263,예제IC~예제IC 75km/h 10분 소요,예제IC~예제IC 75km/h 10분 소요,50,50,reserved1,reserved2
045002298,충주휴게소,중부내륙고속도로,450,127837936.2,37022891.97,1287213263,예제IC~예제IC 75km/h 10분 소요,예제IC~예제IC 75km/h 10분 소요,50,50,reserved1,reserved2
045002338,북충주IC,중부내륙고속도로,450,127797318.3,37034985.84,1287213263,예제IC~예제IC 75km/h 10분 소요,예제IC~예제IC 75km/h 10분 소요,50,50,reserved1,reserved2
045002511,감곡IC,중부내륙고속도로,450,127669737.1,37124585.95,1287213263,예제IC~예제IC 75km/h 10분 소요,예제IC~예제IC 75km/h 10분 소요,50,50,reserved1,reserved2
045002656,여주JC,중부내륙고속도로,450,127590230.7,37231879.5,1287213263,예제IC~예제IC 75km/h 10분 소요,예제IC~예제IC 75km/h 10분 소요,50,50,reserved1,reserved2
050000006,서창JC,영동고속도로,500,126738387.2,37432519.6,1287213263,예제IC~예제IC 75km/h 10분 소요,예제IC~예제IC 75km/h 10분 소요,50,50,reserved1,reserved2
050000059,월곶IC,영동고속도로,500,126751967.1,37388059.68,1287213263,예제IC~예제IC 75km/h 10분 소요,예제IC~예제IC 75km/h 10분 소요,50,50,reserved1,reserved2
050000105,군자TG,영동고속도로,500,126779696,37357916.36,1287213263,예제IC~예제IC 75km/h 10분 소요,예제IC~예제IC 75km/h 10분 소요,50,50,reserved1,reserved2
050000125,서안산IC,영동고속도로,500,126800829.5,37351604.31,1287213263,예제IC~예제IC 75km/h 10분 소요,예제IC~예제IC 75km/h 10분 소요,50,50,reserved1,reserved2
050000159,안산IC,영동고속도로,500,126838270,37348015.32,1287213263,예제IC~예제IC 75km/h 10분 소요,예제IC~예제IC 75km/h 10분 소요,50,50,reserved1,reserved2
050000180,안산JC,영동고속도로,500,126860719.1,37344041.1,1287213263,예제IC~예제IC 75km/h 10분 소요,예제IC~예제IC 75km/h 10분 소요,50,50,reserved1,reserved2
050000227,둔대JC,영동고속도로,500,126903689.8,37322172.22,1287213263,예제IC~예제IC 75km/h 10분 소요,예제IC~예제IC 75km/h 10분 소요,50,50,reserved1,reserved2
050000244,군포IC,영동고속도로,500,126922183.1,37325858.04,1287213263,예제IC~예제IC 75km/h 10분 소요,예제IC~예제IC 75km/h 10분 소요,50,50,reserved1,reserved2
050000258,동군포IC,영동고속도로,500,126937186.5,37328802.35,1287213263,예제IC~예제IC 75km/h 10분 소요,예제IC~예제IC 75km/h 10분 소요,50,50,reserved1,reserved2
050000280,부곡IC,영동고속도로,500,126960737.2,37323747.94,1287213263,예제IC~예제IC 75km/h 10분 소요,예제IC~예제IC 75km/h 10분 소요,50,50,reserved1,reserved2
050000308,북수원IC,영동고속도로,500,126990803,37318613.9,1287213263,예제IC~예제IC 75km/h 10분 소요,예제IC~예제IC 75km/h 10분 소요,50,50,reserved1,reserved2
050000369,동수원IC,영동고속도로,500,127050345.7,37299535.74,1287213263,예제IC~예제IC 75km/h 10분 소요,예제IC~예제IC 75km/h 10분 소요,50,50,reserved1,reserved2
050000418,신갈JC,영동고속도로,500,127103761.2,37290020.9,1287213263,예제IC~예제IC 75km/h 10분 소요,예제IC~예제IC 75km/h 10분 소요,50,50,reserved1,reserved2
050000484,마성IC,영동고속도로,500,127173584.6,37279261.93,1287213263,예제IC~예제IC 75km/h 10분 소요,예제IC~예제IC 75km/h 10분 소요,50,50,reserved1,reserved2
050000525,용인IC,영동고속도로,500,127209650.5,37256711.66,1287213263,예제IC~예제IC 75km/h 10분 소요,예제IC~예제IC 75km/h 10분 소요,50,50,reserved1,reserved2
050000553,용인휴게소,영동고속도로,500,127238684.3,37247196.35,1287213263,예제IC~예제IC 75km/h 10분 소요,예제IC~예제IC 75km/h 10분 소요,50,50,reserved1,reserved2
050000605,양지IC,영동고속도로,500,127294662.2,37239401.05,1287213263,예제IC~예제IC 75km/h 10분 소요,예제IC~예제IC 75km/h 10분 소요,50,50,reserved1,reserved2
050000710,덕평휴게소,영동고속도로,500,127403719.1,37239896.79,1287213263,예제IC~예제IC 75km/h 10분 소요,예제IC~예제IC 75km/h 10분 소요,50,50,reserved1,reserved2
050000733,호법JC,영동고속도로,500,127427767.8,37235573.21,1287213263,예제IC~예제IC 75km/h 10분 소요,예제IC~예제IC 75km/h 10분 소요,50,50,reserved1,reserved2
050000796,이천IC,영동고속도로,500,127496124.4,37245247.86,1287213263,예제IC~예제IC 75km/h 10분 소요,예제IC~예제IC 75km/h 10분 소요,50,50,reserved1,reserved2
050000863,여주휴게소,영동고속도로,500,127570007.1,37239063.51,1287213263,예제IC~예제IC 75km/h 10분 소요,예제IC~예제IC 75km/h 10분 소요,50,50,reserved1,reserved2
050000883,여주JC,영동고속도로,500,127590389.4,37232022.22,1287213263,예제IC~예제IC 75km/h 10분 소요,예제IC~예제IC 75km/h 10분 소요,50,50,reserved1,reserved2
050000945,여주IC,영동고속도로,500,127653930.3,37252900.06,1287213263,예제IC~예제IC 75km/h 10분 소요,예제IC~예제IC 75km/h 10분 소요,50,50,reserved1,reserved2
050001126,문막휴게소,영동고속도로,500,127817995.2,37297290.98,1287213263,예제IC~예제IC 75km/h 10분 소요,예제IC~예제IC 75km/h 10분 소요,50,50,reserved1,reserved2
050001144,문막IC,영동고속도로,500,127826357.9,37311778.87,1287213263,예제IC~예제IC 75km/h 10분 소요,예제IC~예제IC 75km/h 10분 소요,50,50,reserved1,reserved2
050001183,문막휴게소,영동고속도로,500,127857462.4,37335856.38,1287213263,예제IC~예제IC 75km/h 10분 소요,예제IC~예제IC 75km/h 10분 소요,50,50,reserved1,reserved2
050001236,만종JC,영동고속도로,500,127902573.7,37365166.5,1287213263,예제IC~예제IC 75km/h 10분 소요,예제IC~예제IC 75km/h 10분 소요,50,50,reserved1,reserved2
050001302,원주IC,영동고속도로,500,127950332.1,37400920.47,1287213263,예제IC~예제IC 75km/h 10분 소요,예제IC~예제IC 75km/h 10분 소요,50,50,reserved1,reserved2
050001429,새말IC,영동고속도로,500,128066827.8,37446744.11,1287213263,예제IC~예제IC 75km/h 10분 소요,예제IC~예제IC 75km/h 10분 소요,50,50,reserved1,reserved2
050001520,횡성휴게소,영동고속도로,500,128128262.2,37465542.7,1287213263,예제IC~예제IC 75km/h 10분 소요,예제IC~예제IC 75km/h 10분 소요,50,50,reserved1,reserved2
050001600,둔내IC,영동고속도로,500,128205244.4,37492561.21,1287213263,예제IC~예제IC 75km/h 10분 소요,예제IC~예제IC 75km/h 10분 소요,50,50,reserved1,reserved2
050001766,면온IC,영동고속도로,500,128362684.6,37561764.53,1287213263,예제IC~예제IC 75km/h 10분 소요,예제IC~예제IC 75km/h 10분 소요,50,50,reserved1,reserved2
050001827,장평IC,영동고속도로,500,128414829.6,37591385.83,1287213263,예제IC~예제IC 75km/h 10분 소요,예제IC~예제IC 75km/h 10분 소요,50,50,reserved1,reserved2
050001878,평창휴게소,영동고속도로,500,128460229.9,37607026.14,1287213263,예제IC~예제IC 75km/h 10분 소요,예제IC~예제IC 75km/h 10분 소요,50,50,reserved1,reserved2
050001918,속사IC,영동고속도로,500,128490253,37631036.32,1287213263,예제IC~예제IC 75km/h 10분 소요,예제IC~예제IC 75km/h 10분 소요,50,50,reserved1,reserved2
050001990,진부IC,영동고속도로,500,128563687.6,37652828.15,1287213263,예제IC~예제IC 75km/h 10분 소요,예제IC~예제IC 75km/h 10분 소요,50,50,reserved1,reserved2
050002118,횡계IC,영동고속도로,500,128695852.3,37678901.68,1287213263,예제IC~예제IC 75km/h 10분 소요,예제IC~예제IC 75km/h 10분 소요,50,50,reserved1,reserved2
050002309,강릉휴게소,영동고속도로,500,128805556.5,37758471.26,1287213263,예제IC~예제IC 75km/h 10분 소요,예제IC~예제IC 75km/h 10분 소요,50,50,reserved1,reserved2
050002344,강릉JC,영동고속도로,500,128833692.3,37772845,1287213263,예제IC~예제IC 75km/h 10분 소요,예제IC~예제IC 75km/h 10분 소요,50,50,reserved1,reserved2
055001795,남안동IC,중앙고속도로,550,128621293.1,36475231.49,1287213263,예제IC~예제IC 75km/h 10분 소요,예제IC~예제IC 75km/h 10분 소요,50,50,reserved1,reserved2
055001898,안동휴게소,중앙고속도로,550,128643383.5,36552960.16,1287213263,예제IC~예제IC 75km/h 10분 소요,예제IC~예제IC 75km/h 10분 소요,50,50,reserved1,reserved2
055001944,서안동IC,중앙고속도로,550,128626968,36588565.36,1287213263,예제IC~예제IC 75km/h 10분 소요,예제IC~예제IC 75km/h 10분 소요,50,50,reserved1,reserved2
055002077,예천IC,중앙고속도로,550,128542001.6,36668117.08,1287213263,예제IC~예제IC 75km/h 10분 소요,예제IC~예제IC 75km/h 10분 소요,50,50,reserved1,reserved2
055002198,영주IC,중앙고속도로,550,128571690.5,36769604.69,1287213263,예제IC~예제IC 75km/h 10분 소요,예제IC~예제IC 75km/h 10분 소요,50,50,reserved1,reserved2
055002300,풍기IC,중앙고속도로,550,128531161.6,36852437.78,1287213263,예제IC~예제IC 75km/h 10분 소요,예제IC~예제IC 75km/h 10분 소요,50,50,reserved1,reserved2
055002470,단양IC,중앙고속도로,550,128364635,36918265.86,1287213263,예제IC~예제IC 75km/h 10분 소요,예제IC~예제IC 75km/h 10분 소요,50,50,reserved1,reserved2
055002520,단양휴게소,중앙고속도로,550,128320820.5,36942291.82,1287213263,예제IC~예제IC 75km/h 10분 소요,예제IC~예제IC 75km/h 10분 소요,50,50,reserved1,reserved2
055002600,단양휴게소,중앙고속도로,550,128293675.4,37004559.44,1287213263,예제IC~예제IC 75km/h 10분 소요,예제IC~예제IC 75km/h 10분 소요,50,50,reserved1,reserved2
055002612,북단양IC,중앙고속도로,550,128288466.9,37014475.47,1287213263,예제IC~예제IC 75km/h 10분 소요,예제IC~예제IC 75km/h 10분 소요,50,50,reserved1,reserved2
055002736,남제천IC,중앙고속도로,550,128182127,37075869.36,1287213263,예제IC~예제IC 75km/h 10분 소요,예제IC~예제IC 75km/h 10분 소요,50,50,reserved1,reserved2
055002815,제천IC,중앙고속도로,550,128142567.8,37133109.84,1287213263,예제IC~예제IC 75km/h 10분 소요,예제IC~예제IC 75km/h 10분 소요,50,50,reserved1,reserved2
055002948,신림IC,중앙고속도로,550,128082725.7,37231760.46,1287213263,예제IC~예제IC 75km/h 10분 소요,예제IC~예제IC 75km/h 10분 소요,50,50,reserved1,reserved2
055002990,치악휴게소,중앙고속도로,550,128047491.8,37255952.17,1287213263,예제IC~예제IC 75km/h 10분 소요,예제IC~예제IC 75km/h 10분 소요,50,50,reserved1,reserved2
055003129,남원주IC,중앙고속도로,550,127927641.5,37326393.31,1287213263,예제IC~예제IC 75km/h 10분 소요,예제IC~예제IC 75km/h 10분 소요,50,50,reserved1,reserved2
055003178,만종JC,중앙고속도로,550,127902553.2,37364785.01,1287213263,예제IC~예제IC 75km/h 10분 소요,예제IC~예제IC 75km/h 10분 소요,50,50,reserved1,reserved2
055003256,북원주IC,중앙고속도로,550,127923090,37420585.05,1287213263,예제IC~예제IC 75km/h 10분 소요,예제IC~예제IC 75km/h 10분 소요,50,50,reserved1,reserved2
055003272,원주휴게소,중앙고속도로,550,127930458.2,37432767.23,1287213263,예제IC~예제IC 75km/h 10분 소요,예제IC~예제IC 75km/h 10분 소요,50,50,reserved1,reserved2
055003363,횡성IC,중앙고속도로,550,127969784.1,37504854.41,1287213263,예제IC~예제IC 75km/h 10분 소요,예제IC~예제IC 75km/h 10분 소요,50,50,reserved1,reserved2
055003619,홍천IC,중앙고속도로,550,127856084.1,37677822.17,1287213263,예제IC~예제IC 75km/h 10분 소요,예제IC~예제IC 75km/h 10분 소요,50,50,reserved1,reserved2
055003683,홍천강휴게소,중앙고속도로,550,127810624.1,37714197.71,1287213263,예제IC~예제IC 75km/h 10분 소요,예제IC~예제IC 75km/h 10분 소요,50,50,reserved1,reserved2
055003726,춘천JC,중앙고속도로,550,127793637.9,37746306.34,1287213263,예제IC~예제IC 75km/h 10분 소요,예제IC~예제IC 75km/h 10분 소요,50,50,reserved1,reserved2
055003803,춘천휴게소,중앙고속도로,550,127771159.5,37804870.1,1287213263,예제IC~예제IC 75km/h 10분 소요,예제IC~예제IC 75km/h 10분 소요,50,50,reserved1,reserved2
055003850,춘천TG,중앙고속도로,550,127777944.2,37838738.5,1287213263,예제IC~예제IC 75km/h 10분 소요,예제IC~예제IC 75km/h 10분 소요,50,50,reserved1,reserved2
055003861,춘천IC,중앙고속도로,550,127766320.3,37842356.08,1287213263,예제IC~예제IC 75km/h 10분 소요,예제IC~예제IC 75km/h 10분 소요,50,50,reserved1,reserved2
060000006,선동IC,서울양양고속도로,600,127175341.3,37577824.71,1287213263,예제IC~예제IC 75km/h 10분 소요,예제IC~예제IC 75km/h 10분 소요,50,50,reserved1,reserved2
060000019,미사IC,서울양양고속도로,600,127189437.3,37581184.86,1287213263,예제IC~예제IC 75km/h 10분 소요,예제IC~예제IC 75km/h 10분 소요,50,50,reserved1,reserved2
060000071,남양주TG,서울양양고속도로,600,127241262.7,37597397.27,1287213263,예제IC~예제IC 75km/h 10분 소요,예제IC~예제IC 75km/h 10분 소요,50,50,reserved1,reserved2
060000472,강촌IC,서울양양고속도로,600,127624108.4,37734426.38,1287213263,예제IC~예제IC 75km/h 10분 소요,예제IC~예제IC 75km/h 10분 소요,50,50,reserved1,reserved2
060000562,남춘천IC,서울양양고속도로,600,127722742.5,37751343.02,1287213263,예제IC~예제IC 75km/h 10분 소요,예제IC~예제IC 75km/h 10분 소요,50,50,reserved1,reserved2
060000573,동산TG,서울양양고속도로,600,127734015.6,37755528.46,1287213263,예제IC~예제IC 75km/h 10분 소요,예제IC~예제IC 75km/h 10분 소요,50,50,reserved1,reserved2
060000616,조양IC,서울양양고속도로,600,127787867.5,37756014.4,1287213263,예제IC~예제IC 75km/h 10분 소요,예제IC~예제IC 75km/h 10분 소요,50,50,reserved1,reserved2
060000621,춘천JC,서울양양고속도로,600,127793357.1,37749032.1,1287213263,예제IC~예제IC 75km/h 10분 소요,예제IC~예제IC 75km/h 10분 소요,50,50,reserved1,reserved2
065000000,동해JC,동해고속도로,650,129094847.7,37511156.74,1287213263,예제IC~예제IC 75km/h 10분 소요,예제IC~예제IC 75km/h 10분 소요,50,50,reserved1,reserved2
065000062,기장IC,동해고속도로,650,129098849.7,37565746.96,1287213263,예제IC~예제IC 75km/h 10분 소요,예제IC~예제IC 75km/h 10분 소요,50,50,reserved1,reserved2
065000063,기장TG,동해고속도로,650,129098726.6,37566642.53,1287213263,예제IC~예제IC 75km/h 10분 소요,예제IC~예제IC 75km/h 10분 소요,50,50,reserved1,reserved2
065000083,망상IC,동해고속도로,650,129092887,37584001.3,1287213263,예제IC~예제IC 75km/h 10분 소요,예제IC~예제IC 75km/h 10분 소요,50,50,reserved1,reserved2
065000109,동해휴게소,동해고속도로,650,129074816.1,37602125.89,1287213263,예제IC~예제IC 75km/h 10분 소요,예제IC~예제IC 75km/h 10분 소요,50,50,reserved1,reserved2
065000129,옥계휴게소,동해고속도로,650,129059269.2,37615153.78,1287213263,예제IC~예제IC 75km/h 10분 소요,예제IC~예제IC 75km/h 10분 소요,50,50,reserved1,reserved2
065000149,옥계IC,동해고속도로,650,129038124.5,37618539.62,1287213263,예제IC~예제IC 75km/h 10분 소요,예제IC~예제IC 75km/h 10분 소요,50,50,reserved1,reserved2
065000258,장안휴게소,동해고속도로,650,128968085.2,37686983.4,1287213263,예제IC~예제IC 75km/h 10분 소요,예제IC~예제IC 75km/h 10분 소요,50,50,reserved1,reserved2
065000296,온양IC,동해고속도로,650,128925684.9,37688102.96,1287213263,예제IC~예제IC 75km/h 10분 소요,예제IC~예제IC 75km/h 10분 소요,50,50,reserved1,reserved2
065000328,남강릉IC,동해고속도로,650,128891531.6,37693954.14,1287213263,예제IC~예제IC 75km/h 10분 소요,예제IC~예제IC 75km/h 10분 소요,50,50,reserved1,reserved2
065000375,청량IC,동해고속도로,650,128854784.1,37720931.64,1287213263,예제IC~예제IC 75km/h 10분 소요,예제IC~예제IC 75km/h 10분 소요,50,50,reserved1,reserved2
065000378,구정휴게소,동해고속도로,650,128852385.1,37722848.22,1287213263,예제IC~예제IC 75km/h 10분 소요,예제IC~예제IC 75km/h 10분 소요,50,50,reserved1,reserved2
065000410,강릉IC,동해고속도로,650,128839147,37749245.12,1287213263,예제IC~예제IC 75km/h 10분 소요,예제IC~예제IC 75km/h 10분 소요,50,50,reserved1,reserved2
065000428,문수IC,동해고속도로,650,128836782.1,37765296.56,1287213263,예제IC~예제IC 75km/h 10분 소요,예제IC~예제IC 75km/h 10분 소요,50,50,reserved1,reserved2
065000437,강릉JC,동해고속도로,650,128834763,37773246.21,1287213263,예제IC~예제IC 75km/h 10분 소요,예제IC~예제IC 75km/h 10분 소요,50,50,reserved1,reserved2
065000470,울산JC,동해고속도로,650,128824850.4,37801305.81,1287213263,예제IC~예제IC 75km/h 10분 소요,예제IC~예제IC 75km/h 10분 소요,50,50,reserved1,reserved2
065000509,북강릉IC,동해고속도로,650,128814491.2,37835142.4,1287213263,예제IC~예제IC 75km/h 10분 소요,예제IC~예제IC 75km/h 10분 소요,50,50,reserved1,reserved2
065000607,현남IC,동해고속도로,650,128787082.6,37919232.37,1287213263,예제IC~예제IC 75km/h 10분 소요,예제IC~예제IC 75km/h 10분 소요,50,50,reserved1,reserved2
065000754,하조대IC,동해고속도로,650,128693509.9,38025314.1,1287213263,예제IC~예제IC 75km/h 10분 소요,예제IC~예제IC 75km/h 10분 소요,50,50,reserved1,reserved2
100000000,판교JC,서울외곽순환고속도로,1000,127094616.9,37405735.78,1287213263,예제IC~예제IC 75km/h 10분 소요,예제IC~예제IC 75km/h 10분 소요,50,50,reserved1,reserved2
100000042,성남IC,서울외곽순환고속도로,1000,127123409.9,37427631.44,1287213263,예제IC~예제IC 75km/h 10분 소요,예제IC~예제IC 75km/h 10분 소요,50,50,reserved1,reserved2
100000051,성남TG,서울외곽순환고속도로,1000,127123104.4,37435727.7,1287213263,예제IC~예제IC 75km/h 10분 소요,예제IC~예제IC 75km/h 10분 소요,50,50,reserved1,reserved2
100000094,송파IC,서울외곽순환고속도로,1000,127127030.5,37473605.31,1287213263,예제IC~예제IC 75km/h 10분 소요,예제IC~예제IC 75km/h 10분 소요,50,50,reserved1,reserved2
100000144,서하남IC,서울외곽순환고속도로,1000,127151929.9,37512465.59,1287213263,예제IC~예제IC 75km/h 10분 소요,예제IC~예제IC 75km/h 10분 소요,50,50,reserved1,reserved2
100000193,하남JC,서울외곽순환고속도로,1000,127195901.4,37531789.08,1287213263,예제IC~예제IC 75km/h 10분 소요,예제IC~예제IC 75km/h 10분 소요,50,50,reserved1,reserved2
100000219,상일IC,서울외곽순환고속도로,1000,127179247.8,37549354.5,1287213263,예제IC~예제IC 75km/h 10분 소요,예제IC~예제IC 75km/h 10분 소요,50,50,reserved1,reserved2
100000248,강일IC,서울외곽순환고속도로,1000,127165529.6,37572809.37,1287213263,예제IC~예제IC 75km/h 10분 소요,예제IC~예제IC 75km/h 10분 소요,50,50,reserved1,reserved2
100000259,토평IC,서울외곽순환고속도로,1000,127158664.4,37581081.44,1287213263,예제IC~예제IC 75km/h 10분 소요,예제IC~예제IC 75km/h 10분 소요,50,50,reserved1,reserved2
100000269,구리TG,서울외곽순환고속도로,1000,127156606,37589702.63,1287213263,예제IC~예제IC 75km/h 10분 소요,예제IC~예제IC 75km/h 10분 소요,50,50,reserved1,reserved2
100000283,남양주IC,서울외곽순환고속도로,1000,127153276.4,37601672.2,1287213263,예제IC~예제IC 75km/h 10분 소요,예제IC~예제IC 75km/h 10분 소요,50,50,reserved1,reserved2
100000302,구리IC,서울외곽순환고속도로,1000,127141585.5,37615573.99,1287213263,예제IC~예제IC 75km/h 10분 소요,예제IC~예제IC 75km/h 10분 소요,50,50,reserved1,reserved2
100000329,퇴계원IC,서울외곽순환고속도로,1000,127133355.8,37638726.95,1287213263,예제IC~예제IC 75km/h 10분 소요,예제IC~예제IC 75km/h 10분 소요,50,50,reserved1,reserved2
100000343,불암산TG,서울외곽순환고속도로,1000,127124534.8,37649010.99,1287213263,예제IC~예제IC 75km/h 10분 소요,예제IC~예제IC 75km/h 10분 소요,50,50,reserved1,reserved2
100000353,별내IC,서울외곽순환고속도로,1000,127118835.2,37656804.56,1287213263,예제IC~예제IC 75km/h 10분 소요,예제IC~예제IC 75km/h 10분 소요,50,50,reserved1,reserved2
100000426,의정부IC,서울외곽순환고속도로,1000,127053254.8,37694106.2,1287213263,예제IC~예제IC 75km/h 10분 소요,예제IC~예제IC 75km/h 10분 소요,50,50,reserved1,reserved2
100000509,송추IC,서울외곽순환고속도로,1000,126977084.5,37714990.37,1287213263,예제IC~예제IC 75km/h 10분 소요,예제IC~예제IC 75km/h 10분 소요,50,50,reserved1,reserved2
100000596,통일로IC,서울외곽순환고속도로,1000,126896289.1,37673257.11,1287213263,예제IC~예제IC 75km/h 10분 소요,예제IC~예제IC 75km/h 10분 소요,50,50,reserved1,reserved2
100000670,고양IC,서울외곽순환고속도로,1000,126820382.1,37659011.34,1287213263,예제IC~예제IC 75km/h 10분 소요,예제IC~예제IC 75km/h 10분 소요,50,50,reserved1,reserved2
100000700,일산IC,서울외곽순환고속도로,1000,126804572.6,37635901,1287213263,예제IC~예제IC 75km/h 10분 소요,예제IC~예제IC 75km/h 10분 소요,50,50,reserved1,reserved2
100000722,자유로JC,서울외곽순환고속도로,1000,126798484.2,37617403.07,1287213263,예제IC~예제IC 75km/h 10분 소요,예제IC~예제IC 75km/h 10분 소요,50,50,reserved1,reserved2
100000753,김포IC,서울외곽순환고속도로,1000,126774977.9,37597179.13,1287213263,예제IC~예제IC 75km/h 10분 소요,예제IC~예제IC 75km/h 10분 소요,50,50,reserved1,reserved2
100000762,김포TG,서울외곽순환고속도로,1000,126766933.1,37592248.97,1287213263,예제IC~예제IC 75km/h 10분 소요,예제IC~예제IC 75km/h 10분 소요,50,50,reserved1,reserved2
100000790,노오지JC,서울외곽순환고속도로,1000,126753147.7,37570347.48,1287213263,예제IC~예제IC 75km/h 10분 소요,예제IC~예제IC 75km/h 10분 소요,50,50,reserved1,reserved2
100000821,계양IC,서울외곽순환고속도로,1000,126748890.1,37543342.66,1287213263,예제IC~예제IC 75km/h 10분 소요,예제IC~예제IC 75km/h 10분 소요,50,50,reserved1,reserved2
100000843,서운JC,서울외곽순환고속도로,1000,126751479.7,37523849.79,1287213263,예제IC~예제IC 75km/h 10분 소요,예제IC~예제IC 75km/h 10분 소요,50,50,reserved1,reserved2
100000864,중동IC,서울외곽순환고속도로,1000,126747868.2,37505166.03,1287213263,예제IC~예제IC 75km/h 10분 소요,예제IC~예제IC 75km/h 10분 소요,50,50,reserved1,reserved2
100000884,송내IC,서울외곽순환고속도로,1000,126747144.3,37487340.69,1287213263,예제IC~예제IC 75km/h 10분 소요,예제IC~예제IC 75km/h 10분 소요,50,50,reserved1,reserved2
100000908,장수IC,서울외곽순환고속도로,1000,126754519,37467271.51,1287213263,예제IC~예제IC 75km/h 10분 소요,예제IC~예제IC 75km/h 10분 소요,50,50,reserved1,reserved2
100000950,시흥IC,서울외곽순환고속도로,1000,126797412.8,37455683.86,1287213263,예제IC~예제IC 75km/h 10분 소요,예제IC~예제IC 75km/h 10분 소요,50,50,reserved1,reserved2
100000958,시흥TG,서울외곽순환고속도로,1000,126803822.6,37450704.64,1287213263,예제IC~예제IC 75km/h 10분 소요,예제IC~예제IC 75km/h 10분 소요,50,50,reserved1,reserved2
100000977,안현JC,서울외곽순환고속도로,1000,126816738.3,37437047.15,1287213263,예제IC~예제IC 75km/h 10분 소요,예제IC~예제IC 75km/h 10분 소요,50,50,reserved1,reserved2
100001069,조남JC,서울외곽순환고속도로,1000,126868712.4,37368811.82,1287213263,예제IC~예제IC 75km/h 10분 소요,예제IC~예제IC 75km/h 10분 소요,50,50,reserved1,reserved2
100001122,산본IC,서울외곽순환고속도로,1000,126927709.4,37375606.98,1287213263,예제IC~예제IC 75km/h 10분 소요,예제IC~예제IC 75km/h 10분 소요,50,50,reserved1,reserved2
100001163,평촌IC,서울외곽순환고속도로,1000,126970927.2,37380426.53,1287213263,예제IC~예제IC 75km/h 10분 소요,예제IC~예제IC 75km/h 10분 소요,50,50,reserved1,reserved2
100001192,학의JC,서울외곽순환고속도로,1000,127001469.5,37387272.8,1287213263,예제IC~예제IC 75km/h 10분 소요,예제IC~예제IC 75km/h 10분 소요,50,50,reserved1,reserved2
100001214,청계TG,서울외곽순환고속도로,1000,127024714.6,37392790.47,1287213263,예제IC~예제IC 75km/h 10분 소요,예제IC~예제IC 75km/h 10분 소요,50,50,reserved1,reserved2
100001280,판교JC,서울외곽순환고속도로,1000,127094406.8,37405669.69,1287213263,예제IC~예제IC 75km/h 10분 소요,예제IC~예제IC 75km/h 10분 소요,50,50,reserved1,reserved2
102000000,산인JC,남해제1고속도로지선,1020,128474403.3,35271415.31,1287213263,예제IC~예제IC 75km/h 10분 소요,예제IC~예제IC 75km/h 10분 소요,50,50,reserved1,reserved2
102000043,내서JC,남해제1고속도로지선,1020,128514984.4,35259120.2,1287213263,예제IC~예제IC 75km/h 10분 소요,예제IC~예제IC 75km/h 10분 소요,50,50,reserved1,reserved2
102000146,마산TG,남해제1고속도로지선,1020,128605646,35259253.31,1287213263,예제IC~예제IC 75km/h 10분 소요,예제IC~예제IC 75km/h 10분 소요,50,50,reserved1,reserved2
102000186,창원JC,남해제1고속도로지선,1020,128642356.8,35275126.1,1287213263,예제IC~예제IC 75km/h 10분 소요,예제IC~예제IC 75km/h 10분 소요,50,50,reserved1,reserved2
104000000,냉정JC,남해제2고속도로지선,1040,128793127.1,35219518.01,1287213263,예제IC~예제IC 75km/h 10분 소요,예제IC~예제IC 75km/h 10분 소요,50,50,reserved1,reserved2
104000009,장유휴게소,남해제2고속도로지선,1040,128795269.6,35211879.79,1287213263,예제IC~예제IC 75km/h 10분 소요,예제IC~예제IC 75km/h 10분 소요,50,50,reserved1,reserved2
104000030,장유IC,남해제2고속도로지선,1040,128809132.9,35198185.2,1287213263,예제IC~예제IC 75km/h 10분 소요,예제IC~예제IC 75km/h 10분 소요,50,50,reserved1,reserved2
104000128,가락IC,남해제2고속도로지선,1040,128895393.8,35165562.3,1287213263,예제IC~예제IC 75km/h 10분 소요,예제IC~예제IC 75km/h 10분 소요,50,50,reserved1,reserved2
104000178,서부산TG,남해제2고속도로지선,1040,128949031.1,35156717.43,1287213263,예제IC~예제IC 75km/h 10분 소요,예제IC~예제IC 75km/h 10분 소요,50,50,reserved1,reserved2
104000181,서부산IC,남해제2고속도로지선,1040,128952256,35156199.03,1287213263,예제IC~예제IC 75km/h 10분 소요,예제IC~예제IC 75km/h 10분 소요,50,50,reserved1,reserved2
110000037,도화IC,제2경인고속도로,1100,126670118.9,37437307.83,1287213263,예제IC~예제IC 75km/h 10분 소요,예제IC~예제IC 75km/h 10분 소요,50,50,reserved1,reserved2
110000045,문학IC,제2경인고속도로,1100,126678849,37435453.01,1287213263,예제IC~예제IC 75km/h 10분 소요,예제IC~예제IC 75km/h 10분 소요,50,50,reserved1,reserved2
110000063,가좌(동인천)IC,제2경인고속도로,1100,126698676.6,37433417.32,1287213263,예제IC~예제IC 75km/h 10분 소요,예제IC~예제IC 75km/h 10분 소요,50,50,reserved1,reserved2
110000075,남동IC,제2경인고속도로,1100,126712234.1,37433779,1287213263,예제IC~예제IC 75km/h 10분 소요,예제IC~예제IC 75km/h 10분 소요,50,50,reserved1,reserved2
110000098,서창JC,제2경인고속도로,1100,126738184.1,37432830.61,1287213263,예제IC~예제IC 75km/h 10분 소요,예제IC~예제IC 75km/h 10분 소요,50,50,reserved1,reserved2
110000104,서인천IC,제2경인고속도로,1100,126744958.3,37432563.92,1287213263,예제IC~예제IC 75km/h 10분 소요,예제IC~예제IC 75km/h 10분 소요,50,50,reserved1,reserved2
110000121,남인천TG,제2경인고속도로,1100,126764157.2,37431972.29,1287213263,예제IC~예제IC 75km/h 10분 소요,예제IC~예제IC 75km/h 10분 소요,50,50,reserved1,reserved2
110000136,신천IC,제2경인고속도로,1100,126781022.1,37430647.08,1287213263,예제IC~예제IC 75km/h 10분 소요,예제IC~예제IC 75km/h 10분 소요,50,50,reserved1,reserved2
110000142,부평IC,제2경인고속도로,1100,126787664.9,37429555.91,1287213263,예제IC~예제IC 75km/h 10분 소요,예제IC~예제IC 75km/h 10분 소요,50,50,reserved1,reserved2
110000165,인천TG,제2경인고속도로,1100,126811544,37434503.96,1287213263,예제IC~예제IC 75km/h 10분 소요,예제IC~예제IC 75km/h 10분 소요,50,50,reserved1,reserved2
110000172,서운JC,제2경인고속도로,1100,126818046,37438097.07,1287213263,예제IC~예제IC 75km/h 10분 소요,예제IC~예제IC 75km/h 10분 소요,50,50,reserved1,reserved2
110000180,안현JC,제2경인고속도로,1100,126826636.6,37440063.3,1287213263,예제IC~예제IC 75km/h 10분 소요,예제IC~예제IC 75km/h 10분 소요,50,50,reserved1,reserved2
110000190,부천IC,제2경인고속도로,1100,126837938.5,37440281.62,1287213263,예제IC~예제IC 75km/h 10분 소요,예제IC~예제IC 75km/h 10분 소요,50,50,reserved1,reserved2
110000201,광명IC,제2경인고속도로,1100,126850310.9,37439678.11,1287213263,예제IC~예제IC 75km/h 10분 소요,예제IC~예제IC 75km/h 10분 소요,50,50,reserved1,reserved2
110000245,일직JC,제2경인고속도로,1100,126895529.1,37423770.83,1287213263,예제IC~예제IC 75km/h 10분 소요,예제IC~예제IC 75km/h 10분 소요,50,50,reserved1,reserved2
110000255,석수IC,제2경인고속도로,1100,126906799.3,37423982.97,1287213263,예제IC~예제IC 75km/h 10분 소요,예제IC~예제IC 75km/h 10분 소요,50,50,reserved1,reserved2
151000022,동서천JC,서천공주고속도로,1510,126772207.8,36062335.5,1287213263,예제IC~예제IC 75km/h 10분 소요,예제IC~예제IC 75km/h 10분 소요,50,50,reserved1,reserved2
151000490,청양휴게소,서천공주고속도로,1510,126790822,36501791.8,1287213263,예제IC~예제IC 75km/h 10분 소요,예제IC~예제IC 75km/h 10분 소요,50,50,reserved1,reserved2
151000614,서공주JC,서천공주고속도로,1510,127062488.2,36485608.2,1287213263,예제IC~예제IC 75km/h 10분 소요,예제IC~예제IC 75km/h 10분 소요,50,50,reserved1,reserved2
251000000,논산JC,호남고속도로지선,2510,127102602.1,36081855.46,1287213263,예제IC~예제IC 75km/h 10분 소요,예제IC~예제IC 75km/h 10분 소요,50,50,reserved1,reserved2
251000055,논산IC,호남고속도로지선,2510,127134342.5,36122238.95,1287213263,예제IC~예제IC 75km/h 10분 소요,예제IC~예제IC 75km/h 10분 소요,50,50,reserved1,reserved2
251000222,벌곡휴게소,호남고속도로지선,2510,127266282.4,36204283.11,1287213263,예제IC~예제IC 75km/h 10분 소요,예제IC~예제IC 75km/h 10분 소요,50,50,reserved1,reserved2
251000280,계룡IC,호남고속도로지선,2510,127280027.3,36252912.13,1287213263,예제IC~예제IC 75km/h 10분 소요,예제IC~예제IC 75km/h 10분 소요,50,50,reserved1,reserved2
251000295,계룡휴게소,호남고속도로지선,2510,127288902.4,36263340.04,1287213263,예제IC~예제IC 75km/h 10분 소요,예제IC~예제IC 75km/h 10분 소요,50,50,reserved1,reserved2
251000344,서대전JC,호남고속도로지선,2510,127316095.1,36293990.89,1287213263,예제IC~예제IC 75km/h 10분 소요,예제IC~예제IC 75km/h 10분 소요,50,50,reserved1,reserved2
251000428,유성IC,호남고속도로지선,2510,127331055.8,36363792.12,1287213263,예제IC~예제IC 75km/h 10분 소요,예제IC~예제IC 75km/h 10분 소요,50,50,reserved1,reserved2
251000503,북대전(EXPO)IC,호남고속도로지선,2510,127380970.3,36411093.27,1287213263,예제IC~예제IC 75km/h 10분 소요,예제IC~예제IC 75km/h 10분 소요,50,50,reserved1,reserved2
251000539,회덕JC,호남고속도로지선,2510,127419244.1,36404568.1,1287213263,예제IC~예제IC 75km/h 10분 소요,예제IC~예제IC 75km/h 10분 소요,50,50,reserved1,reserved2
300000000,서대전JC,대전남부순환고속도로,3000,127316045.8,36294072.67,1287213263,예제IC~예제IC 75km/h 10분 소요,예제IC~예제IC 75km/h 10분 소요,50,50,reserved1,reserved2
300000011,서대전IC,대전남부순환고속도로,3000,127327650.3,36291694.2,1287213263,예제IC~예제IC 75km/h 10분 소요,예제IC~예제IC 75km/h 10분 소요,50,50,reserved1,reserved2
300000057,안영IC,대전남부순환고속도로,3000,127377453.6,36283839.42,1287213263,예제IC~예제IC 75km/h 10분 소요,예제IC~예제IC 75km/h 10분 소요,50,50,reserved1,reserved2
300000106,산내JC,대전남부순환고속도로,3000,127428531.4,36278624.68,1287213263,예제IC~예제IC 75km/h 10분 소요,예제IC~예제IC 75km/h 10분 소요,50,50,reserved1,reserved2
300000174,판암IC,대전남부순환고속도로,3000,127472053.9,36316723.6,1287213263,예제IC~예제IC 75km/h 10분 소요,예제IC~예제IC 75km/h 10분 소요,50,50,reserved1,reserved2
300000208,비룡JC,대전남부순환고속도로,3000,127482373.2,36345151,1287213263,예제IC~예제IC 75km/h 10분 소요,예제IC~예제IC 75km/h 10분 소요,50,50,reserved1,reserved2
400000000,동탄JC,수도권제2순환고속도로,4000,126954060.9,37233002.69,1287213263,예제IC~예제IC 75km/h 10분 소요,예제IC~예제IC 75km/h 10분 소요,50,50,reserved1,reserved2
400000036,북오산IC,수도권제2순환고속도로,4000,126963699.3,37202849.94,1287213263,예제IC~예제IC 75km/h 10분 소요,예제IC~예제IC 75km/h 10분 소요,50,50,reserved1,reserved2
400000092,서오산JC,수도권제2순환고속도로,4000,127004605,37173169.72,1287213263,예제IC~예제IC 75km/h 10분 소요,예제IC~예제IC 75km/h 10분 소요,50,50,reserved1,reserved2
451000000,현풍IC,중부내륙고속도로지선,4510,128434699.6,35674948.35,1287213263,예제IC~예제IC 75km/h 10분 소요,예제IC~예제IC 75km/h 10분 소요,50,50,reserved1,reserved2
451000025,현풍휴게소,중부내륙고속도로지선,4510,128435920.3,35697415.21,1287213263,예제IC~예제IC 75km/h 10분 소요,예제IC~예제IC 75km/h 10분 소요,50,50,reserved1,reserved2
451000124,달성IC,중부내륙고속도로지선,4510,128475069.8,35767250.45,1287213263,예제IC~예제IC 75km/h 10분 소요,예제IC~예제IC 75km/h 10분 소요,50,50,reserved1,reserved2
451000153,옥포JC,중부내륙고속도로지선,4510,128463975.5,35791519.64,1287213263,예제IC~예제IC 75km/h 10분 소요,예제IC~예제IC 75km/h 10분 소요,50,50,reserved1,reserved2
451000169,화원TG,중부내륙고속도로지선,4510,128475334,35799960.19,1287213263,예제IC~예제IC 75km/h 10분 소요,예제IC~예제IC 75km/h 10분 소요,50,50,reserved1,reserved2
451000175,화원IC,중부내륙고속도로지선,4510,128481876.6,35800868.39,1287213263,예제IC~예제IC 75km/h 10분 소요,예제IC~예제IC 75km/h 10분 소요,50,50,reserved1,reserved2
451000234,남대구IC,중부내륙고속도로지선,4510,128527723.9,35837560.69,1287213263,예제IC~예제IC 75km/h 10분 소요,예제IC~예제IC 75km/h 10분 소요,50,50,reserved1,reserved2
451000249,성서IC,중부내륙고속도로지선,4510,128521786.4,35849720.68,1287213263,예제IC~예제IC 75km/h 10분 소요,예제IC~예제IC 75km/h 10분 소요,50,50,reserved1,reserved2
451000281,서대구IC,중부내륙고속도로지선,4510,128531518.9,35876711.58,1287213263,예제IC~예제IC 75km/h 10분 소요,예제IC~예제IC 75km/h 10분 소요,50,50,reserved1,reserved2
451000283,서대구TG,중부내륙고속도로지선,4510,128530805.4,35878412.19,1287213263,예제IC~예제IC 75km/h 10분 소요,예제IC~예제IC 75km/h 10분 소요,50,50,reserved1,reserved2
451000300,금호JC,중부내륙고속도로지선,4510,128525177.9,35892740.88,1287213263,예제IC~예제IC 75km/h 10분 소요,예제IC~예제IC 75km/h 10분 소요,50,50,reserved1,reserved2
551000000,대동JC,중앙고속도로지선,5510,128984978.2,35283192.55,1287213263,예제IC~예제IC 75km/h 10분 소요,예제IC~예제IC 75km/h 10분 소요,50,50,reserved1,reserved2
551000041,물금IC,중앙고속도로지선,5510,129012158.1,35308430.81,1287213263,예제IC~예제IC 75km/h 10분 소요,예제IC~예제IC 75km/h 10분 소요,50,50,reserved1,reserved2
551000064,남양산IC,중앙고속도로지선,5510,129025127.2,35325159.36,1287213263,예제IC~예제IC 75km/h 10분 소요,예제IC~예제IC 75km/h 10분 소요,50,50,reserved1,reserved2
551000082,양산JC,중앙고속도로지선,5510,129036772.3,35331762.2,1287213263,예제IC~예제IC 75km/h 10분 소요,예제IC~예제IC 75km/h 10분 소요,50,50,reserved1,reserved2
