cctv00000001,10,경부고속도로,127025938.1,37483376.1,http://121.156.51.165:1935/ex/mp4:cctv.mp4/playlist.m3u8,rtsp://121.156.51.165:1935/ex/mp4:cctv.mp4,서초
cctv00000002,10,경부고속도로,127041470.4,37461796.2,http://121.156.51.165:1935/ex/mp4:cctv.mp4/playlist.m3u8,rtsp://121.156.51.165:1935/ex/mp4:cctv.mp4,양재
cctv00000003,10,경부고속도로,127057351.8,37444304,http://121.156.51.165:1935/ex/mp4:cctv.mp4/playlist.m3u8,rtsp://121.156.51.165:1935/ex/mp4:cctv.mp4,상적정류장
cctv00000004,10,경부고속도로,127063367,37436705.6,http://121.156.51.165:1935/ex/mp4:cctv.mp4/playlist.m3u8,rtsp://121.156.51.165:1935/ex/mp4:cctv.mp4,달래내2
cctv00000005,10,경부고속도로,127077530.1,37422688.2,http://121.156.51.165:1935/ex/mp4:cctv.mp4/playlist.m3u8,rtsp://121.156.51.165:1935/ex/mp4:cctv.mp4,달래내1
cctv00000006,10,경부고속도로,127096510.2,37403967.7,http://121.156.51.165:1935/ex/mp4:cctv.mp4/playlist.m3u8,rtsp://121.156.51.165:1935/ex/mp4:cctv.mp4,판교분기점_경부
cctv00000007,10,경부고속도로,127100960.7,37395738,http://121.156.51.165:1935/ex/mp4:cctv.mp4/playlist.m3u8,rtsp://121.156.51.165:1935/ex/mp4:cctv.mp4,판교
cctv00000008,10,경부고속도로,127103523.2,37312156.9,http://121.156.51.165:1935/ex/mp4:cctv.mp4/playlist.m3u8,rtsp://121.156.51.165:1935/ex/mp4:cctv.mp4,죽전
cctv00000009,10,경부고속도로,127103262.1,37364361.8,http://121.156.51.165:1935/ex/mp4:cctv.mp4/playlist.m3u8,rtsp://121.156.51.165:1935/ex/mp4:cctv.mp4,서울영업소
cctv00000010,10,경부고속도로,127103412.3,37331058.6,http://121.156.51.165:1935/ex/mp4:cctv.mp4/playlist.m3u8,rtsp://121.156.51.165:1935/ex/mp4:cctv.mp4,죽전휴게소
cctv00000011,10,경부고속도로,127103674.6,37287564.8,http://121.156.51.165:1935/ex/mp4:cctv.mp4/playlist.m3u8,rtsp://121.156.51.165:1935/ex/mp4:cctv.mp4,신갈_경부
cctv00000012,10,경부고속도로,127103763.1,37265352.4,http://121.156.51.165:1935/ex/mp4:cctv.mp4/playlist.m3u8,rtsp://121.156.51.165:1935/ex/mp4:cctv.mp4,수원
cctv00000013,10,경부고속도로,127106443.6,37229670.7,http://121.156.51.165:1935/ex/mp4:cctv.mp4/playlist.m3u8,rtsp://121.156.51.165:1935/ex/mp4:cctv.mp4,기흥휴게소
cctv00000014,10,경부고속도로,127101641.8,37223155.9,http://121.156.51.165:1935/ex/mp4:cctv.mp4/playlist.m3u8,rtsp://121.156.51.165:1935/ex/mp4:cctv.mp4,기흥
cctv00000015,10,경부고속도로,127094265.2,37198548.9,http://121.156.51.165:1935/ex/mp4:cctv.mp4/playlist.m3u8,rtsp://121.156.51.165:1935/ex/mp4:cctv.mp4,동탄
cctv00000016,10,경부고속도로,127096037.6,37180678.2,http://121.156.51.165:1935/ex/mp4:cctv.mp4/playlist.m3u8,rtsp://121.156.51.165:1935/ex/mp4:cctv.mp4,청계2교
cctv00000017,10,경부고속도로,127084891.4,37141184.3,http://121.156.51.165:1935/ex/mp4:cctv.mp4/playlist.m3u8,rtsp://121.156.51.165:1935/ex/mp4:cctv.mp4,오산
cctv00000018,10,경부고속도로,127099686.5,37124998.3,http://121.156.51.165:1935/ex/mp4:cctv.mp4/playlist.m3u8,rtsp://121.156.51.165:1935/ex/mp4:cctv.mp4,남사육교
cctv00000019,10,경부고속도로,127115744.9,37107182.4,http://121.156.51.165:1935/ex/mp4:cctv.mp4/playlist.m3u8,rtsp://121.156.51.165:1935/ex/mp4:cctv.mp4,진위천교
cctv00000034,10,경부고속도로,127134892.4,37066946,http://121.156.51.165:1935/ex/mp4:cctv.mp4/playlist.m3u8,rtsp://121.156.51.165:1935/ex/mp4:cctv.mp4,안성휴게소(서울)
cctv00000035,10,경부고속도로,127139683.5,37032948,http://121.156.51.165:1935/ex/mp4:cctv.mp4/playlist.m3u8,rtsp://121.156.51.165:1935/ex/mp4:cctv.mp4,안성분기점
cctv00000036,10,경부고속도로,127144838.4,37015522.6,http://121.156.51.165:1935/ex/mp4:cctv.mp4/playlist.m3u8,rtsp://121.156.51.165:1935/ex/mp4:cctv.mp4,안성휴게소(부산)
cctv00000038,10,경부고속도로,127088971.6,37160924.4,http://121.156.51.165:1935/ex/mp4:cctv.mp4/playlist.m3u8,rtsp://121.156.51.165:1935/ex/mp4:cctv.mp4,동탄1교
cctv00000039,10,경부고속도로,127126091.6,37084335.6,http://121.156.51.165:1935/ex/mp4:cctv.mp4/playlist.m3u8,rtsp://121.156.51.165:1935/ex/mp4:cctv.mp4,남사정류장
cctv00000040,150,서해안고속도로,126892229.6,37457805.7,http://121.156.51.165:1935/ex/mp4:cctv.mp4/playlist.m3u8,rtsp://121.156.51.165:1935/ex/mp4:cctv.mp4,금천
cctv00000041,150,서해안고속도로,126897880,37433275.1,http://121.156.51.165:1935/ex/mp4:cctv.mp4/playlist.m3u8,rtsp://121.156.51.165:1935/ex/mp4:cctv.mp4,금천고가교
cctv00000042,150,서해안고속도로,126894291.4,37421067.2,http://121.156.51.165:1935/ex/mp4:cctv.mp4/playlist.m3u8,rtsp://121.156.51.165:1935/ex/mp4:cctv.mp4,일직분기점
cctv00000043,150,서해안고속도로,126877325.5,37403251.3,http://121.156.51.165:1935/ex/mp4:cctv.mp4/playlist.m3u8,rtsp://121.156.51.165:1935/ex/mp4:cctv.mp4,광명역
cctv00000044,150,서해안고속도로,126870785.9,37394337.4,http://121.156.51.165:1935/ex/mp4:cctv.mp4/playlist.m3u8,rtsp://121.156.51.165:1935/ex/mp4:cctv.mp4,목감
cctv00000045,150,서해안고속도로,126862129.4,37342208.8,http://121.156.51.165:1935/ex/mp4:cctv.mp4/playlist.m3u8,rtsp://121.156.51.165:1935/ex/mp4:cctv.mp4,서서울영업소
cctv00000046,150,서해안고속도로,126870832.5,37339233,http://121.156.51.165:1935/ex/mp4:cctv.mp4/playlist.m3u8,rtsp://121.156.51.165:1935/ex/mp4:cctv.mp4,순산터널
cctv00000047,150,서해안고속도로,126892403,37311015.7,http://121.156.51.165:1935/ex/mp4:cctv.mp4/playlist.m3u8,rtsp://121.156.51.165:1935/ex/mp4:cctv.mp4,팔곡분기점
cctv00000048,150,서해안고속도로,126896778.4,37276366.8,http://121.156.51.165:1935/ex/mp4:cctv.mp4/playlist.m3u8,rtsp://121.156.51.165:1935/ex/mp4:cctv.mp4,매송
cctv00000049,150,서해안고속도로,126882036.2,37242326,http://121.156.51.165:1935/ex/mp4:cctv.mp4/playlist.m3u8,rtsp://121.156.51.165:1935/ex/mp4:cctv.mp4,비봉
cctv00000050,150,서해안고속도로,126869880.4,37210447.9,http://121.156.51.165:1935/ex/mp4:cctv.mp4/playlist.m3u8,rtsp://121.156.51.165:1935/ex/mp4:cctv.mp4,양노4교
cctv00000051,150,서해안고속도로,126873463.6,37174542.4,http://121.156.51.165:1935/ex/mp4:cctv.mp4/playlist.m3u8,rtsp://121.156.51.165:1935/ex/mp4:cctv.mp4,율암교
cctv00000052,150,서해안고속도로,126878172.7,37152460.9,http://121.156.51.165:1935/ex/mp4:cctv.mp4/playlist.m3u8,rtsp://121.156.51.165:1935/ex/mp4:cctv.mp4,화성휴게소2
cctv00000053,150,서해안고속도로,126882716.3,37122301.5,http://121.156.51.165:1935/ex/mp4:cctv.mp4/playlist.m3u8,rtsp://121.156.51.165:1935/ex/mp4:cctv.mp4,발안
cctv00000054,150,서해안고속도로,126886403.8,37088047.5,http://121.156.51.165:1935/ex/mp4:cctv.mp4/playlist.m3u8,rtsp://121.156.51.165:1935/ex/mp4:cctv.mp4,상신2교
cctv00000055,150,서해안고속도로,126880177.4,37037278.2,http://121.156.51.165:1935/ex/mp4:cctv.mp4/playlist.m3u8,rtsp://121.156.51.165:1935/ex/mp4:cctv.mp4,고잔6교
cctv00000056,150,서해안고속도로,126869213.5,37003452.5,http://121.156.51.165:1935/ex/mp4:cctv.mp4/playlist.m3u8,rtsp://121.156.51.165:1935/ex/mp4:cctv.mp4,서평택
cctv00000057,1000,서울외곽순환고속도로,126825856.2,37426788.9,http://121.156.51.165:1935/ex/mp4:cctv.mp4/playlist.m3u8,rtsp://121.156.51.165:1935/ex/mp4:cctv.mp4,제넘어골
cctv00000058,1100,제2경인고속도로,126798834.2,37428828.6,http://121.156.51.165:1935/ex/mp4:cctv.mp4/playlist.m3u8,rtsp://121.156.51.165:1935/ex/mp4:cctv.mp4,은행3교
cctv00000059,150,서해안고속도로,126868176.1,37366481.2,http://121.156.51.165:1935/ex/mp4:cctv.mp4/playlist.m3u8,rtsp://121.156.51.165:1935/ex/mp4:cctv.mp4,조남분기점1
cctv00000078,400,평택제천간고속도로,127041925.8,37024629.6,http://121.156.51.165:1935/ex/mp4:cctv.mp4/playlist.m3u8,rtsp://121.156.51.165:1935/ex/mp4:cctv.mp4,궁리2교
cctv00000135,350,통영대전중부고속도로,127317081.8,37369555.2,http://121.156.51.165:1935/ex/mp4:cctv.mp4/playlist.m3u8,rtsp://121.156.51.165:1935/ex/mp4:cctv.mp4,늑현육교
cctv00000136,350,통영대전중부고속도로,127302733.8,37413601.9,http://121.156.51.165:1935/ex/mp4:cctv.mp4/playlist.m3u8,rtsp://121.156.51.165:1935/ex/mp4:cctv.mp4,신월천교
cctv00000137,370,제2중부고속도로,127325597.2,37341167,http://121.156.51.165:1935/ex/mp4:cctv.mp4/playlist.m3u8,rtsp://121.156.51.165:1935/ex/mp4:cctv.mp4,궁평1교
cctv00000138,370,제2중부고속도로,127271140.3,37450045.7,http://121.156.51.165:1935/ex/mp4:cctv.mp4/playlist.m3u8,rtsp://121.156.51.165:1935/ex/mp4:cctv.mp4,천진암교
cctv00000223,1000,서울외곽순환고속도로,126804370.4,37632682.1,http://121.156.51.165:1935/ex/mp4:cctv.mp4/playlist.m3u8,rtsp://121.156.51.165:1935/ex/mp4:cctv.mp4,일산IC
cctv00000224,1000,서울외곽순환고속도로,126801256,37620418,http://121.156.51.165:1935/ex/mp4:cctv.mp4/playlist.m3u8,rtsp://121.156.51.165:1935/ex/mp4:cctv.mp4,자유로JC
cctv00000225,1000,서울외곽순환고속도로,126771802.5,37595550.1,http://121.156.51.165:1935/ex/mp4:cctv.mp4/playlist.m3u8,rtsp://121.156.51.165:1935/ex/mp4:cctv.mp4,김포IC
cctv00000227,1000,서울외곽순환고속도로,126752471.4,37566791.1,http://121.156.51.165:1935/ex/mp4:cctv.mp4/playlist.m3u8,rtsp://121.156.51.165:1935/ex/mp4:cctv.mp4,노오지JC
cctv00000228,1000,서울외곽순환고속도로,126747751.5,37547749.4,http://121.156.51.165:1935/ex/mp4:cctv.mp4/playlist.m3u8,rtsp://121.156.51.165:1935/ex/mp4:cctv.mp4,계양IC
cctv00000229,1000,서울외곽순환고속도로,126751853.6,37532804.8,http://121.156.51.165:1935/ex/mp4:cctv.mp4/playlist.m3u8,rtsp://121.156.51.165:1935/ex/mp4:cctv.mp4,서운JC
cctv00000230,1000,서울외곽순환고속도로,126747020.2,37500716.8,http://121.156.51.165:1935/ex/mp4:cctv.mp4/playlist.m3u8,rtsp://121.156.51.165:1935/ex/mp4:cctv.mp4,중동
cctv00000231,1000,서울외곽순환고속도로,126749407.9,37480369.4,http://121.156.51.165:1935/ex/mp4:cctv.mp4/playlist.m3u8,rtsp://121.156.51.165:1935/ex/mp4:cctv.mp4,송내
cctv00000232,1000,서울외곽순환고속도로,126756299.4,37464071.8,http://121.156.51.165:1935/ex/mp4:cctv.mp4/playlist.m3u8,rtsp://121.156.51.165:1935/ex/mp4:cctv.mp4,장수IC
cctv00000233,1000,서울외곽순환고속도로,126793231.2,37457019.9,http://121.156.51.165:1935/ex/mp4:cctv.mp4/playlist.m3u8,rtsp://121.156.51.165:1935/ex/mp4:cctv.mp4,시흥
cctv00000234,1000,서울외곽순환고속도로,126817750.1,37435978.3,http://121.156.51.165:1935/ex/mp4:cctv.mp4/playlist.m3u8,rtsp://121.156.51.165:1935/ex/mp4:cctv.mp4,안현분기점
cctv00000235,1000,서울외곽순환고속도로,126830950.6,37413911.3,http://121.156.51.165:1935/ex/mp4:cctv.mp4/playlist.m3u8,rtsp://121.156.51.165:1935/ex/mp4:cctv.mp4,금이3교
cctv00000236,1000,서울외곽순환고속도로,126845802.8,37398269.7,http://121.156.51.165:1935/ex/mp4:cctv.mp4/playlist.m3u8,rtsp://121.156.51.165:1935/ex/mp4:cctv.mp4,금이2교
cctv00000237,1000,서울외곽순환고속도로,126857061.4,37376598.7,http://121.156.51.165:1935/ex/mp4:cctv.mp4/playlist.m3u8,rtsp://121.156.51.165:1935/ex/mp4:cctv.mp4,조남2교
cctv00000238,1000,서울외곽순환고속도로,126871838.2,37368422.5,http://121.156.51.165:1935/ex/mp4:cctv.mp4/playlist.m3u8,rtsp://121.156.51.165:1935/ex/mp4:cctv.mp4,조남분기점
cctv00000239,1000,서울외곽순환고속도로,126933426.2,37376270.7,http://121.156.51.165:1935/ex/mp4:cctv.mp4/playlist.m3u8,rtsp://121.156.51.165:1935/ex/mp4:cctv.mp4,산본
cctv00000240,1000,서울외곽순환고속도로,126978579,37379716.9,http://121.156.51.165:1935/ex/mp4:cctv.mp4/playlist.m3u8,rtsp://121.156.51.165:1935/ex/mp4:cctv.mp4,평촌고가교
cctv00000241,1000,서울외곽순환고속도로,126988815.3,37383492.7,http://121.156.51.165:1935/ex/mp4:cctv.mp4/playlist.m3u8,rtsp://121.156.51.165:1935/ex/mp4:cctv.mp4,학의JC
cctv00000242,1000,서울외곽순환고속도로,127020200.4,37392762.8,http://121.156.51.165:1935/ex/mp4:cctv.mp4/playlist.m3u8,rtsp://121.156.51.165:1935/ex/mp4:cctv.mp4,청계TG
cctv00000243,1000,서울외곽순환고속도로,127064771.1,37395156.7,http://121.156.51.165:1935/ex/mp4:cctv.mp4/playlist.m3u8,rtsp://121.156.51.165:1935/ex/mp4:cctv.mp4,청계운중교
cctv00000244,1000,서울외곽순환고속도로,127097235.4,37406597.3,http://121.156.51.165:1935/ex/mp4:cctv.mp4/playlist.m3u8,rtsp://121.156.51.165:1935/ex/mp4:cctv.mp4,판교분기점_외곽
cctv00000245,1000,서울외곽순환고속도로,127107798.3,37407615,http://121.156.51.165:1935/ex/mp4:cctv.mp4/playlist.m3u8,rtsp://121.156.51.165:1935/ex/mp4:cctv.mp4,성남삼평교
cctv00000246,1000,서울외곽순환고속도로,127123435.9,37425927.8,http://121.156.51.165:1935/ex/mp4:cctv.mp4/playlist.m3u8,rtsp://121.156.51.165:1935/ex/mp4:cctv.mp4,성남IC
cctv00000247,1000,서울외곽순환고속도로,127122886.7,37441075.8,http://121.156.51.165:1935/ex/mp4:cctv.mp4/playlist.m3u8,rtsp://121.156.51.165:1935/ex/mp4:cctv.mp4,성남TG
cctv00000248,1000,서울외곽순환고속도로,127125816.9,37472166.7,http://121.156.51.165:1935/ex/mp4:cctv.mp4/playlist.m3u8,rtsp://121.156.51.165:1935/ex/mp4:cctv.mp4,송파IC
cctv00000249,1000,서울외곽순환고속도로,127139030.7,37493957,http://121.156.51.165:1935/ex/mp4:cctv.mp4/playlist.m3u8,rtsp://121.156.51.165:1935/ex/mp4:cctv.mp4,거여고가교
cctv00000250,1000,서울외곽순환고속도로,127154456,37512987.1,http://121.156.51.165:1935/ex/mp4:cctv.mp4/playlist.m3u8,rtsp://121.156.51.165:1935/ex/mp4:cctv.mp4,서하남IC
cctv00000251,1000,서울외곽순환고속도로,127165176.5,37514739.2,http://121.156.51.165:1935/ex/mp4:cctv.mp4/playlist.m3u8,rtsp://121.156.51.165:1935/ex/mp4:cctv.mp4,광암터널(판교)
cctv00000252,1000,서울외곽순환고속도로,127187094.2,37518997,http://121.156.51.165:1935/ex/mp4:cctv.mp4/playlist.m3u8,rtsp://121.156.51.165:1935/ex/mp4:cctv.mp4,광암터널(퇴계원)
cctv00000253,1000,서울외곽순환고속도로,127193809.9,37532298.4,http://121.156.51.165:1935/ex/mp4:cctv.mp4/playlist.m3u8,rtsp://121.156.51.165:1935/ex/mp4:cctv.mp4,하남JC
cctv00000254,1000,서울외곽순환고속도로,127180518.5,37546518.3,http://121.156.51.165:1935/ex/mp4:cctv.mp4/playlist.m3u8,rtsp://121.156.51.165:1935/ex/mp4:cctv.mp4,상일IC
cctv00000255,1000,서울외곽순환고속도로,127164904.7,37573562.5,http://121.156.51.165:1935/ex/mp4:cctv.mp4/playlist.m3u8,rtsp://121.156.51.165:1935/ex/mp4:cctv.mp4,강일IC
cctv00000256,1000,서울외곽순환고속도로,127156516.9,37585207.2,http://121.156.51.165:1935/ex/mp4:cctv.mp4/playlist.m3u8,rtsp://121.156.51.165:1935/ex/mp4:cctv.mp4,토평IC
cctv00000257,1000,서울외곽순환고속도로,127150215.9,37604329.8,http://121.156.51.165:1935/ex/mp4:cctv.mp4/playlist.m3u8,rtsp://121.156.51.165:1935/ex/mp4:cctv.mp4,남양주IC
cctv00000258,1000,서울외곽순환고속도로,127141951.9,37613962.3,http://121.156.51.165:1935/ex/mp4:cctv.mp4/playlist.m3u8,rtsp://121.156.51.165:1935/ex/mp4:cctv.mp4,구리IC
cctv00000259,1000,서울외곽순환고속도로,127132311.9,37641401.8,http://121.156.51.165:1935/ex/mp4:cctv.mp4/playlist.m3u8,rtsp://121.156.51.165:1935/ex/mp4:cctv.mp4,퇴계원IC
cctv00000260,350,통영대전중부고속도로,127214477.5,37530821.2,http://121.156.51.165:1935/ex/mp4:cctv.mp4/playlist.m3u8,rtsp://121.156.51.165:1935/ex/mp4:cctv.mp4,하남
cctv00000261,350,통영대전중부고속도로,127222559.8,37515991.6,http://121.156.51.165:1935/ex/mp4:cctv.mp4/playlist.m3u8,rtsp://121.156.51.165:1935/ex/mp4:cctv.mp4,동서울영업소
cctv00000262,350,통영대전중부고속도로,127226237.6,37509404.9,http://121.156.51.165:1935/ex/mp4:cctv.mp4/playlist.m3u8,rtsp://121.156.51.165:1935/ex/mp4:cctv.mp4,하산곡
cctv00000263,350,통영대전중부고속도로,127237923.7,37492938.9,http://121.156.51.165:1935/ex/mp4:cctv.mp4/playlist.m3u8,rtsp://121.156.51.165:1935/ex/mp4:cctv.mp4,상산곡교
cctv00000264,350,통영대전중부고속도로,127246427.3,37475407.7,http://121.156.51.165:1935/ex/mp4:cctv.mp4/playlist.m3u8,rtsp://121.156.51.165:1935/ex/mp4:cctv.mp4,산곡분기점
cctv00000265,350,통영대전중부고속도로,127250966.3,37461476.3,http://121.156.51.165:1935/ex/mp4:cctv.mp4/playlist.m3u8,rtsp://121.156.51.165:1935/ex/mp4:cctv.mp4,중부1터널
cctv00000266,350,통영대전중부고속도로,127253480.6,37455527.6,http://121.156.51.165:1935/ex/mp4:cctv.mp4/playlist.m3u8,rtsp://121.156.51.165:1935/ex/mp4:cctv.mp4,광지원2교
cctv00000267,350,통영대전중부고속도로,127270737,37447602.6,http://121.156.51.165:1935/ex/mp4:cctv.mp4/playlist.m3u8,rtsp://121.156.51.165:1935/ex/mp4:cctv.mp4,광주
cctv00000268,350,통영대전중부고속도로,127287356.2,37440067.1,http://121.156.51.165:1935/ex/mp4:cctv.mp4/playlist.m3u8,rtsp://121.156.51.165:1935/ex/mp4:cctv.mp4,중부2터널
cctv00000269,350,통영대전중부고속도로,127296805.5,37427159.9,http://121.156.51.165:1935/ex/mp4:cctv.mp4/playlist.m3u8,rtsp://121.156.51.165:1935/ex/mp4:cctv.mp4,중부3터널
cctv00000270,350,통영대전중부고속도로,127321239,37351560.3,http://121.156.51.165:1935/ex/mp4:cctv.mp4/playlist.m3u8,rtsp://121.156.51.165:1935/ex/mp4:cctv.mp4,곤지암
cctv00000271,350,통영대전중부고속도로,127357435.4,37306671.4,http://121.156.51.165:1935/ex/mp4:cctv.mp4/playlist.m3u8,rtsp://121.156.51.165:1935/ex/mp4:cctv.mp4,용면
cctv00000272,350,통영대전중부고속도로,127365078.5,37296813.7,http://121.156.51.165:1935/ex/mp4:cctv.mp4/playlist.m3u8,rtsp://121.156.51.165:1935/ex/mp4:cctv.mp4,용면교
cctv00000273,350,통영대전중부고속도로,127386280.4,37281763.4,http://121.156.51.165:1935/ex/mp4:cctv.mp4/playlist.m3u8,rtsp://121.156.51.165:1935/ex/mp4:cctv.mp4,서이천
cctv00000274,350,통영대전중부고속도로,127427546.8,37233544.4,http://121.156.51.165:1935/ex/mp4:cctv.mp4/playlist.m3u8,rtsp://121.156.51.165:1935/ex/mp4:cctv.mp4,호법분기점
cctv00000275,370,제2중부고속도로,127255905.5,37456741.4,http://121.156.51.165:1935/ex/mp4:cctv.mp4/playlist.m3u8,rtsp://121.156.51.165:1935/ex/mp4:cctv.mp4,광지원터널
cctv00000276,370,제2중부고속도로,127313615.1,37392307.8,http://121.156.51.165:1935/ex/mp4:cctv.mp4/playlist.m3u8,rtsp://121.156.51.165:1935/ex/mp4:cctv.mp4,초월
cctv00000277,370,제2중부고속도로,127337824.6,37325180.2,http://121.156.51.165:1935/ex/mp4:cctv.mp4/playlist.m3u8,rtsp://121.156.51.165:1935/ex/mp4:cctv.mp4,진우1육교
cctv00000278,370,제2중부고속도로,127407105.2,37265000.4,http://121.156.51.165:1935/ex/mp4:cctv.mp4/playlist.m3u8,rtsp://121.156.51.165:1935/ex/mp4:cctv.mp4,마장분기점_2중부
cctv00000279,350,통영대전중부고속도로,127431722.2,37220575.5,http://121.156.51.165:1935/ex/mp4:cctv.mp4/playlist.m3u8,rtsp://121.156.51.165:1935/ex/mp4:cctv.mp4,후안2교
cctv00000280,350,통영대전중부고속도로,127443422.4,37198075.7,http://121.156.51.165:1935/ex/mp4:cctv.mp4/playlist.m3u8,rtsp://121.156.51.165:1935/ex/mp4:cctv.mp4,모가정류장
cctv00000281,350,통영대전중부고속도로,127440534.3,37169373.3,http://121.156.51.165:1935/ex/mp4:cctv.mp4/playlist.m3u8,rtsp://121.156.51.165:1935/ex/mp4:cctv.mp4,모가
cctv00000282,350,통영대전중부고속도로,127438764.6,37148695.3,http://121.156.51.165:1935/ex/mp4:cctv.mp4/playlist.m3u8,rtsp://121.156.51.165:1935/ex/mp4:cctv.mp4,낙타고개2
cctv00000283,350,통영대전중부고속도로,127444561.1,37122104.9,http://121.156.51.165:1935/ex/mp4:cctv.mp4/playlist.m3u8,rtsp://121.156.51.165:1935/ex/mp4:cctv.mp4,낙타고개1
cctv00000284,350,통영대전중부고속도로,127451629.9,37090045.4,http://121.156.51.165:1935/ex/mp4:cctv.mp4/playlist.m3u8,rtsp://121.156.51.165:1935/ex/mp4:cctv.mp4,일죽
cctv00000000,1000,서울외곽순환고속도로,126750309.5,37517618.8,http://121.156.51.165:1935/ex/mp4:cctv.mp4/playlist.m3u8,rtsp://121.156.51.165:1935/ex/mp4:cctv.mp4,삼산
cctv00005056,1000,서울외곽순환고속도로,126753642.7,37475138.7,http://121.156.51.165:1935/ex/mp4:cctv.mp4/playlist.m3u8,rtsp://121.156.51.165:1935/ex/mp4:cctv.mp4,일신
cctv00000335,500,영동고속도로,126740362.8,37404778.9,http://121.156.51.165:1935/ex/mp4:cctv.mp4/playlist.m3u8,rtsp://121.156.51.165:1935/ex/mp4:cctv.mp4,논현교
cctv00000336,500,영동고속도로,126753859.7,37387078.7,http://121.156.51.165:1935/ex/mp4:cctv.mp4/playlist.m3u8,rtsp://121.156.51.165:1935/ex/mp4:cctv.mp4,월곶
cctv00000337,500,영동고속도로,126774556.3,37359779.3,http://121.156.51.165:1935/ex/mp4:cctv.mp4/playlist.m3u8,rtsp://121.156.51.165:1935/ex/mp4:cctv.mp4,군자영업소
cctv00000338,500,영동고속도로,126806329.8,37350615.6,http://121.156.51.165:1935/ex/mp4:cctv.mp4/playlist.m3u8,rtsp://121.156.51.165:1935/ex/mp4:cctv.mp4,서안산
cctv00000339,500,영동고속도로,126840411.1,37348504.7,http://121.156.51.165:1935/ex/mp4:cctv.mp4/playlist.m3u8,rtsp://121.156.51.165:1935/ex/mp4:cctv.mp4,안산
cctv00000347,500,영동고속도로,126850266.7,37347437.1,http://121.156.51.165:1935/ex/mp4:cctv.mp4/playlist.m3u8,rtsp://121.156.51.165:1935/ex/mp4:cctv.mp4,양상교
cctv00000348,500,영동고속도로,126863771.9,37343366.1,http://121.156.51.165:1935/ex/mp4:cctv.mp4/playlist.m3u8,rtsp://121.156.51.165:1935/ex/mp4:cctv.mp4,안산갈림목
cctv00000349,500,영동고속도로,126871386,37341278.1,http://121.156.51.165:1935/ex/mp4:cctv.mp4/playlist.m3u8,rtsp://121.156.51.165:1935/ex/mp4:cctv.mp4,반월터널(인천)
cctv00000350,500,영동고속도로,126886997.2,37328303.1,http://121.156.51.165:1935/ex/mp4:cctv.mp4/playlist.m3u8,rtsp://121.156.51.165:1935/ex/mp4:cctv.mp4,반월터널(강릉)
cctv00000351,500,영동고속도로,126928316.7,37328145.4,http://121.156.51.165:1935/ex/mp4:cctv.mp4/playlist.m3u8,rtsp://121.156.51.165:1935/ex/mp4:cctv.mp4,군포
cctv00000352,500,영동고속도로,126962256.8,37322980.9,http://121.156.51.165:1935/ex/mp4:cctv.mp4/playlist.m3u8,rtsp://121.156.51.165:1935/ex/mp4:cctv.mp4,부곡
cctv00000353,500,영동고속도로,126993095.1,37317728.6,http://121.156.51.165:1935/ex/mp4:cctv.mp4/playlist.m3u8,rtsp://121.156.51.165:1935/ex/mp4:cctv.mp4,북수원
cctv00000354,500,영동고속도로,127012962.8,37310572.1,http://121.156.51.165:1935/ex/mp4:cctv.mp4/playlist.m3u8,rtsp://121.156.51.165:1935/ex/mp4:cctv.mp4,조원교
cctv00000355,500,영동고속도로,127042220.5,37304396.8,http://121.156.51.165:1935/ex/mp4:cctv.mp4/playlist.m3u8,rtsp://121.156.51.165:1935/ex/mp4:cctv.mp4,광교터널
cctv00000356,500,영동고속도로,127073001.4,37294387.9,http://121.156.51.165:1935/ex/mp4:cctv.mp4/playlist.m3u8,rtsp://121.156.51.165:1935/ex/mp4:cctv.mp4,상현
cctv00000357,500,영동고속도로,127083918.3,37292151.9,http://121.156.51.165:1935/ex/mp4:cctv.mp4/playlist.m3u8,rtsp://121.156.51.165:1935/ex/mp4:cctv.mp4,동수원신대교
cctv00000358,500,영동고속도로,127095883.8,37289687.8,http://121.156.51.165:1935/ex/mp4:cctv.mp4/playlist.m3u8,rtsp://121.156.51.165:1935/ex/mp4:cctv.mp4,신갈_영동
cctv00000360,500,영동고속도로,127140421.2,37288708.2,http://121.156.51.165:1935/ex/mp4:cctv.mp4/playlist.m3u8,rtsp://121.156.51.165:1935/ex/mp4:cctv.mp4,동백교
cctv00000361,500,영동고속도로,127163417.8,37286141,http://121.156.51.165:1935/ex/mp4:cctv.mp4/playlist.m3u8,rtsp://121.156.51.165:1935/ex/mp4:cctv.mp4,마성터널(인천)
cctv00000362,500,영동고속도로,127175162.9,37277956.6,http://121.156.51.165:1935/ex/mp4:cctv.mp4/playlist.m3u8,rtsp://121.156.51.165:1935/ex/mp4:cctv.mp4,마성
cctv00000363,500,영동고속도로,127182597.9,37271227.7,http://121.156.51.165:1935/ex/mp4:cctv.mp4/playlist.m3u8,rtsp://121.156.51.165:1935/ex/mp4:cctv.mp4,마성터널(강릉)
cctv00000364,500,영동고속도로,127207620.5,37257498,http://121.156.51.165:1935/ex/mp4:cctv.mp4/playlist.m3u8,rtsp://121.156.51.165:1935/ex/mp4:cctv.mp4,용인
cctv00000365,500,영동고속도로,127236474.9,37247557.7,http://121.156.51.165:1935/ex/mp4:cctv.mp4/playlist.m3u8,rtsp://121.156.51.165:1935/ex/mp4:cctv.mp4,용인휴게소
cctv00000366,500,영동고속도로,127266581,37246531.6,http://121.156.51.165:1935/ex/mp4:cctv.mp4/playlist.m3u8,rtsp://121.156.51.165:1935/ex/mp4:cctv.mp4,양지터널(인천)
cctv00000367,500,영동고속도로,127282881.6,37240952.1,http://121.156.51.165:1935/ex/mp4:cctv.mp4/playlist.m3u8,rtsp://121.156.51.165:1935/ex/mp4:cctv.mp4,양지터널(강릉)
cctv00000368,500,영동고속도로,127290226.3,37238891.3,http://121.156.51.165:1935/ex/mp4:cctv.mp4/playlist.m3u8,rtsp://121.156.51.165:1935/ex/mp4:cctv.mp4,양지
cctv00000369,500,영동고속도로,127312863.7,37245600.1,http://121.156.51.165:1935/ex/mp4:cctv.mp4/playlist.m3u8,rtsp://121.156.51.165:1935/ex/mp4:cctv.mp4,양지제일리
cctv00000370,500,영동고속도로,127322185,37248428.5,http://121.156.51.165:1935/ex/mp4:cctv.mp4/playlist.m3u8,rtsp://121.156.51.165:1935/ex/mp4:cctv.mp4,추계육교
cctv00000371,500,영동고속도로,127346229.5,37251956.4,http://121.156.51.165:1935/ex/mp4:cctv.mp4/playlist.m3u8,rtsp://121.156.51.165:1935/ex/mp4:cctv.mp4,양지오천교
cctv00000372,500,영동고속도로,127364389.4,37241482.2,http://121.156.51.165:1935/ex/mp4:cctv.mp4/playlist.m3u8,rtsp://121.156.51.165:1935/ex/mp4:cctv.mp4,덕평
cctv00000373,500,영동고속도로,127399219.2,37239718.9,http://121.156.51.165:1935/ex/mp4:cctv.mp4/playlist.m3u8,rtsp://121.156.51.165:1935/ex/mp4:cctv.mp4,덕평휴게소
cctv00000374,500,영동고속도로,127423429.2,37237631.1,http://121.156.51.165:1935/ex/mp4:cctv.mp4/playlist.m3u8,rtsp://121.156.51.165:1935/ex/mp4:cctv.mp4,영동-호법분기점
cctv00000375,500,영동고속도로,127460210.1,37240564.5,http://121.156.51.165:1935/ex/mp4:cctv.mp4/playlist.m3u8,rtsp://121.156.51.165:1935/ex/mp4:cctv.mp4,고담교
cctv00000376,500,영동고속도로,127483763.3,37246016,http://121.156.51.165:1935/ex/mp4:cctv.mp4/playlist.m3u8,rtsp://121.156.51.165:1935/ex/mp4:cctv.mp4,사동육교
cctv00000377,500,영동고속도로,127493876.3,37245388.7,http://121.156.51.165:1935/ex/mp4:cctv.mp4/playlist.m3u8,rtsp://121.156.51.165:1935/ex/mp4:cctv.mp4,이천
cctv00000378,500,영동고속도로,127530825.1,37239305.2,http://121.156.51.165:1935/ex/mp4:cctv.mp4/playlist.m3u8,rtsp://121.156.51.165:1935/ex/mp4:cctv.mp4,상활육교
cctv00000380,500,영동고속도로,127585062.8,37233417.1,http://121.156.51.165:1935/ex/mp4:cctv.mp4/playlist.m3u8,rtsp://121.156.51.165:1935/ex/mp4:cctv.mp4,여주분기점1
cctv00000382,150,서해안고속도로,126887962,37052815.4,http://121.156.51.165:1935/ex/mp4:cctv.mp4/playlist.m3u8,rtsp://121.156.51.165:1935/ex/mp4:cctv.mp4,서평택분기점
cctv00000383,400,평택제천간고속도로,126921310.2,37048717.8,http://121.156.51.165:1935/ex/mp4:cctv.mp4/playlist.m3u8,rtsp://121.156.51.165:1935/ex/mp4:cctv.mp4,청북3
cctv00000384,400,평택제천간고속도로,126968069.5,37034655.5,http://121.156.51.165:1935/ex/mp4:cctv.mp4/playlist.m3u8,rtsp://121.156.51.165:1935/ex/mp4:cctv.mp4,토진3교
cctv00000385,400,평택제천간고속도로,127015221.6,37025471,http://121.156.51.165:1935/ex/mp4:cctv.mp4/playlist.m3u8,rtsp://121.156.51.165:1935/ex/mp4:cctv.mp4,해창교
cctv00000386,400,평택제천간고속도로,127076824.9,37028987.3,http://121.156.51.165:1935/ex/mp4:cctv.mp4/playlist.m3u8,rtsp://121.156.51.165:1935/ex/mp4:cctv.mp4,평택터널
cctv00000387,400,평택제천간고속도로,127105907.3,37035266.5,http://121.156.51.165:1935/ex/mp4:cctv.mp4/playlist.m3u8,rtsp://121.156.51.165:1935/ex/mp4:cctv.mp4,송탄
cctv00000388,400,평택제천간고속도로,127142844.4,37036754.6,http://121.156.51.165:1935/ex/mp4:cctv.mp4/playlist.m3u8,rtsp://121.156.51.165:1935/ex/mp4:cctv.mp4,안성갈림목
cctv00000759,1100,제2경인고속도로,126651255,37436831.9,http://121.156.51.165:1935/ex/mp4:cctv.mp4/playlist.m3u8,rtsp://121.156.51.165:1935/ex/mp4:cctv.mp4,학익대교
cctv00000760,1100,제2경인고속도로,126673423,37436701.9,http://121.156.51.165:1935/ex/mp4:cctv.mp4/playlist.m3u8,rtsp://121.156.51.165:1935/ex/mp4:cctv.mp4,문학
cctv00000761,1100,제2경인고속도로,126706584.3,37433630.3,http://121.156.51.165:1935/ex/mp4:cctv.mp4/playlist.m3u8,rtsp://121.156.51.165:1935/ex/mp4:cctv.mp4,남동
cctv00000762,1100,제2경인고속도로,126741095.1,37432833,http://121.156.51.165:1935/ex/mp4:cctv.mp4/playlist.m3u8,rtsp://121.156.51.165:1935/ex/mp4:cctv.mp4,서창분기점
cctv00000763,1100,제2경인고속도로,126755125.3,37432332.9,http://121.156.51.165:1935/ex/mp4:cctv.mp4/playlist.m3u8,rtsp://121.156.51.165:1935/ex/mp4:cctv.mp4,남인천영업소
cctv00000764,1100,제2경인고속도로,126784342.1,37430099.9,http://121.156.51.165:1935/ex/mp4:cctv.mp4/playlist.m3u8,rtsp://121.156.51.165:1935/ex/mp4:cctv.mp4,신천
cctv00000765,1100,제2경인고속도로,126853283.9,37439016.4,http://121.156.51.165:1935/ex/mp4:cctv.mp4/playlist.m3u8,rtsp://121.156.51.165:1935/ex/mp4:cctv.mp4,광명
cctv00000766,1100,제2경인고속도로,126898200.5,37423634.8,http://121.156.51.165:1935/ex/mp4:cctv.mp4/playlist.m3u8,rtsp://121.156.51.165:1935/ex/mp4:cctv.mp4,일직
cctv00000769,1200,경인고속도로,126816032.5,37522581.5,http://121.156.51.165:1935/ex/mp4:cctv.mp4/playlist.m3u8,rtsp://121.156.51.165:1935/ex/mp4:cctv.mp4,신월IC
cctv00000770,1200,경인고속도로,126777974.6,37524158.4,http://121.156.51.165:1935/ex/mp4:cctv.mp4/playlist.m3u8,rtsp://121.156.51.165:1935/ex/mp4:cctv.mp4,부천IC
cctv00000772,1200,경인고속도로,126721413,37523768.7,http://121.156.51.165:1935/ex/mp4:cctv.mp4/playlist.m3u8,rtsp://121.156.51.165:1935/ex/mp4:cctv.mp4,부평IC
cctv00000773,1200,경인고속도로,126690870.2,37523481.8,http://121.156.51.165:1935/ex/mp4:cctv.mp4/playlist.m3u8,rtsp://121.156.51.165:1935/ex/mp4:cctv.mp4,청천교
cctv00000774,1200,경인고속도로,126680320.2,37521037.1,http://121.156.51.165:1935/ex/mp4:cctv.mp4/playlist.m3u8,rtsp://121.156.51.165:1935/ex/mp4:cctv.mp4,서인천IC
cctv00000775,1200,경인고속도로,126674861.2,37484037.4,http://121.156.51.165:1935/ex/mp4:cctv.mp4/playlist.m3u8,rtsp://121.156.51.165:1935/ex/mp4:cctv.mp4,가좌IC
cctv00000776,1200,경인고속도로,126672455.5,37462605.3,http://121.156.51.165:1935/ex/mp4:cctv.mp4/playlist.m3u8,rtsp://121.156.51.165:1935/ex/mp4:cctv.mp4,도화IC
cctv00000966,400,평택제천간고속도로,127165178.7,37029022.6,http://121.156.51.165:1935/ex/mp4:cctv.mp4/playlist.m3u8,rtsp://121.156.51.165:1935/ex/mp4:cctv.mp4,서안성
cctv00000967,400,평택제천간고속도로,127171856.4,37016684.8,http://121.156.51.165:1935/ex/mp4:cctv.mp4/playlist.m3u8,rtsp://121.156.51.165:1935/ex/mp4:cctv.mp4,반제터널
cctv00000968,400,평택제천간고속도로,127189801.3,37007984.8,http://121.156.51.165:1935/ex/mp4:cctv.mp4/playlist.m3u8,rtsp://121.156.51.165:1935/ex/mp4:cctv.mp4,공도교
cctv00000978,400,평택제천간고속도로,127206855.7,36996191.8,http://121.156.51.165:1935/ex/mp4:cctv.mp4/playlist.m3u8,rtsp://121.156.51.165:1935/ex/mp4:cctv.mp4,양기3교
cctv00000979,400,평택제천간고속도로,127225937.6,36988708.2,http://121.156.51.165:1935/ex/mp4:cctv.mp4/playlist.m3u8,rtsp://121.156.51.165:1935/ex/mp4:cctv.mp4,안성천교(평음선)
cctv00000980,400,평택제천간고속도로,127241872.6,36977609.6,http://121.156.51.165:1935/ex/mp4:cctv.mp4/playlist.m3u8,rtsp://121.156.51.165:1935/ex/mp4:cctv.mp4,남안성
cctv00002401,10,경부고속도로,127103925.6,37245551.5,http://121.156.51.165:1935/ex/mp4:cctv.mp4/playlist.m3u8,rtsp://121.156.51.165:1935/ex/mp4:cctv.mp4,공세육교
cctv00002402,10,경부고속도로,127103343,37344559.8,http://121.156.51.165:1935/ex/mp4:cctv.mp4/playlist.m3u8,rtsp://121.156.51.165:1935/ex/mp4:cctv.mp4,금곡교
cctv00002403,150,서해안고속도로,126872749.5,37021225.7,http://121.156.51.165:1935/ex/mp4:cctv.mp4/playlist.m3u8,rtsp://121.156.51.165:1935/ex/mp4:cctv.mp4,홍원육교
cctv00002404,150,서해안고속도로,126889077,37066546.3,http://121.156.51.165:1935/ex/mp4:cctv.mp4/playlist.m3u8,rtsp://121.156.51.165:1935/ex/mp4:cctv.mp4,고잔1교
cctv00002405,150,서해안고속도로,126889044.2,37100464.9,http://121.156.51.165:1935/ex/mp4:cctv.mp4/playlist.m3u8,rtsp://121.156.51.165:1935/ex/mp4:cctv.mp4,발안천교
cctv00002406,150,서해안고속도로,126880043,37139145.3,http://121.156.51.165:1935/ex/mp4:cctv.mp4/playlist.m3u8,rtsp://121.156.51.165:1935/ex/mp4:cctv.mp4,화성휴게소1
cctv00002407,150,서해안고속도로,126872700.3,37187140.9,http://121.156.51.165:1935/ex/mp4:cctv.mp4/playlist.m3u8,rtsp://121.156.51.165:1935/ex/mp4:cctv.mp4,하저1교
cctv00002408,150,서해안고속도로,126874632.6,37225280.8,http://121.156.51.165:1935/ex/mp4:cctv.mp4/playlist.m3u8,rtsp://121.156.51.165:1935/ex/mp4:cctv.mp4,양노1교
cctv00002409,150,서해안고속도로,126888090,37262199.4,http://121.156.51.165:1935/ex/mp4:cctv.mp4/playlist.m3u8,rtsp://121.156.51.165:1935/ex/mp4:cctv.mp4,야목2교
cctv00002411,400,평택제천간고속도로,126947630.3,37045395.9,http://121.156.51.165:1935/ex/mp4:cctv.mp4/playlist.m3u8,rtsp://121.156.51.165:1935/ex/mp4:cctv.mp4,토진2교
cctv00002412,500,영동고속도로,126762389,37382674.5,http://121.156.51.165:1935/ex/mp4:cctv.mp4/playlist.m3u8,rtsp://121.156.51.165:1935/ex/mp4:cctv.mp4,월곶4교
cctv00002414,500,영동고속도로,126939436,37328669,http://121.156.51.165:1935/ex/mp4:cctv.mp4/playlist.m3u8,rtsp://121.156.51.165:1935/ex/mp4:cctv.mp4,동군포
cctv00002415,500,영동고속도로,127051864.3,37298860.9,http://121.156.51.165:1935/ex/mp4:cctv.mp4/playlist.m3u8,rtsp://121.156.51.165:1935/ex/mp4:cctv.mp4,동수원
cctv00002416,500,영동고속도로,127518578.7,37243729.8,http://121.156.51.165:1935/ex/mp4:cctv.mp4/playlist.m3u8,rtsp://121.156.51.165:1935/ex/mp4:cctv.mp4,가산육교
cctv00002418,1000,서울외곽순환고속도로,127125914.8,37452417.9,http://121.156.51.165:1935/ex/mp4:cctv.mp4/playlist.m3u8,rtsp://121.156.51.165:1935/ex/mp4:cctv.mp4,복정교
cctv00002420,350,통영대전중부고속도로,127413483.4,37255374.2,http://121.156.51.165:1935/ex/mp4:cctv.mp4/playlist.m3u8,rtsp://121.156.51.165:1935/ex/mp4:cctv.mp4,마장분기점_중부
cctv00000130,250,호남고속도로,127102088,36079916.9,http://121.156.51.165:1935/ex/mp4:cctv.mp4/playlist.m3u8,rtsp://121.156.51.165:1935/ex/mp4:cctv.mp4,논산분기점
cctv00000131,250,호남고속도로,127106973.1,36060721.4,http://121.156.51.165:1935/ex/mp4:cctv.mp4/playlist.m3u8,rtsp://121.156.51.165:1935/ex/mp4:cctv.mp4,여산휴게소
cctv00000180,10,경부고속도로,127152529.3,36998639.2,http://121.156.51.165:1935/ex/mp4:cctv.mp4/playlist.m3u8,rtsp://121.156.51.165:1935/ex/mp4:cctv.mp4,안성
cctv00000181,10,경부고속도로,127189467.3,36941894.3,http://121.156.51.165:1935/ex/mp4:cctv.mp4/playlist.m3u8,rtsp://121.156.51.165:1935/ex/mp4:cctv.mp4,입장휴게소
cctv00000182,10,경부고속도로,127188986.9,36913094.6,http://121.156.51.165:1935/ex/mp4:cctv.mp4/playlist.m3u8,rtsp://121.156.51.165:1935/ex/mp4:cctv.mp4,성환활주로
cctv00000183,10,경부고속도로,127185749.4,36861967.2,http://121.156.51.165:1935/ex/mp4:cctv.mp4/playlist.m3u8,rtsp://121.156.51.165:1935/ex/mp4:cctv.mp4,망향휴게소
cctv00000184,10,경부고속도로,127169207.2,36826979.5,http://121.156.51.165:1935/ex/mp4:cctv.mp4/playlist.m3u8,rtsp://121.156.51.165:1935/ex/mp4:cctv.mp4,천안
cctv00000185,10,경부고속도로,127173099.6,36786350.1,http://121.156.51.165:1935/ex/mp4:cctv.mp4/playlist.m3u8,rtsp://121.156.51.165:1935/ex/mp4:cctv.mp4,천삼휴게소
cctv00000186,10,경부고속도로,127177413.2,36775187.9,http://121.156.51.165:1935/ex/mp4:cctv.mp4/playlist.m3u8,rtsp://121.156.51.165:1935/ex/mp4:cctv.mp4,천안분기점
cctv00000187,10,경부고속도로,127217928.2,36759555.5,http://121.156.51.165:1935/ex/mp4:cctv.mp4/playlist.m3u8,rtsp://121.156.51.165:1935/ex/mp4:cctv.mp4,목천
cctv00000188,10,경부고속도로,127262039.7,36731705.5,http://121.156.51.165:1935/ex/mp4:cctv.mp4/playlist.m3u8,rtsp://121.156.51.165:1935/ex/mp4:cctv.mp4,천안휴게소
cctv00000571,150,서해안고속도로,126570803.4,36805457,http://121.156.51.165:1935/ex/mp4:cctv.mp4/playlist.m3u8,rtsp://121.156.51.165:1935/ex/mp4:cctv.mp4,서산
cctv00000573,150,서해안고속도로,126565737.8,36739416.9,http://121.156.51.165:1935/ex/mp4:cctv.mp4/playlist.m3u8,rtsp://121.156.51.165:1935/ex/mp4:cctv.mp4,서산휴게소
cctv00000574,150,서해안고속도로,126563174.9,36719764.4,http://121.156.51.165:1935/ex/mp4:cctv.mp4/playlist.m3u8,rtsp://121.156.51.165:1935/ex/mp4:cctv.mp4,해미
cctv00000981,10,경부고속도로,127166584.9,36974363,http://121.156.51.165:1935/ex/mp4:cctv.mp4/playlist.m3u8,rtsp://121.156.51.165:1935/ex/mp4:cctv.mp4,안성천교(경부선)
cctv00003106,350,통영대전중부고속도로,127462503.8,37077443.9,http://121.156.51.165:1935/ex/mp4:cctv.mp4/playlist.m3u8,rtsp://121.156.51.165:1935/ex/mp4:cctv.mp4,장암
cctv00003226,10,경부고속도로,127370441.3,36661582.1,http://121.156.51.165:1935/ex/mp4:cctv.mp4/playlist.m3u8,rtsp://121.156.51.165:1935/ex/mp4:cctv.mp4,옥산휴게소
cctv00003238,10,경부고속도로,127420594.3,36408274.2,http://121.156.51.165:1935/ex/mp4:cctv.mp4/playlist.m3u8,rtsp://121.156.51.165:1935/ex/mp4:cctv.mp4,회덕분기점
cctv00000445,500,영동고속도로,127746986.4,37242833.3,http://121.156.51.165:1935/ex/mp4:cctv.mp4/playlist.m3u8,rtsp://121.156.51.165:1935/ex/mp4:cctv.mp4,강천터널
cctv00000448,500,영동고속도로,127816352.2,37292061.2,http://121.156.51.165:1935/ex/mp4:cctv.mp4/playlist.m3u8,rtsp://121.156.51.165:1935/ex/mp4:cctv.mp4,문막휴게소(인천)
cctv00000449,500,영동고속도로,127823361.1,37309088.5,http://121.156.51.165:1935/ex/mp4:cctv.mp4/playlist.m3u8,rtsp://121.156.51.165:1935/ex/mp4:cctv.mp4,문막
cctv00001173,500,영동고속도로,127787357.5,37265400.6,http://121.156.51.165:1935/ex/mp4:cctv.mp4/playlist.m3u8,rtsp://121.156.51.165:1935/ex/mp4:cctv.mp4,노림리
cctv00000310,100,남해고속도로,128377216.7,35290761,http://121.156.51.165:1935/ex/mp4:cctv.mp4/playlist.m3u8,rtsp://121.156.51.165:1935/ex/mp4:cctv.mp4,함안고개
cctv00000311,100,남해고속도로,128401091.7,35287607.8,http://121.156.51.165:1935/ex/mp4:cctv.mp4/playlist.m3u8,rtsp://121.156.51.165:1935/ex/mp4:cctv.mp4,함안
cctv00000314,100,남해고속도로,128454248,35273282.8,http://121.156.51.165:1935/ex/mp4:cctv.mp4/playlist.m3u8,rtsp://121.156.51.165:1935/ex/mp4:cctv.mp4,산인분기점
cctv00000692,450,중부내륙고속도로,128499786.4,35293905.6,http://121.156.51.165:1935/ex/mp4:cctv.mp4/playlist.m3u8,rtsp://121.156.51.165:1935/ex/mp4:cctv.mp4,칠원분기점
cctv00000730,4510,중부내륙지선,128531553.1,35874022.4,http://121.156.51.165:1935/ex/mp4:cctv.mp4/playlist.m3u8,rtsp://121.156.51.165:1935/ex/mp4:cctv.mp4,서대구
cctv00000732,4510,중부내륙지선,128522932.7,35854979.3,http://121.156.51.165:1935/ex/mp4:cctv.mp4/playlist.m3u8,rtsp://121.156.51.165:1935/ex/mp4:cctv.mp4,성서
cctv00000734,4510,중부내륙지선,128487716.6,35803325.3,http://121.156.51.165:1935/ex/mp4:cctv.mp4/playlist.m3u8,rtsp://121.156.51.165:1935/ex/mp4:cctv.mp4,화원
cctv00000080,250,호남고속도로,127113183.5,35995602.8,http://121.156.51.165:1935/ex/mp4:cctv.mp4/playlist.m3u8,rtsp://121.156.51.165:1935/ex/mp4:cctv.mp4,익산
cctv00000125,250,호남고속도로,127224971.9,35225342.8,http://121.156.51.165:1935/ex/mp4:cctv.mp4/playlist.m3u8,rtsp://121.156.51.165:1935/ex/mp4:cctv.mp4,곡성
cctv00001087,250,호남고속도로,127146650.4,35259815.9,http://121.156.51.165:1935/ex/mp4:cctv.mp4/playlist.m3u8,rtsp://121.156.51.165:1935/ex/mp4:cctv.mp4,곡성휴게소
cctv00001862,150,서해안고속도로,126487500,35025007.9,http://121.156.51.165:1935/ex/mp4:cctv.mp4/playlist.m3u8,rtsp://121.156.51.165:1935/ex/mp4:cctv.mp4,고창분기점
cctv00000289,350,통영대전중부고속도로,127441421.3,37186475,http://121.156.51.165:1935/ex/mp4:cctv.mp4/playlist.m3u8,rtsp://121.156.51.165:1935/ex/mp4:cctv.mp4,모가육교
cctv00000292,1000,서울외곽순환고속도로,126951056.1,37377686.6,http://121.156.51.165:1935/ex/mp4:cctv.mp4/playlist.m3u8,rtsp://121.156.51.165:1935/ex/mp4:cctv.mp4,안양터널
cctv00005037,10,경부고속도로,127103699.3,37277953.8,http://121.156.51.165:1935/ex/mp4:cctv.mp4/playlist.m3u8,rtsp://121.156.51.165:1935/ex/mp4:cctv.mp4,신갈_경부2
cctv00005038,1200,경인고속도로,126745169.3,37523954.7,http://121.156.51.165:1935/ex/mp4:cctv.mp4/playlist.m3u8,rtsp://121.156.51.165:1935/ex/mp4:cctv.mp4,인천TG
cctv00005039,1000,서울외곽순환고속도로,126763128.4,37588919,http://121.156.51.165:1935/ex/mp4:cctv.mp4/playlist.m3u8,rtsp://121.156.51.165:1935/ex/mp4:cctv.mp4,김포TG
cctv00005040,1000,서울외곽순환고속도로,127042484,37395132.1,http://121.156.51.165:1935/ex/mp4:cctv.mp4/playlist.m3u8,rtsp://121.156.51.165:1935/ex/mp4:cctv.mp4,청계TN
cctv00005041,500,영동고속도로,126907037.1,37322565.2,http://121.156.51.165:1935/ex/mp4:cctv.mp4/playlist.m3u8,rtsp://121.156.51.165:1935/ex/mp4:cctv.mp4,둔대갈림목
cctv00005042,500,영동고속도로,127114843,37291646.7,http://121.156.51.165:1935/ex/mp4:cctv.mp4/playlist.m3u8,rtsp://121.156.51.165:1935/ex/mp4:cctv.mp4,신갈영동2
cctv00005043,500,영동고속도로,127561128.8,37240321.7,http://121.156.51.165:1935/ex/mp4:cctv.mp4/playlist.m3u8,rtsp://121.156.51.165:1935/ex/mp4:cctv.mp4,여주휴게소1
cctv00005044,500,영동고속도로,127570006.3,37239064.7,http://121.156.51.165:1935/ex/mp4:cctv.mp4/playlist.m3u8,rtsp://121.156.51.165:1935/ex/mp4:cctv.mp4,여주휴게소2
cctv00003287,350,통영대전중부고속도로,127516207.6,36106689.5,http://121.156.51.165:1935/ex/mp4:cctv.mp4/playlist.m3u8,rtsp://121.156.51.165:1935/ex/mp4:cctv.mp4,금산
cctv00003747,350,통영대전중부고속도로,128100941.8,35137321,http://121.156.51.165:1935/ex/mp4:cctv.mp4/playlist.m3u8,rtsp://121.156.51.165:1935/ex/mp4:cctv.mp4,진주분기점
cctv00003750,350,통영대전중부고속도로,128038974.5,35188544.1,http://121.156.51.165:1935/ex/mp4:cctv.mp4/playlist.m3u8,rtsp://121.156.51.165:1935/ex/mp4:cctv.mp4,서진주
cctv00003755,350,통영대전중부고속도로,127936389.6,35341777.4,http://121.156.51.165:1935/ex/mp4:cctv.mp4/playlist.m3u8,rtsp://121.156.51.165:1935/ex/mp4:cctv.mp4,산청휴게소
cctv00003761,350,통영대전중부고속도로,127848946.6,35465797.5,http://121.156.51.165:1935/ex/mp4:cctv.mp4/playlist.m3u8,rtsp://121.156.51.165:1935/ex/mp4:cctv.mp4,대포
cctv00003767,350,통영대전중부고속도로,127771587.9,35589982.8,http://121.156.51.165:1935/ex/mp4:cctv.mp4/playlist.m3u8,rtsp://121.156.51.165:1935/ex/mp4:cctv.mp4,지곡
cctv00003768,350,통영대전중부고속도로,127714944.3,35633196.9,http://121.156.51.165:1935/ex/mp4:cctv.mp4/playlist.m3u8,rtsp://121.156.51.165:1935/ex/mp4:cctv.mp4,서하
cctv00003770,350,통영대전중부고속도로,128432621.1,34869264.9,http://121.156.51.165:1935/ex/mp4:cctv.mp4/playlist.m3u8,rtsp://121.156.51.165:1935/ex/mp4:cctv.mp4,통영시점
cctv00003773,350,통영대전중부고속도로,128411781.5,34894535.5,http://121.156.51.165:1935/ex/mp4:cctv.mp4/playlist.m3u8,rtsp://121.156.51.165:1935/ex/mp4:cctv.mp4,북통영
cctv00003779,350,통영대전중부고속도로,128347592.7,35009370.9,http://121.156.51.165:1935/ex/mp4:cctv.mp4/playlist.m3u8,rtsp://121.156.51.165:1935/ex/mp4:cctv.mp4,고성
cctv00003784,350,통영대전중부고속도로,128266915.6,35051204.4,http://121.156.51.165:1935/ex/mp4:cctv.mp4/playlist.m3u8,rtsp://121.156.51.165:1935/ex/mp4:cctv.mp4,고성휴게소
cctv00003788,350,통영대전중부고속도로,128172512.5,35091970.2,http://121.156.51.165:1935/ex/mp4:cctv.mp4/playlist.m3u8,rtsp://121.156.51.165:1935/ex/mp4:cctv.mp4,두문
cctv00003939,350,통영대전중부고속도로,127765565.2,35541021.8,http://121.156.51.165:1935/ex/mp4:cctv.mp4/playlist.m3u8,rtsp://121.156.51.165:1935/ex/mp4:cctv.mp4,함양분기(중부)
cctv00002301,10,경부고속도로,127346397,36716082.2,http://121.156.51.165:1935/ex/mp4:cctv.mp4/playlist.m3u8,rtsp://121.156.51.165:1935/ex/mp4:cctv.mp4,청원휴게소
cctv00002302,300,대전당진선,128093897.8,36395269.5,http://121.156.51.165:1935/ex/mp4:cctv.mp4/playlist.m3u8,rtsp://121.156.51.165:1935/ex/mp4:cctv.mp4,공주
cctv00002303,300,대전당진선,128065400.1,36408446.8,http://121.156.51.165:1935/ex/mp4:cctv.mp4/playlist.m3u8,rtsp://121.156.51.165:1935/ex/mp4:cctv.mp4,공주분기점
cctv00002304,300,대전당진선,128128916,36370859.1,http://121.156.51.165:1935/ex/mp4:cctv.mp4/playlist.m3u8,rtsp://121.156.51.165:1935/ex/mp4:cctv.mp4,공주휴게소
cctv00002305,300,대전당진선,127441646.9,36563950.2,http://121.156.51.165:1935/ex/mp4:cctv.mp4/playlist.m3u8,rtsp://121.156.51.165:1935/ex/mp4:cctv.mp4,당진분기점(당진대전)
cctv00002306,300,대전당진선,128013380.8,36433904,http://121.156.51.165:1935/ex/mp4:cctv.mp4/playlist.m3u8,rtsp://121.156.51.165:1935/ex/mp4:cctv.mp4,마곡사
cctv00002308,300,대전당진선,128205863.9,36369540.5,http://121.156.51.165:1935/ex/mp4:cctv.mp4/playlist.m3u8,rtsp://121.156.51.165:1935/ex/mp4:cctv.mp4,산학
cctv00002309,300,대전당진선,128050881.2,36418791,http://121.156.51.165:1935/ex/mp4:cctv.mp4/playlist.m3u8,rtsp://121.156.51.165:1935/ex/mp4:cctv.mp4,서공주분기점(당진대전)
cctv00002310,300,대전당진선,127976310.8,36442411.3,http://121.156.51.165:1935/ex/mp4:cctv.mp4/playlist.m3u8,rtsp://121.156.51.165:1935/ex/mp4:cctv.mp4,신풍휴게소
cctv00002313,300,청원상주간고속도로,128225701,36367152,http://121.156.51.165:1935/ex/mp4:cctv.mp4/playlist.m3u8,rtsp://121.156.51.165:1935/ex/mp4:cctv.mp4,낙동분기점(당진상주)
cctv00002351,170,서천공주선,126984837.9,37022493.9,http://121.156.51.165:1935/ex/mp4:cctv.mp4/playlist.m3u8,rtsp://121.156.51.165:1935/ex/mp4:cctv.mp4,동서천분기점
cctv00003227,10,경부고속도로,127382966.3,36627063.3,http://121.156.51.165:1935/ex/mp4:cctv.mp4/playlist.m3u8,rtsp://121.156.51.165:1935/ex/mp4:cctv.mp4,청주
cctv00003229,10,경부고속도로,127427122.9,36575662.1,http://121.156.51.165:1935/ex/mp4:cctv.mp4/playlist.m3u8,rtsp://121.156.51.165:1935/ex/mp4:cctv.mp4,남이고개
cctv00003231,10,경부고속도로,127430318.2,36533880.1,http://121.156.51.165:1935/ex/mp4:cctv.mp4/playlist.m3u8,rtsp://121.156.51.165:1935/ex/mp4:cctv.mp4,청원
cctv00003233,10,경부고속도로,127429785.4,36494797.7,http://121.156.51.165:1935/ex/mp4:cctv.mp4/playlist.m3u8,rtsp://121.156.51.165:1935/ex/mp4:cctv.mp4,죽암휴게소
cctv00003236,10,경부고속도로,127419864.6,36440319,http://121.156.51.165:1935/ex/mp4:cctv.mp4/playlist.m3u8,rtsp://121.156.51.165:1935/ex/mp4:cctv.mp4,신탄진
cctv00003237,10,경부고속도로,127417048.7,36425187,http://121.156.51.165:1935/ex/mp4:cctv.mp4/playlist.m3u8,rtsp://121.156.51.165:1935/ex/mp4:cctv.mp4,신탄진휴게소
cctv00003241,10,경부고속도로,127450180.9,36364500.2,http://121.156.51.165:1935/ex/mp4:cctv.mp4/playlist.m3u8,rtsp://121.156.51.165:1935/ex/mp4:cctv.mp4,대전
cctv00003242,10,경부고속도로,127485057.7,36345141.9,http://121.156.51.165:1935/ex/mp4:cctv.mp4/playlist.m3u8,rtsp://121.156.51.165:1935/ex/mp4:cctv.mp4,비룡분기점
cctv00003247,3000,대전남부순환고속도로,127379662.3,36283707.6,http://121.156.51.165:1935/ex/mp4:cctv.mp4/playlist.m3u8,rtsp://121.156.51.165:1935/ex/mp4:cctv.mp4,안영
cctv00003250,10,경부고속도로,127551265,36321203,http://121.156.51.165:1935/ex/mp4:cctv.mp4/playlist.m3u8,rtsp://121.156.51.165:1935/ex/mp4:cctv.mp4,옥천
cctv00003254,10,경부고속도로,127667287.4,36279321.6,http://121.156.51.165:1935/ex/mp4:cctv.mp4/playlist.m3u8,rtsp://121.156.51.165:1935/ex/mp4:cctv.mp4,금강
cctv00003258,10,경부고속도로,127831197.7,36270569.3,http://121.156.51.165:1935/ex/mp4:cctv.mp4/playlist.m3u8,rtsp://121.156.51.165:1935/ex/mp4:cctv.mp4,영동
cctv00003260,10,경부고속도로,127854071.4,36244160.1,http://121.156.51.165:1935/ex/mp4:cctv.mp4/playlist.m3u8,rtsp://121.156.51.165:1935/ex/mp4:cctv.mp4,황간휴게소
cctv00003264,10,경부고속도로,127907460.1,36222238.5,http://121.156.51.165:1935/ex/mp4:cctv.mp4/playlist.m3u8,rtsp://121.156.51.165:1935/ex/mp4:cctv.mp4,황간
cctv00003269,350,통영대전중부고속도로,127482782.1,37025722.1,http://121.156.51.165:1935/ex/mp4:cctv.mp4/playlist.m3u8,rtsp://121.156.51.165:1935/ex/mp4:cctv.mp4,음성휴게소
cctv00003270,350,통영대전중부고속도로,127471206.2,36982764,http://121.156.51.165:1935/ex/mp4:cctv.mp4/playlist.m3u8,rtsp://121.156.51.165:1935/ex/mp4:cctv.mp4,음성
cctv00003272,350,통영대전중부고속도로,127474894.2,36871421.6,http://121.156.51.165:1935/ex/mp4:cctv.mp4/playlist.m3u8,rtsp://121.156.51.165:1935/ex/mp4:cctv.mp4,진천
cctv00003274,350,통영대전중부고속도로,127501660.8,36771291.4,http://121.156.51.165:1935/ex/mp4:cctv.mp4/playlist.m3u8,rtsp://121.156.51.165:1935/ex/mp4:cctv.mp4,증평
cctv00003275,350,통영대전중부고속도로,127442606.5,36714728.7,http://121.156.51.165:1935/ex/mp4:cctv.mp4/playlist.m3u8,rtsp://121.156.51.165:1935/ex/mp4:cctv.mp4,오창
cctv00003276,350,통영대전중부고속도로,127420792.5,36650727.8,http://121.156.51.165:1935/ex/mp4:cctv.mp4/playlist.m3u8,rtsp://121.156.51.165:1935/ex/mp4:cctv.mp4,서청주
cctv00003278,350,통영대전중부고속도로,127422668.5,36595412.1,http://121.156.51.165:1935/ex/mp4:cctv.mp4/playlist.m3u8,rtsp://121.156.51.165:1935/ex/mp4:cctv.mp4,남이분기점
cctv00003280,350,통영대전중부고속도로,127471878.8,36267027.1,http://121.156.51.165:1935/ex/mp4:cctv.mp4/playlist.m3u8,rtsp://121.156.51.165:1935/ex/mp4:cctv.mp4,남대전
cctv00003283,350,통영대전중부고속도로,127484900,36191044.2,http://121.156.51.165:1935/ex/mp4:cctv.mp4/playlist.m3u8,rtsp://121.156.51.165:1935/ex/mp4:cctv.mp4,추부
cctv00003292,350,통영대전중부고속도로,127644623.1,35978863.5,http://121.156.51.165:1935/ex/mp4:cctv.mp4/playlist.m3u8,rtsp://121.156.51.165:1935/ex/mp4:cctv.mp4,무주
cctv00003296,350,통영대전중부고속도로,127646491.6,35841018.3,http://121.156.51.165:1935/ex/mp4:cctv.mp4/playlist.m3u8,rtsp://121.156.51.165:1935/ex/mp4:cctv.mp4,덕유산
cctv00003300,350,통영대전중부고속도로,127610162.6,35727390.6,http://121.156.51.165:1935/ex/mp4:cctv.mp4/playlist.m3u8,rtsp://121.156.51.165:1935/ex/mp4:cctv.mp4,장수분기점
cctv00003302,350,통영대전중부고속도로,127671617.6,35668063,http://121.156.51.165:1935/ex/mp4:cctv.mp4/playlist.m3u8,rtsp://121.156.51.165:1935/ex/mp4:cctv.mp4,서상
cctv00003303,2510,호남고속도로지선,127383098.5,36412001.7,http://121.156.51.165:1935/ex/mp4:cctv.mp4/playlist.m3u8,rtsp://121.156.51.165:1935/ex/mp4:cctv.mp4,북대전
cctv00003305,450,중부내륙고속도로,128449909.9,35613400.4,http://121.156.51.165:1935/ex/mp4:cctv.mp4/playlist.m3u8,rtsp://121.156.51.165:1935/ex/mp4:cctv.mp4,유성분기점
cctv00003306,2510,호남고속도로지선,127331127.2,36364691.6,http://121.156.51.165:1935/ex/mp4:cctv.mp4/playlist.m3u8,rtsp://121.156.51.165:1935/ex/mp4:cctv.mp4,유성
cctv00003308,3000,대전남부순환고속도로,127331566.8,36291656.6,http://121.156.51.165:1935/ex/mp4:cctv.mp4/playlist.m3u8,rtsp://121.156.51.165:1935/ex/mp4:cctv.mp4,서대전
cctv00003309,2510,호남고속도로지선,127317039.6,36291889.3,http://121.156.51.165:1935/ex/mp4:cctv.mp4/playlist.m3u8,rtsp://121.156.51.165:1935/ex/mp4:cctv.mp4,서대전분기점
cctv00003311,2510,호남고속도로지선,127279807.7,36250321.3,http://121.156.51.165:1935/ex/mp4:cctv.mp4/playlist.m3u8,rtsp://121.156.51.165:1935/ex/mp4:cctv.mp4,계룡
cctv00003313,2510,호남고속도로지선,127262571.4,36196792.3,http://121.156.51.165:1935/ex/mp4:cctv.mp4/playlist.m3u8,rtsp://121.156.51.165:1935/ex/mp4:cctv.mp4,벌곡정류장
cctv00003317,2510,호남고속도로지선,127136532.6,36123274.4,http://121.156.51.165:1935/ex/mp4:cctv.mp4/playlist.m3u8,rtsp://121.156.51.165:1935/ex/mp4:cctv.mp4,논산
cctv00003320,150,서해안고속도로,126839501.7,36951043.4,http://121.156.51.165:1935/ex/mp4:cctv.mp4/playlist.m3u8,rtsp://121.156.51.165:1935/ex/mp4:cctv.mp4,서해주탑
cctv00003324,150,서해안고속도로,126781554.1,36936746.5,http://121.156.51.165:1935/ex/mp4:cctv.mp4/playlist.m3u8,rtsp://121.156.51.165:1935/ex/mp4:cctv.mp4,송악
cctv00003325,150,서해안고속도로,126711078.4,36895502,http://121.156.51.165:1935/ex/mp4:cctv.mp4/playlist.m3u8,rtsp://121.156.51.165:1935/ex/mp4:cctv.mp4,당진
cctv00003327,150,서해안고속도로,126618500.8,36851091.8,http://121.156.51.165:1935/ex/mp4:cctv.mp4/playlist.m3u8,rtsp://121.156.51.165:1935/ex/mp4:cctv.mp4,당진분기점
cctv00003331,150,서해안고속도로,126558982.3,36595609.9,http://121.156.51.165:1935/ex/mp4:cctv.mp4/playlist.m3u8,rtsp://121.156.51.165:1935/ex/mp4:cctv.mp4,홍성
cctv00003332,150,서해안고속도로,126580773.1,36552473.7,http://121.156.51.165:1935/ex/mp4:cctv.mp4/playlist.m3u8,rtsp://121.156.51.165:1935/ex/mp4:cctv.mp4,홍성휴게소
cctv00003333,150,서해안고속도로,126585389.1,36499816,http://121.156.51.165:1935/ex/mp4:cctv.mp4/playlist.m3u8,rtsp://121.156.51.165:1935/ex/mp4:cctv.mp4,광천
cctv00003336,150,서해안고속도로,126555986.9,36379055.3,http://121.156.51.165:1935/ex/mp4:cctv.mp4/playlist.m3u8,rtsp://121.156.51.165:1935/ex/mp4:cctv.mp4,대천휴게소
cctv00003337,150,서해안고속도로,126571450.9,36336044.1,http://121.156.51.165:1935/ex/mp4:cctv.mp4/playlist.m3u8,rtsp://121.156.51.165:1935/ex/mp4:cctv.mp4,대천
cctv00003339,150,서해안고속도로,126561296.8,36238176.9,http://121.156.51.165:1935/ex/mp4:cctv.mp4/playlist.m3u8,rtsp://121.156.51.165:1935/ex/mp4:cctv.mp4,무창포
cctv00003341,150,서해안고속도로,126600787.3,36169131.3,http://121.156.51.165:1935/ex/mp4:cctv.mp4/playlist.m3u8,rtsp://121.156.51.165:1935/ex/mp4:cctv.mp4,춘장대
cctv00003342,150,서해안고속도로,126625682.6,36132232.4,http://121.156.51.165:1935/ex/mp4:cctv.mp4/playlist.m3u8,rtsp://121.156.51.165:1935/ex/mp4:cctv.mp4,서천휴게소
cctv00003343,150,서해안고속도로,126692194.8,36098590.1,http://121.156.51.165:1935/ex/mp4:cctv.mp4/playlist.m3u8,rtsp://121.156.51.165:1935/ex/mp4:cctv.mp4,서천
cctv00003346,150,서해안고속도로,126797167.1,36014996.2,http://121.156.51.165:1935/ex/mp4:cctv.mp4/playlist.m3u8,rtsp://121.156.51.165:1935/ex/mp4:cctv.mp4,군산
cctv00003445,150,서해안고속도로,126834343.8,35946998.1,http://121.156.51.165:1935/ex/mp4:cctv.mp4/playlist.m3u8,rtsp://121.156.51.165:1935/ex/mp4:cctv.mp4,동군산
cctv00003781,350,통영대전중부고속도로,128320080.3,35021858.2,http://121.156.51.165:1935/ex/mp4:cctv.mp4/playlist.m3u8,rtsp://121.156.51.165:1935/ex/mp4:cctv.mp4,금산
cctv00003794,400,평택제천간고속도로,127475345.6,36940885.8,http://121.156.51.165:1935/ex/mp4:cctv.mp4/playlist.m3u8,rtsp://121.156.51.165:1935/ex/mp4:cctv.mp4,대소분기점
cctv00003807,2510,호남고속도로지선,127232464.3,36165936.1,http://121.156.51.165:1935/ex/mp4:cctv.mp4/playlist.m3u8,rtsp://121.156.51.165:1935/ex/mp4:cctv.mp4,녹산
cctv00003814,4510,중부내륙지선,128434539.7,35678552.1,http://121.156.51.165:1935/ex/mp4:cctv.mp4/playlist.m3u8,rtsp://121.156.51.165:1935/ex/mp4:cctv.mp4,청원분기점
cctv00003816,4510,중부내륙지선,128443770.4,35711741.4,http://121.156.51.165:1935/ex/mp4:cctv.mp4/playlist.m3u8,rtsp://121.156.51.165:1935/ex/mp4:cctv.mp4,문동
cctv00003817,4510,중부내륙지선,128459200.1,35723950.6,http://121.156.51.165:1935/ex/mp4:cctv.mp4/playlist.m3u8,rtsp://121.156.51.165:1935/ex/mp4:cctv.mp4,문의휴게소
cctv00003820,4510,중부내륙지선,128491330.1,35805406,http://121.156.51.165:1935/ex/mp4:cctv.mp4/playlist.m3u8,rtsp://121.156.51.165:1935/ex/mp4:cctv.mp4,회인
cctv00003823,4510,중부내륙지선,128525795.7,35888264.5,http://121.156.51.165:1935/ex/mp4:cctv.mp4/playlist.m3u8,rtsp://121.156.51.165:1935/ex/mp4:cctv.mp4,보은
cctv00003972,150,서해안고속도로,126576327.2,36425986.6,http://121.156.51.165:1935/ex/mp4:cctv.mp4/playlist.m3u8,rtsp://121.156.51.165:1935/ex/mp4:cctv.mp4,주포
cctv00003980,400,평택제천간고속도로,127346786.7,36981156.9,http://121.156.51.165:1935/ex/mp4:cctv.mp4/playlist.m3u8,rtsp://121.156.51.165:1935/ex/mp4:cctv.mp4,현곡
cctv00002360,450,중부내륙고속도로,127592287.9,37225803.3,http://121.156.51.165:1935/ex/mp4:cctv.mp4/playlist.m3u8,rtsp://121.156.51.165:1935/ex/mp4:cctv.mp4,여주분기점(중부내륙)
cctv00003109,500,영동고속도로,127651726.4,37252519.5,http://121.156.51.165:1935/ex/mp4:cctv.mp4/playlist.m3u8,rtsp://121.156.51.165:1935/ex/mp4:cctv.mp4,여주
cctv00003116,500,영동고속도로,127915405.3,37368440.9,http://121.156.51.165:1935/ex/mp4:cctv.mp4/playlist.m3u8,rtsp://121.156.51.165:1935/ex/mp4:cctv.mp4,만종분기점
cctv00003118,500,영동고속도로,127948102.2,37401205.2,http://121.156.51.165:1935/ex/mp4:cctv.mp4/playlist.m3u8,rtsp://121.156.51.165:1935/ex/mp4:cctv.mp4,원주
cctv00003122,500,영동고속도로,128070167.6,37446287.1,http://121.156.51.165:1935/ex/mp4:cctv.mp4/playlist.m3u8,rtsp://121.156.51.165:1935/ex/mp4:cctv.mp4,새말
cctv00003128,500,영동고속도로,128131513.3,37464779.4,http://121.156.51.165:1935/ex/mp4:cctv.mp4/playlist.m3u8,rtsp://121.156.51.165:1935/ex/mp4:cctv.mp4,횡성휴게소
cctv00003136,500,영동고속도로,128364918.2,37561480.1,http://121.156.51.165:1935/ex/mp4:cctv.mp4/playlist.m3u8,rtsp://121.156.51.165:1935/ex/mp4:cctv.mp4,면온
cctv00003139,500,영동고속도로,128486342.8,37629256.1,http://121.156.51.165:1935/ex/mp4:cctv.mp4/playlist.m3u8,rtsp://121.156.51.165:1935/ex/mp4:cctv.mp4,속사
cctv00003145,500,영동고속도로,128691820.4,37678594.8,http://121.156.51.165:1935/ex/mp4:cctv.mp4/playlist.m3u8,rtsp://121.156.51.165:1935/ex/mp4:cctv.mp4,횡계
cctv00003151,500,영동고속도로,128789127.5,37744920.2,http://121.156.51.165:1935/ex/mp4:cctv.mp4/playlist.m3u8,rtsp://121.156.51.165:1935/ex/mp4:cctv.mp4,보광리
cctv00003155,650,동해고속도로,128839108.1,37751949.3,http://121.156.51.165:1935/ex/mp4:cctv.mp4/playlist.m3u8,rtsp://121.156.51.165:1935/ex/mp4:cctv.mp4,강릉
cctv00003156,650,동해고속도로,128834545.1,37774131.8,http://121.156.51.165:1935/ex/mp4:cctv.mp4/playlist.m3u8,rtsp://121.156.51.165:1935/ex/mp4:cctv.mp4,강릉분기점
cctv00003158,650,동해고속도로,128815416.4,37838671.7,http://121.156.51.165:1935/ex/mp4:cctv.mp4/playlist.m3u8,rtsp://121.156.51.165:1935/ex/mp4:cctv.mp4,북강릉
cctv00003160,650,동해고속도로,128790940,37912727.6,http://121.156.51.165:1935/ex/mp4:cctv.mp4/playlist.m3u8,rtsp://121.156.51.165:1935/ex/mp4:cctv.mp4,현남
cctv00003161,650,동해고속도로,129096014.7,37516465.2,http://121.156.51.165:1935/ex/mp4:cctv.mp4/playlist.m3u8,rtsp://121.156.51.165:1935/ex/mp4:cctv.mp4,동해
cctv00003164,650,동해고속도로,129093315.3,37582233.5,http://121.156.51.165:1935/ex/mp4:cctv.mp4/playlist.m3u8,rtsp://121.156.51.165:1935/ex/mp4:cctv.mp4,망상
cctv00003166,650,동해고속도로,129035699.7,37621578.9,http://121.156.51.165:1935/ex/mp4:cctv.mp4/playlist.m3u8,rtsp://121.156.51.165:1935/ex/mp4:cctv.mp4,옥계
cctv00003170,650,동해고속도로,128888859.2,37695628.9,http://121.156.51.165:1935/ex/mp4:cctv.mp4/playlist.m3u8,rtsp://121.156.51.165:1935/ex/mp4:cctv.mp4,남강릉
cctv00003173,650,동해고속도로,129060238.3,37614690.5,http://121.156.51.165:1935/ex/mp4:cctv.mp4/playlist.m3u8,rtsp://121.156.51.165:1935/ex/mp4:cctv.mp4,옥계휴게소
cctv00003175,550,중앙고속도로,128137038.2,37143781.7,http://121.156.51.165:1935/ex/mp4:cctv.mp4/playlist.m3u8,rtsp://121.156.51.165:1935/ex/mp4:cctv.mp4,제천
cctv00003178,550,중앙고속도로,128038056.7,37258610.4,http://121.156.51.165:1935/ex/mp4:cctv.mp4/playlist.m3u8,rtsp://121.156.51.165:1935/ex/mp4:cctv.mp4,치악휴게소(춘천)
cctv00003180,550,중앙고속도로,127928366.5,37325704.3,http://121.156.51.165:1935/ex/mp4:cctv.mp4/playlist.m3u8,rtsp://121.156.51.165:1935/ex/mp4:cctv.mp4,남원주
cctv00003181,550,중앙고속도로,128363515,36918336.3,http://121.156.51.165:1935/ex/mp4:cctv.mp4/playlist.m3u8,rtsp://121.156.51.165:1935/ex/mp4:cctv.mp4,단양
cctv00003185,550,중앙고속도로,128285910.6,37017434.7,http://121.156.51.165:1935/ex/mp4:cctv.mp4/playlist.m3u8,rtsp://121.156.51.165:1935/ex/mp4:cctv.mp4,북단양
cctv00003187,550,중앙고속도로,128171808.5,37082781,http://121.156.51.165:1935/ex/mp4:cctv.mp4/playlist.m3u8,rtsp://121.156.51.165:1935/ex/mp4:cctv.mp4,남제천
cctv00003193,550,중앙고속도로,127973048.1,37507331.9,http://121.156.51.165:1935/ex/mp4:cctv.mp4/playlist.m3u8,rtsp://121.156.51.165:1935/ex/mp4:cctv.mp4,횡성
cctv00003197,550,중앙고속도로,127855236.4,37678421.1,http://121.156.51.165:1935/ex/mp4:cctv.mp4/playlist.m3u8,rtsp://121.156.51.165:1935/ex/mp4:cctv.mp4,홍천
cctv00003199,550,중앙고속도로,127792473.9,37741903.4,http://121.156.51.165:1935/ex/mp4:cctv.mp4/playlist.m3u8,rtsp://121.156.51.165:1935/ex/mp4:cctv.mp4,춘천분기점
cctv00003202,550,중앙고속도로,127758108.8,37845450.6,http://121.156.51.165:1935/ex/mp4:cctv.mp4/playlist.m3u8,rtsp://121.156.51.165:1935/ex/mp4:cctv.mp4,춘천
cctv00003206,450,중부내륙고속도로,127667620.4,37125191.2,http://121.156.51.165:1935/ex/mp4:cctv.mp4/playlist.m3u8,rtsp://121.156.51.165:1935/ex/mp4:cctv.mp4,감곡
cctv00003210,450,중부내륙고속도로,127798429.3,37034866.6,http://121.156.51.165:1935/ex/mp4:cctv.mp4/playlist.m3u8,rtsp://121.156.51.165:1935/ex/mp4:cctv.mp4,북충주
cctv00003213,450,중부내륙고속도로,127846184.8,36980100.2,http://121.156.51.165:1935/ex/mp4:cctv.mp4/playlist.m3u8,rtsp://121.156.51.165:1935/ex/mp4:cctv.mp4,충주
cctv00003217,450,중부내륙고속도로,127922655.6,36867430.3,http://121.156.51.165:1935/ex/mp4:cctv.mp4/playlist.m3u8,rtsp://121.156.51.165:1935/ex/mp4:cctv.mp4,괴산
cctv00003219,450,중부내륙고속도로,127985437.6,36764090.3,http://121.156.51.165:1935/ex/mp4:cctv.mp4/playlist.m3u8,rtsp://121.156.51.165:1935/ex/mp4:cctv.mp4,연풍
cctv00003796,500,영동고속도로,128215860.6,37495006.9,http://121.156.51.165:1935/ex/mp4:cctv.mp4/playlist.m3u8,rtsp://121.156.51.165:1935/ex/mp4:cctv.mp4,둔내
cctv00003797,500,영동고속도로,128418666.6,37593276.2,http://121.156.51.165:1935/ex/mp4:cctv.mp4/playlist.m3u8,rtsp://121.156.51.165:1935/ex/mp4:cctv.mp4,장평
cctv00003798,500,영동고속도로,128604320.9,37668165,http://121.156.51.165:1935/ex/mp4:cctv.mp4/playlist.m3u8,rtsp://121.156.51.165:1935/ex/mp4:cctv.mp4,진부
cctv00003805,550,중앙고속도로,127930065.7,37439970.3,http://121.156.51.165:1935/ex/mp4:cctv.mp4/playlist.m3u8,rtsp://121.156.51.165:1935/ex/mp4:cctv.mp4,원주휴게소
cctv00002316,650,동해고속도로,128836332.6,37767064.3,http://121.156.51.165:1935/ex/mp4:cctv.mp4/playlist.m3u8,rtsp://121.156.51.165:1935/ex/mp4:cctv.mp4,문수
cctv00002317,650,동해고속도로,128932418.5,37688768.5,http://121.156.51.165:1935/ex/mp4:cctv.mp4/playlist.m3u8,rtsp://121.156.51.165:1935/ex/mp4:cctv.mp4,온양
cctv00002318,650,동해고속도로,129089325.4,37589573.1,http://121.156.51.165:1935/ex/mp4:cctv.mp4/playlist.m3u8,rtsp://121.156.51.165:1935/ex/mp4:cctv.mp4,용소교
cctv00002319,650,동해고속도로,128824849.5,37801307,http://121.156.51.165:1935/ex/mp4:cctv.mp4/playlist.m3u8,rtsp://121.156.51.165:1935/ex/mp4:cctv.mp4,울산분기점1
cctv00002320,650,동해고속도로,129037434.3,37619255.4,http://121.156.51.165:1935/ex/mp4:cctv.mp4/playlist.m3u8,rtsp://121.156.51.165:1935/ex/mp4:cctv.mp4,일광
cctv00002321,650,동해고속도로,129013140.9,37657193.8,http://121.156.51.165:1935/ex/mp4:cctv.mp4/playlist.m3u8,rtsp://121.156.51.165:1935/ex/mp4:cctv.mp4,장안
cctv00002322,650,동해고속도로,128965966.5,37687628,http://121.156.51.165:1935/ex/mp4:cctv.mp4/playlist.m3u8,rtsp://121.156.51.165:1935/ex/mp4:cctv.mp4,장안휴게소
cctv00002323,650,동해고속도로,129096652.4,37572714.4,http://121.156.51.165:1935/ex/mp4:cctv.mp4/playlist.m3u8,rtsp://121.156.51.165:1935/ex/mp4:cctv.mp4,청강2교
cctv00002324,650,동해고속도로,128858028.2,37717252.9,http://121.156.51.165:1935/ex/mp4:cctv.mp4/playlist.m3u8,rtsp://121.156.51.165:1935/ex/mp4:cctv.mp4,청량
cctv00002325,650,동해고속도로,129095685.6,37520053.7,http://121.156.51.165:1935/ex/mp4:cctv.mp4/playlist.m3u8,rtsp://121.156.51.165:1935/ex/mp4:cctv.mp4,해운대
cctv00003634,10,경부고속도로,129052619.9,35380814.1,http://121.156.51.165:1935/ex/mp4:cctv.mp4/playlist.m3u8,rtsp://121.156.51.165:1935/ex/mp4:cctv.mp4,양산
cctv00003637,10,경부고속도로,129068318.7,35431587.3,http://121.156.51.165:1935/ex/mp4:cctv.mp4/playlist.m3u8,rtsp://121.156.51.165:1935/ex/mp4:cctv.mp4,선전교
cctv00003640,10,경부고속도로,129094831.8,35498143.6,http://121.156.51.165:1935/ex/mp4:cctv.mp4/playlist.m3u8,rtsp://121.156.51.165:1935/ex/mp4:cctv.mp4,통도사
cctv00003642,10,경부고속도로,129121177.5,35549040.3,http://121.156.51.165:1935/ex/mp4:cctv.mp4/playlist.m3u8,rtsp://121.156.51.165:1935/ex/mp4:cctv.mp4,서울산
cctv00003643,10,경부고속도로,129132131.8,35574665.9,http://121.156.51.165:1935/ex/mp4:cctv.mp4/playlist.m3u8,rtsp://121.156.51.165:1935/ex/mp4:cctv.mp4,언양분기점
cctv00003648,10,경부고속도로,129194877,35727505.5,http://121.156.51.165:1935/ex/mp4:cctv.mp4/playlist.m3u8,rtsp://121.156.51.165:1935/ex/mp4:cctv.mp4,경주휴게소
cctv00003651,10,경부고속도로,129186251,35805712.2,http://121.156.51.165:1935/ex/mp4:cctv.mp4/playlist.m3u8,rtsp://121.156.51.165:1935/ex/mp4:cctv.mp4,경주
cctv00003652,160,울산선고속도로,129140876.2,35557605.6,http://121.156.51.165:1935/ex/mp4:cctv.mp4/playlist.m3u8,rtsp://121.156.51.165:1935/ex/mp4:cctv.mp4,울산시점
cctv00003657,160,울산선고속도로,129260463.7,35551888,http://121.156.51.165:1935/ex/mp4:cctv.mp4/playlist.m3u8,rtsp://121.156.51.165:1935/ex/mp4:cctv.mp4,울산종점
cctv00003658,10,경부고속도로,129100000.3,35253653.1,http://121.156.51.165:1935/ex/mp4:cctv.mp4/playlist.m3u8,rtsp://121.156.51.165:1935/ex/mp4:cctv.mp4,구서
cctv00003659,10,경부고속도로,129107879.5,35270410.1,http://121.156.51.165:1935/ex/mp4:cctv.mp4/playlist.m3u8,rtsp://121.156.51.165:1935/ex/mp4:cctv.mp4,부산영업소
cctv00003663,10,경부고속도로,129044811.6,35328607.9,http://121.156.51.165:1935/ex/mp4:cctv.mp4/playlist.m3u8,rtsp://121.156.51.165:1935/ex/mp4:cctv.mp4,양산분기점
cctv00003666,100,남해고속도로,128855560.9,35219948.9,http://121.156.51.165:1935/ex/mp4:cctv.mp4/playlist.m3u8,rtsp://121.156.51.165:1935/ex/mp4:cctv.mp4,서김해
cctv00003668,100,남해고속도로,128909687.8,35224726.4,http://121.156.51.165:1935/ex/mp4:cctv.mp4/playlist.m3u8,rtsp://121.156.51.165:1935/ex/mp4:cctv.mp4,동김해
cctv00003674,550,중앙고속도로,128985132.9,35279585.5,http://121.156.51.165:1935/ex/mp4:cctv.mp4/playlist.m3u8,rtsp://121.156.51.165:1935/ex/mp4:cctv.mp4,대동분기점
cctv00003677,5510,중앙고속도로지선,129021747.8,35322853,http://121.156.51.165:1935/ex/mp4:cctv.mp4/playlist.m3u8,rtsp://121.156.51.165:1935/ex/mp4:cctv.mp4,남양산
cctv00003678,4510,중부내륙지선,128436659.6,35701881.9,http://121.156.51.165:1935/ex/mp4:cctv.mp4/playlist.m3u8,rtsp://121.156.51.165:1935/ex/mp4:cctv.mp4,현풍휴게소
cctv00003682,4510,중부내륙지선,128475971.1,35763722.8,http://121.156.51.165:1935/ex/mp4:cctv.mp4/playlist.m3u8,rtsp://121.156.51.165:1935/ex/mp4:cctv.mp4,달성
cctv00003685,450,중부내륙고속도로,128503541.8,35322419.8,http://121.156.51.165:1935/ex/mp4:cctv.mp4/playlist.m3u8,rtsp://121.156.51.165:1935/ex/mp4:cctv.mp4,칠서
cctv00003688,450,중부내륙고속도로,128482120.5,35402234.6,http://121.156.51.165:1935/ex/mp4:cctv.mp4/playlist.m3u8,rtsp://121.156.51.165:1935/ex/mp4:cctv.mp4,남지
cctv00003689,450,중부내륙고속도로,128512195.1,35458899.5,http://121.156.51.165:1935/ex/mp4:cctv.mp4/playlist.m3u8,rtsp://121.156.51.165:1935/ex/mp4:cctv.mp4,영산
cctv00003694,450,중부내륙고속도로,128476465.4,35543155.1,http://121.156.51.165:1935/ex/mp4:cctv.mp4/playlist.m3u8,rtsp://121.156.51.165:1935/ex/mp4:cctv.mp4,창녕
cctv00003698,1020,남해고속도로제1지선,128512717.9,35261076.1,http://121.156.51.165:1935/ex/mp4:cctv.mp4/playlist.m3u8,rtsp://121.156.51.165:1935/ex/mp4:cctv.mp4,내서분기점
cctv00003700,1020,남해고속도로제1지선,128565040.4,35236469.1,http://121.156.51.165:1935/ex/mp4:cctv.mp4/playlist.m3u8,rtsp://121.156.51.165:1935/ex/mp4:cctv.mp4,서마산
cctv00003702,1020,남해고속도로제1지선,128591529.9,35250851,http://121.156.51.165:1935/ex/mp4:cctv.mp4/playlist.m3u8,rtsp://121.156.51.165:1935/ex/mp4:cctv.mp4,동마산
cctv00003704,100,남해고속도로,128645926.3,35275024.7,http://121.156.51.165:1935/ex/mp4:cctv.mp4/playlist.m3u8,rtsp://121.156.51.165:1935/ex/mp4:cctv.mp4,창원분기점
cctv00003706,100,남해고속도로,128687731,35276326,http://121.156.51.165:1935/ex/mp4:cctv.mp4/playlist.m3u8,rtsp://121.156.51.165:1935/ex/mp4:cctv.mp4,동창원
cctv00003708,100,남해고속도로,128755601.6,35260709,http://121.156.51.165:1935/ex/mp4:cctv.mp4/playlist.m3u8,rtsp://121.156.51.165:1935/ex/mp4:cctv.mp4,진례
cctv00003710,100,남해고속도로,128791893.5,35221204.4,http://121.156.51.165:1935/ex/mp4:cctv.mp4/playlist.m3u8,rtsp://121.156.51.165:1935/ex/mp4:cctv.mp4,냉정분기점
cctv00003711,1040,남해고속도로제2지선,128795397.2,35210988,http://121.156.51.165:1935/ex/mp4:cctv.mp4/playlist.m3u8,rtsp://121.156.51.165:1935/ex/mp4:cctv.mp4,장유휴게소
cctv00003712,1040,남해고속도로제2지선,128810587.6,35195692.8,http://121.156.51.165:1935/ex/mp4:cctv.mp4/playlist.m3u8,rtsp://121.156.51.165:1935/ex/mp4:cctv.mp4,장유
cctv00003716,1040,남해고속도로제2지선,128899233.8,35165290.2,http://121.156.51.165:1935/ex/mp4:cctv.mp4/playlist.m3u8,rtsp://121.156.51.165:1935/ex/mp4:cctv.mp4,가락
cctv00003719,1040,남해고속도로제2지선,128961889.2,35154495.6,http://121.156.51.165:1935/ex/mp4:cctv.mp4/playlist.m3u8,rtsp://121.156.51.165:1935/ex/mp4:cctv.mp4,서부산종점
cctv00003722,100,남해고속도로,128604544,35286842.2,http://121.156.51.165:1935/ex/mp4:cctv.mp4/playlist.m3u8,rtsp://121.156.51.165:1935/ex/mp4:cctv.mp4,북창원
cctv00003724,100,남해고속도로,127828796.6,35003761.7,http://121.156.51.165:1935/ex/mp4:cctv.mp4/playlist.m3u8,rtsp://121.156.51.165:1935/ex/mp4:cctv.mp4,하동
cctv00003726,100,남해고속도로,127907989.4,35043215.3,http://121.156.51.165:1935/ex/mp4:cctv.mp4/playlist.m3u8,rtsp://121.156.51.165:1935/ex/mp4:cctv.mp4,진교
cctv00003728,100,남해고속도로,127966942.8,35056961.8,http://121.156.51.165:1935/ex/mp4:cctv.mp4/playlist.m3u8,rtsp://121.156.51.165:1935/ex/mp4:cctv.mp4,곤양
cctv00003729,100,남해고속도로,128003545.7,35074599.7,http://121.156.51.165:1935/ex/mp4:cctv.mp4/playlist.m3u8,rtsp://121.156.51.165:1935/ex/mp4:cctv.mp4,사천휴게소
cctv00003732,100,남해고속도로,128082638.3,35111904.8,http://121.156.51.165:1935/ex/mp4:cctv.mp4/playlist.m3u8,rtsp://121.156.51.165:1935/ex/mp4:cctv.mp4,사천
cctv00003734,100,남해고속도로,128120913.9,35160875.3,http://121.156.51.165:1935/ex/mp4:cctv.mp4/playlist.m3u8,rtsp://121.156.51.165:1935/ex/mp4:cctv.mp4,진주
cctv00003736,100,남해고속도로,128149353.6,35169951.4,http://121.156.51.165:1935/ex/mp4:cctv.mp4/playlist.m3u8,rtsp://121.156.51.165:1935/ex/mp4:cctv.mp4,문산휴게소
cctv00003742,100,남해고속도로,128274651.6,35238066.2,http://121.156.51.165:1935/ex/mp4:cctv.mp4/playlist.m3u8,rtsp://121.156.51.165:1935/ex/mp4:cctv.mp4,지수
cctv00003744,100,남해고속도로,128278997.9,35264135.4,http://121.156.51.165:1935/ex/mp4:cctv.mp4/playlist.m3u8,rtsp://121.156.51.165:1935/ex/mp4:cctv.mp4,남강휴게소
cctv00003745,100,남해고속도로,128294753.2,35275060.9,http://121.156.51.165:1935/ex/mp4:cctv.mp4/playlist.m3u8,rtsp://121.156.51.165:1935/ex/mp4:cctv.mp4,군북
cctv00003746,100,남해고속도로,128342554.3,35292889.6,http://121.156.51.165:1935/ex/mp4:cctv.mp4/playlist.m3u8,rtsp://121.156.51.165:1935/ex/mp4:cctv.mp4,장지
cctv00003930,100,남해고속도로,128974173.4,35219281.8,http://121.156.51.165:1935/ex/mp4:cctv.mp4/playlist.m3u8,rtsp://121.156.51.165:1935/ex/mp4:cctv.mp4,대저
cctv00002300,10,경부고속도로,128697112.3,35884188,http://121.156.51.165:1935/ex/mp4:cctv.mp4/playlist.m3u8,rtsp://121.156.51.165:1935/ex/mp4:cctv.mp4,동대구
cctv00003483,10,경부고속도로,128002881.9,36192323.5,http://121.156.51.165:1935/ex/mp4:cctv.mp4/playlist.m3u8,rtsp://121.156.51.165:1935/ex/mp4:cctv.mp4,추풍령휴게소
cctv00003488,10,경부고속도로,128092705.3,36133910.5,http://121.156.51.165:1935/ex/mp4:cctv.mp4/playlist.m3u8,rtsp://121.156.51.165:1935/ex/mp4:cctv.mp4,김천
cctv00003490,10,경부고속도로,128145666.7,36127401.1,http://121.156.51.165:1935/ex/mp4:cctv.mp4/playlist.m3u8,rtsp://121.156.51.165:1935/ex/mp4:cctv.mp4,신촌
cctv00003495,10,경부고속도로,128357092.2,36120606.4,http://121.156.51.165:1935/ex/mp4:cctv.mp4/playlist.m3u8,rtsp://121.156.51.165:1935/ex/mp4:cctv.mp4,구미
cctv00003497,10,경부고속도로,128371746.6,36069991.1,http://121.156.51.165:1935/ex/mp4:cctv.mp4/playlist.m3u8,rtsp://121.156.51.165:1935/ex/mp4:cctv.mp4,남구미
cctv00003499,10,경부고속도로,128430528.6,36019208.5,http://121.156.51.165:1935/ex/mp4:cctv.mp4/playlist.m3u8,rtsp://121.156.51.165:1935/ex/mp4:cctv.mp4,칠곡휴게소
cctv00003503,10,경부고속도로,128528562.5,35892630.9,http://121.156.51.165:1935/ex/mp4:cctv.mp4/playlist.m3u8,rtsp://121.156.51.165:1935/ex/mp4:cctv.mp4,금호분기점
cctv00003505,10,경부고속도로,128582078.9,35909363.5,http://121.156.51.165:1935/ex/mp4:cctv.mp4/playlist.m3u8,rtsp://121.156.51.165:1935/ex/mp4:cctv.mp4,북대구
cctv00003507,10,경부고속도로,128652668.5,35915443.7,http://121.156.51.165:1935/ex/mp4:cctv.mp4/playlist.m3u8,rtsp://121.156.51.165:1935/ex/mp4:cctv.mp4,도동분기점
cctv00003512,10,경부고속도로,128784376.4,35877412.2,http://121.156.51.165:1935/ex/mp4:cctv.mp4/playlist.m3u8,rtsp://121.156.51.165:1935/ex/mp4:cctv.mp4,경산
cctv00003515,10,경부고속도로,128851328.2,35882763.4,http://121.156.51.165:1935/ex/mp4:cctv.mp4/playlist.m3u8,rtsp://121.156.51.165:1935/ex/mp4:cctv.mp4,평사휴게소
cctv00003528,10,경부고속도로,129096397.8,35834562.9,http://121.156.51.165:1935/ex/mp4:cctv.mp4/playlist.m3u8,rtsp://121.156.51.165:1935/ex/mp4:cctv.mp4,건천휴게소
cctv00003532,120,88올림픽고속도로,128454455.2,35784478.7,http://121.156.51.165:1935/ex/mp4:cctv.mp4/playlist.m3u8,rtsp://121.156.51.165:1935/ex/mp4:cctv.mp4,옥포분기점
cctv00003533,120,88올림픽고속도로,128429322.2,35768934.7,http://121.156.51.165:1935/ex/mp4:cctv.mp4/playlist.m3u8,rtsp://121.156.51.165:1935/ex/mp4:cctv.mp4,금포
cctv00003535,120,88올림픽고속도로,128376887,35758901.4,http://121.156.51.165:1935/ex/mp4:cctv.mp4/playlist.m3u8,rtsp://121.156.51.165:1935/ex/mp4:cctv.mp4,동고령분기점
cctv00003538,120,88올림픽고속도로,128251963.9,35701756.4,http://121.156.51.165:1935/ex/mp4:cctv.mp4/playlist.m3u8,rtsp://121.156.51.165:1935/ex/mp4:cctv.mp4,고령
cctv00003540,120,88올림픽고속도로,128175693.1,35709771.5,http://121.156.51.165:1935/ex/mp4:cctv.mp4/playlist.m3u8,rtsp://121.156.51.165:1935/ex/mp4:cctv.mp4,해인사
cctv00003546,120,88올림픽고속도로,128059217.1,35707196.9,http://121.156.51.165:1935/ex/mp4:cctv.mp4/playlist.m3u8,rtsp://121.156.51.165:1935/ex/mp4:cctv.mp4,거창휴게소
cctv00003552,120,88올림픽고속도로,127897275.6,35627786.2,http://121.156.51.165:1935/ex/mp4:cctv.mp4/playlist.m3u8,rtsp://121.156.51.165:1935/ex/mp4:cctv.mp4,거창
cctv00003554,120,88올림픽고속도로,127840013.5,35562745.8,http://121.156.51.165:1935/ex/mp4:cctv.mp4/playlist.m3u8,rtsp://121.156.51.165:1935/ex/mp4:cctv.mp4,죽산휴게소
cctv00003555,120,88올림픽고속도로,127782692.9,35541697.9,http://121.156.51.165:1935/ex/mp4:cctv.mp4/playlist.m3u8,rtsp://121.156.51.165:1935/ex/mp4:cctv.mp4,함양분기점
cctv00003556,120,88올림픽고속도로,127755054.5,35532331.8,http://121.156.51.165:1935/ex/mp4:cctv.mp4/playlist.m3u8,rtsp://121.156.51.165:1935/ex/mp4:cctv.mp4,함양
cctv00003559,550,중앙고속도로,128535229.7,35934899.1,http://121.156.51.165:1935/ex/mp4:cctv.mp4/playlist.m3u8,rtsp://121.156.51.165:1935/ex/mp4:cctv.mp4,칠곡
cctv00003563,550,중앙고속도로,128550469.9,36001606.2,http://121.156.51.165:1935/ex/mp4:cctv.mp4/playlist.m3u8,rtsp://121.156.51.165:1935/ex/mp4:cctv.mp4,동명휴게소
cctv00003569,550,중앙고속도로,128534146.1,36090206.4,http://121.156.51.165:1935/ex/mp4:cctv.mp4/playlist.m3u8,rtsp://121.156.51.165:1935/ex/mp4:cctv.mp4,가산
cctv00003573,550,중앙고속도로,128560984.3,36204540.9,http://121.156.51.165:1935/ex/mp4:cctv.mp4/playlist.m3u8,rtsp://121.156.51.165:1935/ex/mp4:cctv.mp4,군위
cctv00003574,550,중앙고속도로,128580813.2,36289413.5,http://121.156.51.165:1935/ex/mp4:cctv.mp4/playlist.m3u8,rtsp://121.156.51.165:1935/ex/mp4:cctv.mp4,의성
cctv00003580,550,중앙고속도로,128619392.9,36477436.9,http://121.156.51.165:1935/ex/mp4:cctv.mp4/playlist.m3u8,rtsp://121.156.51.165:1935/ex/mp4:cctv.mp4,남안동
cctv00003583,550,중앙고속도로,128626967.2,36588566.6,http://121.156.51.165:1935/ex/mp4:cctv.mp4/playlist.m3u8,rtsp://121.156.51.165:1935/ex/mp4:cctv.mp4,서안동
cctv00003585,550,중앙고속도로,128543338.1,36669562.9,http://121.156.51.165:1935/ex/mp4:cctv.mp4/playlist.m3u8,rtsp://121.156.51.165:1935/ex/mp4:cctv.mp4,예천
cctv00003588,550,중앙고속도로,128571405,36770477.5,http://121.156.51.165:1935/ex/mp4:cctv.mp4/playlist.m3u8,rtsp://121.156.51.165:1935/ex/mp4:cctv.mp4,영주
cctv00003590,550,중앙고속도로,128532829.2,36851235.7,http://121.156.51.165:1935/ex/mp4:cctv.mp4/playlist.m3u8,rtsp://121.156.51.165:1935/ex/mp4:cctv.mp4,풍기
cctv00003599,450,중부내륙고속도로,128155051.8,36614564.6,http://121.156.51.165:1935/ex/mp4:cctv.mp4/playlist.m3u8,rtsp://121.156.51.165:1935/ex/mp4:cctv.mp4,문경휴게소
cctv00003602,450,중부내륙고속도로,128167533.3,36532525.9,http://121.156.51.165:1935/ex/mp4:cctv.mp4/playlist.m3u8,rtsp://121.156.51.165:1935/ex/mp4:cctv.mp4,북상주
cctv00003607,450,중부내륙고속도로,128213517.7,36421637.2,http://121.156.51.165:1935/ex/mp4:cctv.mp4/playlist.m3u8,rtsp://121.156.51.165:1935/ex/mp4:cctv.mp4,상주
cctv00003611,450,중부내륙고속도로,128221762.1,36336298.1,http://121.156.51.165:1935/ex/mp4:cctv.mp4/playlist.m3u8,rtsp://121.156.51.165:1935/ex/mp4:cctv.mp4,유곡
cctv00003614,450,중부내륙고속도로,128259768.1,36243646.5,http://121.156.51.165:1935/ex/mp4:cctv.mp4/playlist.m3u8,rtsp://121.156.51.165:1935/ex/mp4:cctv.mp4,선산
cctv00003616,450,중부내륙고속도로,128266669.8,36157113.1,http://121.156.51.165:1935/ex/mp4:cctv.mp4/playlist.m3u8,rtsp://121.156.51.165:1935/ex/mp4:cctv.mp4,김천분기점
cctv00003896,10,경부고속도로,129162508,35818338.6,http://121.156.51.165:1935/ex/mp4:cctv.mp4/playlist.m3u8,rtsp://121.156.51.165:1935/ex/mp4:cctv.mp4,광명
cctv00003898,450,중부내륙고속도로,128431867.4,35680520.9,http://121.156.51.165:1935/ex/mp4:cctv.mp4/playlist.m3u8,rtsp://121.156.51.165:1935/ex/mp4:cctv.mp4,현풍분기점
cctv00003903,450,중부내륙고속도로,128374843,35753816.5,http://121.156.51.165:1935/ex/mp4:cctv.mp4/playlist.m3u8,rtsp://121.156.51.165:1935/ex/mp4:cctv.mp4,고령분기점
cctv00003908,450,중부내륙고속도로,128327571.6,35836230.9,http://121.156.51.165:1935/ex/mp4:cctv.mp4/playlist.m3u8,rtsp://121.156.51.165:1935/ex/mp4:cctv.mp4,남성주
cctv00003914,450,중부내륙고속도로,128251302.1,35917908.6,http://121.156.51.165:1935/ex/mp4:cctv.mp4/playlist.m3u8,rtsp://121.156.51.165:1935/ex/mp4:cctv.mp4,성주
cctv00003919,450,중부내륙고속도로,128259722.1,36007995.7,http://121.156.51.165:1935/ex/mp4:cctv.mp4/playlist.m3u8,rtsp://121.156.51.165:1935/ex/mp4:cctv.mp4,성주휴게소
cctv00003942,10,경부고속도로,128263113.9,36160829.7,http://121.156.51.165:1935/ex/mp4:cctv.mp4/playlist.m3u8,rtsp://121.156.51.165:1935/ex/mp4:cctv.mp4,김천분기점
cctv00003348,250,호남고속도로,127079824,35926636.6,http://121.156.51.165:1935/ex/mp4:cctv.mp4/playlist.m3u8,rtsp://121.156.51.165:1935/ex/mp4:cctv.mp4,삼례
cctv00003350,250,호남고속도로,127032793.9,35825734.2,http://121.156.51.165:1935/ex/mp4:cctv.mp4/playlist.m3u8,rtsp://121.156.51.165:1935/ex/mp4:cctv.mp4,서전주
cctv00003351,250,호남고속도로,126999877.1,35772776.6,http://121.156.51.165:1935/ex/mp4:cctv.mp4/playlist.m3u8,rtsp://121.156.51.165:1935/ex/mp4:cctv.mp4,김제
cctv00003355,250,호남고속도로,126925846.2,35660740.8,http://121.156.51.165:1935/ex/mp4:cctv.mp4/playlist.m3u8,rtsp://121.156.51.165:1935/ex/mp4:cctv.mp4,태인
cctv00003359,250,호남고속도로,126833613.1,35581757,http://121.156.51.165:1935/ex/mp4:cctv.mp4/playlist.m3u8,rtsp://121.156.51.165:1935/ex/mp4:cctv.mp4,정읍
cctv00003361,250,호남고속도로,126801194,35507402,http://121.156.51.165:1935/ex/mp4:cctv.mp4/playlist.m3u8,rtsp://121.156.51.165:1935/ex/mp4:cctv.mp4,내장산
cctv00003365,250,호남고속도로,126808025.8,35439673.9,http://121.156.51.165:1935/ex/mp4:cctv.mp4/playlist.m3u8,rtsp://121.156.51.165:1935/ex/mp4:cctv.mp4,백양사
cctv00003369,250,호남고속도로,126808776.5,35336186.2,http://121.156.51.165:1935/ex/mp4:cctv.mp4/playlist.m3u8,rtsp://121.156.51.165:1935/ex/mp4:cctv.mp4,장성분기점
cctv00003372,250,호남고속도로,126785429.2,35295216.9,http://121.156.51.165:1935/ex/mp4:cctv.mp4/playlist.m3u8,rtsp://121.156.51.165:1935/ex/mp4:cctv.mp4,장성
cctv00003377,250,호남고속도로,126828238.1,35215812.7,http://121.156.51.165:1935/ex/mp4:cctv.mp4/playlist.m3u8,rtsp://121.156.51.165:1935/ex/mp4:cctv.mp4,광산
cctv00003380,250,호남고속도로,126881911.6,35184825.2,http://121.156.51.165:1935/ex/mp4:cctv.mp4/playlist.m3u8,rtsp://121.156.51.165:1935/ex/mp4:cctv.mp4,서광주
cctv00003382,250,호남고속도로,126925623.9,35182441.5,http://121.156.51.165:1935/ex/mp4:cctv.mp4/playlist.m3u8,rtsp://121.156.51.165:1935/ex/mp4:cctv.mp4,동광주
cctv00003385,250,호남고속도로,126963859.3,35223827.3,http://121.156.51.165:1935/ex/mp4:cctv.mp4/playlist.m3u8,rtsp://121.156.51.165:1935/ex/mp4:cctv.mp4,고서분기점
cctv00003387,250,호남고속도로,127040417.9,35246667.7,http://121.156.51.165:1935/ex/mp4:cctv.mp4/playlist.m3u8,rtsp://121.156.51.165:1935/ex/mp4:cctv.mp4,대덕분기점
cctv00003389,250,호남고속도로,127090633.9,35263600.3,http://121.156.51.165:1935/ex/mp4:cctv.mp4/playlist.m3u8,rtsp://121.156.51.165:1935/ex/mp4:cctv.mp4,오례
cctv00003393,120,88올림픽고속도로,126969773.4,35249700.9,http://121.156.51.165:1935/ex/mp4:cctv.mp4/playlist.m3u8,rtsp://121.156.51.165:1935/ex/mp4:cctv.mp4,담양분기점
cctv00003394,140,고창담양선,126767806,35349830.1,http://121.156.51.165:1935/ex/mp4:cctv.mp4/playlist.m3u8,rtsp://121.156.51.165:1935/ex/mp4:cctv.mp4,장성물류
cctv00003396,140,고창담양선,126806901.2,35328189.5,http://121.156.51.165:1935/ex/mp4:cctv.mp4/playlist.m3u8,rtsp://121.156.51.165:1935/ex/mp4:cctv.mp4,장성분기점
cctv00003398,140,고창담양선,126889257.2,35262709.9,http://121.156.51.165:1935/ex/mp4:cctv.mp4/playlist.m3u8,rtsp://121.156.51.165:1935/ex/mp4:cctv.mp4,북광주
cctv00003400,140,고창담양선,126937009.1,35247775.6,http://121.156.51.165:1935/ex/mp4:cctv.mp4/playlist.m3u8,rtsp://121.156.51.165:1935/ex/mp4:cctv.mp4,와우
cctv00003402,140,고창담양선,127032105.1,35247020.5,http://121.156.51.165:1935/ex/mp4:cctv.mp4/playlist.m3u8,rtsp://121.156.51.165:1935/ex/mp4:cctv.mp4,대덕분기점
cctv00003405,250,호남고속도로,127253446.6,35137822.8,http://121.156.51.165:1935/ex/mp4:cctv.mp4/playlist.m3u8,rtsp://121.156.51.165:1935/ex/mp4:cctv.mp4,석곡
cctv00003406,250,호남고속도로,127265937.4,35073870.7,http://121.156.51.165:1935/ex/mp4:cctv.mp4/playlist.m3u8,rtsp://121.156.51.165:1935/ex/mp4:cctv.mp4,주암
cctv00003411,250,호남고속도로,127376987.8,35014080.4,http://121.156.51.165:1935/ex/mp4:cctv.mp4/playlist.m3u8,rtsp://121.156.51.165:1935/ex/mp4:cctv.mp4,승주
cctv00003413,250,호남고속도로,127440941.3,35010556.5,http://121.156.51.165:1935/ex/mp4:cctv.mp4/playlist.m3u8,rtsp://121.156.51.165:1935/ex/mp4:cctv.mp4,순천휴게소
cctv00003415,100,남해고속도로,127484640.4,35003116.3,http://121.156.51.165:1935/ex/mp4:cctv.mp4/playlist.m3u8,rtsp://121.156.51.165:1935/ex/mp4:cctv.mp4,서순천
cctv00003416,100,남해고속도로,127518274.3,34986937.9,http://121.156.51.165:1935/ex/mp4:cctv.mp4/playlist.m3u8,rtsp://121.156.51.165:1935/ex/mp4:cctv.mp4,순천
cctv00003417,100,남해고속도로,127605234.8,34971525.3,http://121.156.51.165:1935/ex/mp4:cctv.mp4/playlist.m3u8,rtsp://121.156.51.165:1935/ex/mp4:cctv.mp4,광양
cctv00003418,100,남해고속도로,127646677.8,34965155.5,http://121.156.51.165:1935/ex/mp4:cctv.mp4/playlist.m3u8,rtsp://121.156.51.165:1935/ex/mp4:cctv.mp4,동광양
cctv00003421,100,남해고속도로,127706445.9,34986726.7,http://121.156.51.165:1935/ex/mp4:cctv.mp4/playlist.m3u8,rtsp://121.156.51.165:1935/ex/mp4:cctv.mp4,옥곡
cctv00003423,100,남해고속도로,127750185,34980323.5,http://121.156.51.165:1935/ex/mp4:cctv.mp4/playlist.m3u8,rtsp://121.156.51.165:1935/ex/mp4:cctv.mp4,진월
cctv00003424,100,남해고속도로,127770735.9,34985629.5,http://121.156.51.165:1935/ex/mp4:cctv.mp4/playlist.m3u8,rtsp://121.156.51.165:1935/ex/mp4:cctv.mp4,섬진강휴게소
cctv00003429,120,88올림픽고속도로,127594441.5,35488345.7,http://121.156.51.165:1935/ex/mp4:cctv.mp4/playlist.m3u8,rtsp://121.156.51.165:1935/ex/mp4:cctv.mp4,지리산
cctv00003435,120,88올림픽고속도로,127399944,35430892.1,http://121.156.51.165:1935/ex/mp4:cctv.mp4/playlist.m3u8,rtsp://121.156.51.165:1935/ex/mp4:cctv.mp4,남원
cctv00003440,120,88올림픽고속도로,127146458,35362686.8,http://121.156.51.165:1935/ex/mp4:cctv.mp4/playlist.m3u8,rtsp://121.156.51.165:1935/ex/mp4:cctv.mp4,순창
cctv00003448,150,서해안고속도로,126839021.6,35831553.8,http://121.156.51.165:1935/ex/mp4:cctv.mp4/playlist.m3u8,rtsp://121.156.51.165:1935/ex/mp4:cctv.mp4,서김제
cctv00003451,150,서해안고속도로,126767659.6,35724779.4,http://121.156.51.165:1935/ex/mp4:cctv.mp4/playlist.m3u8,rtsp://121.156.51.165:1935/ex/mp4:cctv.mp4,부안
cctv00003456,150,서해안고속도로,126696404.6,35598312.5,http://121.156.51.165:1935/ex/mp4:cctv.mp4/playlist.m3u8,rtsp://121.156.51.165:1935/ex/mp4:cctv.mp4,줄포
cctv00003458,150,서해안고속도로,126690668.2,35542963.5,http://121.156.51.165:1935/ex/mp4:cctv.mp4/playlist.m3u8,rtsp://121.156.51.165:1935/ex/mp4:cctv.mp4,후포
cctv00003461,150,서해안고속도로,126664803,35441958.9,http://121.156.51.165:1935/ex/mp4:cctv.mp4/playlist.m3u8,rtsp://121.156.51.165:1935/ex/mp4:cctv.mp4,고창
cctv00003464,150,서해안고속도로,126599158.8,35374127.6,http://121.156.51.165:1935/ex/mp4:cctv.mp4/playlist.m3u8,rtsp://121.156.51.165:1935/ex/mp4:cctv.mp4,덕림
cctv00003466,150,서해안고속도로,126558070.5,35299561.7,http://121.156.51.165:1935/ex/mp4:cctv.mp4/playlist.m3u8,rtsp://121.156.51.165:1935/ex/mp4:cctv.mp4,영광
cctv00003468,150,서해안고속도로,126490981.2,35218731.6,http://121.156.51.165:1935/ex/mp4:cctv.mp4/playlist.m3u8,rtsp://121.156.51.165:1935/ex/mp4:cctv.mp4,부춘
cctv00003470,150,서해안고속도로,126483536.5,35169347.4,http://121.156.51.165:1935/ex/mp4:cctv.mp4/playlist.m3u8,rtsp://121.156.51.165:1935/ex/mp4:cctv.mp4,백운
cctv00003472,150,서해안고속도로,126481638.1,35099143.7,http://121.156.51.165:1935/ex/mp4:cctv.mp4/playlist.m3u8,rtsp://121.156.51.165:1935/ex/mp4:cctv.mp4,함평
cctv00003475,150,서해안고속도로,126492489,35005679.1,http://121.156.51.165:1935/ex/mp4:cctv.mp4/playlist.m3u8,rtsp://121.156.51.165:1935/ex/mp4:cctv.mp4,무안
cctv00003480,150,서해안고속도로,126492693,34872372.3,http://121.156.51.165:1935/ex/mp4:cctv.mp4/playlist.m3u8,rtsp://121.156.51.165:1935/ex/mp4:cctv.mp4,목포요금소
cctv00003849,120,무안광주선,127085537.6,35353963.8,http://121.156.51.165:1935/ex/mp4:cctv.mp4/playlist.m3u8,rtsp://121.156.51.165:1935/ex/mp4:cctv.mp4,문평
cctv00003851,120,무안광주선,127176900.8,35365320.1,http://121.156.51.165:1935/ex/mp4:cctv.mp4/playlist.m3u8,rtsp://121.156.51.165:1935/ex/mp4:cctv.mp4,나주
cctv00003854,140,고창담양선,126674095.9,35402876.6,http://121.156.51.165:1935/ex/mp4:cctv.mp4/playlist.m3u8,rtsp://121.156.51.165:1935/ex/mp4:cctv.mp4,남고창
cctv00003884,120,무안광주선,126959854.4,35225924.8,http://121.156.51.165:1935/ex/mp4:cctv.mp4/playlist.m3u8,rtsp://121.156.51.165:1935/ex/mp4:cctv.mp4,무안공항
cctv00003888,120,무안광주선,127048143.7,35333508,http://121.156.51.165:1935/ex/mp4:cctv.mp4/playlist.m3u8,rtsp://121.156.51.165:1935/ex/mp4:cctv.mp4,동함평
cctv00004001,120,무안광주선,127219704.7,35379229.5,http://121.156.51.165:1935/ex/mp4:cctv.mp4/playlist.m3u8,rtsp://121.156.51.165:1935/ex/mp4:cctv.mp4,서광산
